Workbook

Sheet 1-專案資訊
A1: RC 數量計算模板 v5
A2: 搭接40D / 彎鉤12D / FY自動判定 / 搭接次數統計
A4: 專案名稱
A5: 填表日期
A6: 填表人員
A8: ▎ 全域單價設定
A9: 混凝土 fc'=210 kgf/cm2 (元/m3) | B9: 2800 | C9: 地坪鋪面
A10: 混凝土 fc'=280 kgf/cm2 (元/m3) | B10: 3500 | C10: 結構體
A11: 鋼筋SD280單價 (元/噸) | B11: 26000
A12: 鋼筋SD420單價 (元/噸) | B12: 28000
A13: 模板單價 (元/m2) | B13: 450 | C13: 含支撐
A14: 粉光單價 (元/m2) | B14: 250
A15: PC墊層 fc'=140 kgf/cm2 (元/m3) | B15: 2500
A16: 開挖單價 (元/m3) | B16: 180 | C16: 機械開挖
A17: 回填單價 (元/m3) | B17: 150 | C17: 夯實
A18: 鋼絲網單價 (元/噸) | B18: 35000
A19: 鋼筋損耗率 | B19: 0 | C19: 0%
A20: 模板損耗率 | B20: 0.05
A23: ▎ 鋼筋規格表（#3~#5=SD280, #6~#11=SD420）
A24: 鋼筋號數 | B24: db (mm) | C24: As (cm2) | D24: 單位重 (kg/m) | E24: db (cm) | F24: FY等級 | G24: fy (kgf/cm2) | H24: 搭接40D (cm) | I24: 彎鉤12D (cm)
A25: #3 (D10) | B25: 9.53 | C25: 0.7133 | D25: 0.56 | E25: 0.953 | F25: SD280 | G25: 2800 | H25: 38.1 | I25: 11.4
A26: #4 (D13) | B26: 12.7 | C26: 1.267 | D26: 0.994 | E26: 1.27 | F26: SD280 | G26: 2800 | H26: 50.8 | I26: 15.2
A27: #5 (D16) | B27: 15.88 | C27: 1.979 | D27: 1.56 | E27: 1.588 | F27: SD280 | G27: 2800 | H27: 63.5 | I27: 19.1
A28: #6 (D19) | B28: 19.05 | C28: 2.85 | D28: 2.24 | E28: 1.905 | F28: SD420 | G28: 4200 | H28: 76.2 | I28: 22.9
A29: #7 (D22) | B29: 22.23 | C29: 3.871 | D29: 3.04 | E29: 2.223 | F29: SD420 | G29: 4200 | H29: 88.9 | I29: 26.7
A30: #8 (D25) | B30: 25.4 | C30: 5.067 | D30: 3.98 | E30: 2.54 | F30: SD420 | G30: 4200 | H30: 101.6 | I30: 30.5
A31: #9 (D29) | B31: 28.65 | C31: 6.469 | D31: 5.08 | E31: 2.865 | F31: SD420 | G31: 4200 | H31: 114.6 | I31: 34.4
A32: #10 (D32) | B32: 32.26 | C32: 8.143 | D32: 6.39 | E32: 3.226 | F32: SD420 | G32: 4200 | H32: 129 | I32: 38.7
A33: #11 (D36) | B33: 35.81 | C33: 10.07 | D33: 7.9 | E33: 3.581 | F33: SD420 | G33: 4200 | H33: 143.2 | I33: 43
A36: ▎ 鋼絲網規格表
A37: 規格 | B37: 單位重 (kg/m2)
A38: φ6@150x150 | B38: 3.7
A51: ▎ 數量計算基準
A52: 項目 | B52: 規定
A53: 鋼筋搭接 | B53: 40D
A54: 鋼筋彎鉤 | B54: 12D
A55: FY判定 | B55: #3~#5=SD280; #6~#11=SD420
A56: 鋼筋損耗 | B56: 0%
A57: 尺寸量測 | B57: 柱心到柱心
A58: 混凝土 | B58: 不扣鋼筋重
A59: 開挖 | B59: 梯形計算(實方)
A60: 回填 | B60: 扣除混凝土體積
A61: 粉光 | B61: 不扣柱基礎
A62: 模板 | B62: 門窗內緣不計

Sheet 2-型式庫
A1: 配筋型式庫
A4: ▎ 柱
A5: 代號 | B5: 描述 | C5: 主筋 | D5: 支數 | E5: 箍筋 | F5: 間距 | G5: 繫筋
A6: C-01 | B6: 40x40-8#7 | C6: #7 (D22) | D6: 8 | E6: #4 (D13) | F6: 150 | G6: 0
A7: C-02 | B7: 60x60-12#8+4繫 | C7: #8 (D25) | D7: 12 | E7: #4 (D13) | F7: 150 | G7: 4
A10: ▎ 梁
A11: 代號 | B11: 描述 | C11: 上筋 | D11: 上支 | E11: 下筋 | F11: 下支 | G11: 箍筋 | H11: 密箍 | I11: 疏箍 | J11: 腰筋
A12: G-01 | B12: 30x60 | C12: #8 (D25) | D12: 3 | E12: #8 (D25) | F12: 4 | G12: #4 (D13) | H12: 150 | I12: 200 | J12: 0
A13: B-01 | B13: 25x45 | C13: #6 (D19) | D13: 2 | E13: #6 (D19) | F13: 3 | G13: #3 (D10) | H13: 200 | I13: 200 | J13: 0
A16: ▎ 版/牆/地坪/基礎/樓梯
A17: 代號 | B17: 描述 | C17: 筋號數 | D17: 間距 | E17: 鋼絲網 | F17: 備註
A18: S-01 | B18: 版t=15 #4@200雙層 | C18: #4 (D13) | D18: 200 | E18: 無 | F18: fc280
A19: W-01 | B19: 牆t=20 #4@200雙面 | C19: #4 (D13) | D19: 200 | E19: 無 | F19: fc280
A20: F-01 | B20: 地坪t=15 WWM+#4 | C20: #4 (D13) | D20: 200 | E20: φ4.0@150x150 | F20: fc210
A21: FD-01 | B21: 獨基 #6@200 | C21: #6 (D19) | D21: 200 | E21: 無 | F21: fc280
A22: EQ-01 | B22: 小設備 #4@200 | C22: #4 (D13) | D22: 200 | E22: φ4.0@150x150 | F22: fc280
A23: ST-01 | B23: 樓梯t=18 #5@150 | C23: #5 (D16) | D23: 150 | E23: 無 | F23: fc280

Sheet 3-柱
A1: 柱 數量計算表
A2: 主筋含搭接40D。箍筋繫筋含12D彎鉤。B3=預設鋼筋長度。
A3: 預設鋼筋長度 (m): | B3: 6 | C3: ← 可調整
A4: No | B4: 樓層 | C4: 柱編號 | D4: ▼型式 | E4: B (mm) | F4: D (mm) | G4: H (mm) | H4: 數量 | I4: ▼主筋 | J4: 支數 | K4: ▼箍筋 | L4: 間距 (mm) | M4: 繫筋 | N4: 混凝土 (m3) | O4: 主筋重 (kg) | P4: 箍筋重 (kg) | Q4: 繫筋重 (kg) | R4: 模板 (m2) | S4: 主筋搭接次數 | T4: 搭接長度 (m) | U4: SD280 (kg) | V4: SD420 (kg)
A5: 1 | N5: =IF(AND(E5<>"",F5<>"",G5<>"",H5<>""),E5*F5*G5/1000000000*H5,0) | O5: =IF(AND(I5<>"",J5<>"",G5<>"",H5<>""),VLOOKUP(I5,'1-專案資訊'!A25:I33,4,0)*(G5/1000+VLOOKUP(I5,'1-專案資訊'!A25:I33,8,0)/100)*J5*H5,0) | P5: =IF(AND(K5<>"",L5<>"",E5<>"",F5<>"",G5<>"",H5<>""),VLOOKUP(K5,'1-專案資訊'!A25:I33,4,0)*(2*((E5+F5)/1000-0.08)+2*VLOOKUP(K5,'1-專案資訊'!A25:I33,9,0)/100)*(G5/L5+1)*H5,0) | Q5: =IF(AND(K5<>"",M5>0,L5<>"",E5<>"",G5<>"",H5<>""),VLOOKUP(K5,'1-專案資訊'!A25:I33,4,0)*(MAX(E5,F5)/1000-0.08+2*VLOOKUP(K5,'1-專案資訊'!A25:I33,9,0)/100)*M5*(G5/L5+1)*H5,0) | R5: =IF(AND(E5<>"",F5<>"",G5<>"",H5<>""),2*(E5+F5)*G5/1000000*H5,0) | S5: =IF(AND(I5<>"",J5<>"",G5<>"",H5<>""),ROUNDUP((G5/1000+VLOOKUP(I5,'1-專案資訊'!A25:I33,8,0)/100)/$B$3,0)*J5*H5,0) | T5: =IF(AND(S5>0,I5<>""),S5*VLOOKUP(I5,'1-專案資訊'!A25:I33,8,0)/100,0) | U5: =IF(OR(I5="#3 (D10)",I5="#4 (D13)",I5="#5 (D16)"),O5,0)+IF(OR(K5="#3 (D10)",K5="#4 (D13)",K5="#5 (D16)"),P5,0)+IF(OR(K5="#3 (D10)",K5="#4 (D13)",K5="#5 (D16)"),Q5,0) | V5: =IF(AND(I5<>"",I5<>"#3 (D10)",I5<>"#4 (D13)",I5<>"#5 (D16)"),O5,0)+IF(AND(K5<>"",K5<>"#3 (D10)",K5<>"#4 (D13)",K5<>"#5 (D16)"),P5,0)+IF(AND(K5<>"",K5<>"#3 (D10)",K5<>"#4 (D13)",K5<>"#5 (D16)"),Q5,0)
A6: 2 | N6: =IF(AND(E6<>"",F6<>"",G6<>"",H6<>""),E6*F6*G6/1000000000*H6,0) | O6: =IF(AND(I6<>"",J6<>"",G6<>"",H6<>""),VLOOKUP(I6,'1-專案資訊'!A25:I33,4,0)*(G6/1000+VLOOKUP(I6,'1-專案資訊'!A25:I33,8,0)/100)*J6*H6,0) | P6: =IF(AND(K6<>"",L6<>"",E6<>"",F6<>"",G6<>"",H6<>""),VLOOKUP(K6,'1-專案資訊'!A25:I33,4,0)*(2*((E6+F6)/1000-0.08)+2*VLOOKUP(K6,'1-專案資訊'!A25:I33,9,0)/100)*(G6/L6+1)*H6,0) | Q6: =IF(AND(K6<>"",M6>0,L6<>"",E6<>"",G6<>"",H6<>""),VLOOKUP(K6,'1-專案資訊'!A25:I33,4,0)*(MAX(E6,F6)/1000-0.08+2*VLOOKUP(K6,'1-專案資訊'!A25:I33,9,0)/100)*M6*(G6/L6+1)*H6,0) | R6: =IF(AND(E6<>"",F6<>"",G6<>"",H6<>""),2*(E6+F6)*G6/1000000*H6,0) | S6: =IF(AND(I6<>"",J6<>"",G6<>"",H6<>""),ROUNDUP((G6/1000+VLOOKUP(I6,'1-專案資訊'!A25:I33,8,0)/100)/$B$3,0)*J6*H6,0) | T6: =IF(AND(S6>0,I6<>""),S6*VLOOKUP(I6,'1-專案資訊'!A25:I33,8,0)/100,0) | U6: =IF(OR(I6="#3 (D10)",I6="#4 (D13)",I6="#5 (D16)"),O6,0)+IF(OR(K6="#3 (D10)",K6="#4 (D13)",K6="#5 (D16)"),P6,0)+IF(OR(K6="#3 (D10)",K6="#4 (D13)",K6="#5 (D16)"),Q6,0) | V6: =IF(AND(I6<>"",I6<>"#3 (D10)",I6<>"#4 (D13)",I6<>"#5 (D16)"),O6,0)+IF(AND(K6<>"",K6<>"#3 (D10)",K6<>"#4 (D13)",K6<>"#5 (D16)"),P6,0)+IF(AND(K6<>"",K6<>"#3 (D10)",K6<>"#4 (D13)",K6<>"#5 (D16)"),Q6,0)
A7: 3 | N7: =IF(AND(E7<>"",F7<>"",G7<>"",H7<>""),E7*F7*G7/1000000000*H7,0) | O7: =IF(AND(I7<>"",J7<>"",G7<>"",H7<>""),VLOOKUP(I7,'1-專案資訊'!A25:I33,4,0)*(G7/1000+VLOOKUP(I7,'1-專案資訊'!A25:I33,8,0)/100)*J7*H7,0) | P7: =IF(AND(K7<>"",L7<>"",E7<>"",F7<>"",G7<>"",H7<>""),VLOOKUP(K7,'1-專案資訊'!A25:I33,4,0)*(2*((E7+F7)/1000-0.08)+2*VLOOKUP(K7,'1-專案資訊'!A25:I33,9,0)/100)*(G7/L7+1)*H7,0) | Q7: =IF(AND(K7<>"",M7>0,L7<>"",E7<>"",G7<>"",H7<>""),VLOOKUP(K7,'1-專案資訊'!A25:I33,4,0)*(MAX(E7,F7)/1000-0.08+2*VLOOKUP(K7,'1-專案資訊'!A25:I33,9,0)/100)*M7*(G7/L7+1)*H7,0) | R7: =IF(AND(E7<>"",F7<>"",G7<>"",H7<>""),2*(E7+F7)*G7/1000000*H7,0) | S7: =IF(AND(I7<>"",J7<>"",G7<>"",H7<>""),ROUNDUP((G7/1000+VLOOKUP(I7,'1-專案資訊'!A25:I33,8,0)/100)/$B$3,0)*J7*H7,0) | T7: =IF(AND(S7>0,I7<>""),S7*VLOOKUP(I7,'1-專案資訊'!A25:I33,8,0)/100,0) | U7: =IF(OR(I7="#3 (D10)",I7="#4 (D13)",I7="#5 (D16)"),O7,0)+IF(OR(K7="#3 (D10)",K7="#4 (D13)",K7="#5 (D16)"),P7,0)+IF(OR(K7="#3 (D10)",K7="#4 (D13)",K7="#5 (D16)"),Q7,0) | V7: =IF(AND(I7<>"",I7<>"#3 (D10)",I7<>"#4 (D13)",I7<>"#5 (D16)"),O7,0)+IF(AND(K7<>"",K7<>"#3 (D10)",K7<>"#4 (D13)",K7<>"#5 (D16)"),P7,0)+IF(AND(K7<>"",K7<>"#3 (D10)",K7<>"#4 (D13)",K7<>"#5 (D16)"),Q7,0)
A8: 4 | N8: =IF(AND(E8<>"",F8<>"",G8<>"",H8<>""),E8*F8*G8/1000000000*H8,0) | O8: =IF(AND(I8<>"",J8<>"",G8<>"",H8<>""),VLOOKUP(I8,'1-專案資訊'!A25:I33,4,0)*(G8/1000+VLOOKUP(I8,'1-專案資訊'!A25:I33,8,0)/100)*J8*H8,0) | P8: =IF(AND(K8<>"",L8<>"",E8<>"",F8<>"",G8<>"",H8<>""),VLOOKUP(K8,'1-專案資訊'!A25:I33,4,0)*(2*((E8+F8)/1000-0.08)+2*VLOOKUP(K8,'1-專案資訊'!A25:I33,9,0)/100)*(G8/L8+1)*H8,0) | Q8: =IF(AND(K8<>"",M8>0,L8<>"",E8<>"",G8<>"",H8<>""),VLOOKUP(K8,'1-專案資訊'!A25:I33,4,0)*(MAX(E8,F8)/1000-0.08+2*VLOOKUP(K8,'1-專案資訊'!A25:I33,9,0)/100)*M8*(G8/L8+1)*H8,0) | R8: =IF(AND(E8<>"",F8<>"",G8<>"",H8<>""),2*(E8+F8)*G8/1000000*H8,0) | S8: =IF(AND(I8<>"",J8<>"",G8<>"",H8<>""),ROUNDUP((G8/1000+VLOOKUP(I8,'1-專案資訊'!A25:I33,8,0)/100)/$B$3,0)*J8*H8,0) | T8: =IF(AND(S8>0,I8<>""),S8*VLOOKUP(I8,'1-專案資訊'!A25:I33,8,0)/100,0) | U8: =IF(OR(I8="#3 (D10)",I8="#4 (D13)",I8="#5 (D16)"),O8,0)+IF(OR(K8="#3 (D10)",K8="#4 (D13)",K8="#5 (D16)"),P8,0)+IF(OR(K8="#3 (D10)",K8="#4 (D13)",K8="#5 (D16)"),Q8,0) | V8: =IF(AND(I8<>"",I8<>"#3 (D10)",I8<>"#4 (D13)",I8<>"#5 (D16)"),O8,0)+IF(AND(K8<>"",K8<>"#3 (D10)",K8<>"#4 (D13)",K8<>"#5 (D16)"),P8,0)+IF(AND(K8<>"",K8<>"#3 (D10)",K8<>"#4 (D13)",K8<>"#5 (D16)"),Q8,0)
A9: 5 | N9: =IF(AND(E9<>"",F9<>"",G9<>"",H9<>""),E9*F9*G9/1000000000*H9,0) | O9: =IF(AND(I9<>"",J9<>"",G9<>"",H9<>""),VLOOKUP(I9,'1-專案資訊'!A25:I33,4,0)*(G9/1000+VLOOKUP(I9,'1-專案資訊'!A25:I33,8,0)/100)*J9*H9,0) | P9: =IF(AND(K9<>"",L9<>"",E9<>"",F9<>"",G9<>"",H9<>""),VLOOKUP(K9,'1-專案資訊'!A25:I33,4,0)*(2*((E9+F9)/1000-0.08)+2*VLOOKUP(K9,'1-專案資訊'!A25:I33,9,0)/100)*(G9/L9+1)*H9,0) | Q9: =IF(AND(K9<>"",M9>0,L9<>"",E9<>"",G9<>"",H9<>""),VLOOKUP(K9,'1-專案資訊'!A25:I33,4,0)*(MAX(E9,F9)/1000-0.08+2*VLOOKUP(K9,'1-專案資訊'!A25:I33,9,0)/100)*M9*(G9/L9+1)*H9,0) | R9: =IF(AND(E9<>"",F9<>"",G9<>"",H9<>""),2*(E9+F9)*G9/1000000*H9,0) | S9: =IF(AND(I9<>"",J9<>"",G9<>"",H9<>""),ROUNDUP((G9/1000+VLOOKUP(I9,'1-專案資訊'!A25:I33,8,0)/100)/$B$3,0)*J9*H9,0) | T9: =IF(AND(S9>0,I9<>""),S9*VLOOKUP(I9,'1-專案資訊'!A25:I33,8,0)/100,0) | U9: =IF(OR(I9="#3 (D10)",I9="#4 (D13)",I9="#5 (D16)"),O9,0)+IF(OR(K9="#3 (D10)",K9="#4 (D13)",K9="#5 (D16)"),P9,0)+IF(OR(K9="#3 (D10)",K9="#4 (D13)",K9="#5 (D16)"),Q9,0) | V9: =IF(AND(I9<>"",I9<>"#3 (D10)",I9<>"#4 (D13)",I9<>"#5 (D16)"),O9,0)+IF(AND(K9<>"",K9<>"#3 (D10)",K9<>"#4 (D13)",K9<>"#5 (D16)"),P9,0)+IF(AND(K9<>"",K9<>"#3 (D10)",K9<>"#4 (D13)",K9<>"#5 (D16)"),Q9,0)
A10: 6 | N10: =IF(AND(E10<>"",F10<>"",G10<>"",H10<>""),E10*F10*G10/1000000000*H10,0) | O10: =IF(AND(I10<>"",J10<>"",G10<>"",H10<>""),VLOOKUP(I10,'1-專案資訊'!A25:I33,4,0)*(G10/1000+VLOOKUP(I10,'1-專案資訊'!A25:I33,8,0)/100)*J10*H10,0) | P10: =IF(AND(K10<>"",L10<>"",E10<>"",F10<>"",G10<>"",H10<>""),VLOOKUP(K10,'1-專案資訊'!A25:I33,4,0)*(2*((E10+F10)/1000-0.08)+2*VLOOKUP(K10,'1-專案資訊'!A25:I33,9,0)/100)*(G10/L10+1)*H10,0) | Q10: =IF(AND(K10<>"",M10>0,L10<>"",E10<>"",G10<>"",H10<>""),VLOOKUP(K10,'1-專案資訊'!A25:I33,4,0)*(MAX(E10,F10)/1000-0.08+2*VLOOKUP(K10,'1-專案資訊'!A25:I33,9,0)/100)*M10*(G10/L10+1)*H10,0) | R10: =IF(AND(E10<>"",F10<>"",G10<>"",H10<>""),2*(E10+F10)*G10/1000000*H10,0) | S10: =IF(AND(I10<>"",J10<>"",G10<>"",H10<>""),ROUNDUP((G10/1000+VLOOKUP(I10,'1-專案資訊'!A25:I33,8,0)/100)/$B$3,0)*J10*H10,0) | T10: =IF(AND(S10>0,I10<>""),S10*VLOOKUP(I10,'1-專案資訊'!A25:I33,8,0)/100,0) | U10: =IF(OR(I10="#3 (D10)",I10="#4 (D13)",I10="#5 (D16)"),O10,0)+IF(OR(K10="#3 (D10)",K10="#4 (D13)",K10="#5 (D16)"),P10,0)+IF(OR(K10="#3 (D10)",K10="#4 (D13)",K10="#5 (D16)"),Q10,0) | V10: =IF(AND(I10<>"",I10<>"#3 (D10)",I10<>"#4 (D13)",I10<>"#5 (D16)"),O10,0)+IF(AND(K10<>"",K10<>"#3 (D10)",K10<>"#4 (D13)",K10<>"#5 (D16)"),P10,0)+IF(AND(K10<>"",K10<>"#3 (D10)",K10<>"#4 (D13)",K10<>"#5 (D16)"),Q10,0)
A11: 7 | N11: =IF(AND(E11<>"",F11<>"",G11<>"",H11<>""),E11*F11*G11/1000000000*H11,0) | O11: =IF(AND(I11<>"",J11<>"",G11<>"",H11<>""),VLOOKUP(I11,'1-專案資訊'!A25:I33,4,0)*(G11/1000+VLOOKUP(I11,'1-專案資訊'!A25:I33,8,0)/100)*J11*H11,0) | P11: =IF(AND(K11<>"",L11<>"",E11<>"",F11<>"",G11<>"",H11<>""),VLOOKUP(K11,'1-專案資訊'!A25:I33,4,0)*(2*((E11+F11)/1000-0.08)+2*VLOOKUP(K11,'1-專案資訊'!A25:I33,9,0)/100)*(G11/L11+1)*H11,0) | Q11: =IF(AND(K11<>"",M11>0,L11<>"",E11<>"",G11<>"",H11<>""),VLOOKUP(K11,'1-專案資訊'!A25:I33,4,0)*(MAX(E11,F11)/1000-0.08+2*VLOOKUP(K11,'1-專案資訊'!A25:I33,9,0)/100)*M11*(G11/L11+1)*H11,0) | R11: =IF(AND(E11<>"",F11<>"",G11<>"",H11<>""),2*(E11+F11)*G11/1000000*H11,0) | S11: =IF(AND(I11<>"",J11<>"",G11<>"",H11<>""),ROUNDUP((G11/1000+VLOOKUP(I11,'1-專案資訊'!A25:I33,8,0)/100)/$B$3,0)*J11*H11,0) | T11: =IF(AND(S11>0,I11<>""),S11*VLOOKUP(I11,'1-專案資訊'!A25:I33,8,0)/100,0) | U11: =IF(OR(I11="#3 (D10)",I11="#4 (D13)",I11="#5 (D16)"),O11,0)+IF(OR(K11="#3 (D10)",K11="#4 (D13)",K11="#5 (D16)"),P11,0)+IF(OR(K11="#3 (D10)",K11="#4 (D13)",K11="#5 (D16)"),Q11,0) | V11: =IF(AND(I11<>"",I11<>"#3 (D10)",I11<>"#4 (D13)",I11<>"#5 (D16)"),O11,0)+IF(AND(K11<>"",K11<>"#3 (D10)",K11<>"#4 (D13)",K11<>"#5 (D16)"),P11,0)+IF(AND(K11<>"",K11<>"#3 (D10)",K11<>"#4 (D13)",K11<>"#5 (D16)"),Q11,0)
A12: 8 | N12: =IF(AND(E12<>"",F12<>"",G12<>"",H12<>""),E12*F12*G12/1000000000*H12,0) | O12: =IF(AND(I12<>"",J12<>"",G12<>"",H12<>""),VLOOKUP(I12,'1-專案資訊'!A25:I33,4,0)*(G12/1000+VLOOKUP(I12,'1-專案資訊'!A25:I33,8,0)/100)*J12*H12,0) | P12: =IF(AND(K12<>"",L12<>"",E12<>"",F12<>"",G12<>"",H12<>""),VLOOKUP(K12,'1-專案資訊'!A25:I33,4,0)*(2*((E12+F12)/1000-0.08)+2*VLOOKUP(K12,'1-專案資訊'!A25:I33,9,0)/100)*(G12/L12+1)*H12,0) | Q12: =IF(AND(K12<>"",M12>0,L12<>"",E12<>"",G12<>"",H12<>""),VLOOKUP(K12,'1-專案資訊'!A25:I33,4,0)*(MAX(E12,F12)/1000-0.08+2*VLOOKUP(K12,'1-專案資訊'!A25:I33,9,0)/100)*M12*(G12/L12+1)*H12,0) | R12: =IF(AND(E12<>"",F12<>"",G12<>"",H12<>""),2*(E12+F12)*G12/1000000*H12,0) | S12: =IF(AND(I12<>"",J12<>"",G12<>"",H12<>""),ROUNDUP((G12/1000+VLOOKUP(I12,'1-專案資訊'!A25:I33,8,0)/100)/$B$3,0)*J12*H12,0) | T12: =IF(AND(S12>0,I12<>""),S12*VLOOKUP(I12,'1-專案資訊'!A25:I33,8,0)/100,0) | U12: =IF(OR(I12="#3 (D10)",I12="#4 (D13)",I12="#5 (D16)"),O12,0)+IF(OR(K12="#3 (D10)",K12="#4 (D13)",K12="#5 (D16)"),P12,0)+IF(OR(K12="#3 (D10)",K12="#4 (D13)",K12="#5 (D16)"),Q12,0) | V12: =IF(AND(I12<>"",I12<>"#3 (D10)",I12<>"#4 (D13)",I12<>"#5 (D16)"),O12,0)+IF(AND(K12<>"",K12<>"#3 (D10)",K12<>"#4 (D13)",K12<>"#5 (D16)"),P12,0)+IF(AND(K12<>"",K12<>"#3 (D10)",K12<>"#4 (D13)",K12<>"#5 (D16)"),Q12,0)
A13: 9 | N13: =IF(AND(E13<>"",F13<>"",G13<>"",H13<>""),E13*F13*G13/1000000000*H13,0) | O13: =IF(AND(I13<>"",J13<>"",G13<>"",H13<>""),VLOOKUP(I13,'1-專案資訊'!A25:I33,4,0)*(G13/1000+VLOOKUP(I13,'1-專案資訊'!A25:I33,8,0)/100)*J13*H13,0) | P13: =IF(AND(K13<>"",L13<>"",E13<>"",F13<>"",G13<>"",H13<>""),VLOOKUP(K13,'1-專案資訊'!A25:I33,4,0)*(2*((E13+F13)/1000-0.08)+2*VLOOKUP(K13,'1-專案資訊'!A25:I33,9,0)/100)*(G13/L13+1)*H13,0) | Q13: =IF(AND(K13<>"",M13>0,L13<>"",E13<>"",G13<>"",H13<>""),VLOOKUP(K13,'1-專案資訊'!A25:I33,4,0)*(MAX(E13,F13)/1000-0.08+2*VLOOKUP(K13,'1-專案資訊'!A25:I33,9,0)/100)*M13*(G13/L13+1)*H13,0) | R13: =IF(AND(E13<>"",F13<>"",G13<>"",H13<>""),2*(E13+F13)*G13/1000000*H13,0) | S13: =IF(AND(I13<>"",J13<>"",G13<>"",H13<>""),ROUNDUP((G13/1000+VLOOKUP(I13,'1-專案資訊'!A25:I33,8,0)/100)/$B$3,0)*J13*H13,0) | T13: =IF(AND(S13>0,I13<>""),S13*VLOOKUP(I13,'1-專案資訊'!A25:I33,8,0)/100,0) | U13: =IF(OR(I13="#3 (D10)",I13="#4 (D13)",I13="#5 (D16)"),O13,0)+IF(OR(K13="#3 (D10)",K13="#4 (D13)",K13="#5 (D16)"),P13,0)+IF(OR(K13="#3 (D10)",K13="#4 (D13)",K13="#5 (D16)"),Q13,0) | V13: =IF(AND(I13<>"",I13<>"#3 (D10)",I13<>"#4 (D13)",I13<>"#5 (D16)"),O13,0)+IF(AND(K13<>"",K13<>"#3 (D10)",K13<>"#4 (D13)",K13<>"#5 (D16)"),P13,0)+IF(AND(K13<>"",K13<>"#3 (D10)",K13<>"#4 (D13)",K13<>"#5 (D16)"),Q13,0)
A14: 10 | N14: =IF(AND(E14<>"",F14<>"",G14<>"",H14<>""),E14*F14*G14/1000000000*H14,0) | O14: =IF(AND(I14<>"",J14<>"",G14<>"",H14<>""),VLOOKUP(I14,'1-專案資訊'!A25:I33,4,0)*(G14/1000+VLOOKUP(I14,'1-專案資訊'!A25:I33,8,0)/100)*J14*H14,0) | P14: =IF(AND(K14<>"",L14<>"",E14<>"",F14<>"",G14<>"",H14<>""),VLOOKUP(K14,'1-專案資訊'!A25:I33,4,0)*(2*((E14+F14)/1000-0.08)+2*VLOOKUP(K14,'1-專案資訊'!A25:I33,9,0)/100)*(G14/L14+1)*H14,0) | Q14: =IF(AND(K14<>"",M14>0,L14<>"",E14<>"",G14<>"",H14<>""),VLOOKUP(K14,'1-專案資訊'!A25:I33,4,0)*(MAX(E14,F14)/1000-0.08+2*VLOOKUP(K14,'1-專案資訊'!A25:I33,9,0)/100)*M14*(G14/L14+1)*H14,0) | R14: =IF(AND(E14<>"",F14<>"",G14<>"",H14<>""),2*(E14+F14)*G14/1000000*H14,0) | S14: =IF(AND(I14<>"",J14<>"",G14<>"",H14<>""),ROUNDUP((G14/1000+VLOOKUP(I14,'1-專案資訊'!A25:I33,8,0)/100)/$B$3,0)*J14*H14,0) | T14: =IF(AND(S14>0,I14<>""),S14*VLOOKUP(I14,'1-專案資訊'!A25:I33,8,0)/100,0) | U14: =IF(OR(I14="#3 (D10)",I14="#4 (D13)",I14="#5 (D16)"),O14,0)+IF(OR(K14="#3 (D10)",K14="#4 (D13)",K14="#5 (D16)"),P14,0)+IF(OR(K14="#3 (D10)",K14="#4 (D13)",K14="#5 (D16)"),Q14,0) | V14: =IF(AND(I14<>"",I14<>"#3 (D10)",I14<>"#4 (D13)",I14<>"#5 (D16)"),O14,0)+IF(AND(K14<>"",K14<>"#3 (D10)",K14<>"#4 (D13)",K14<>"#5 (D16)"),P14,0)+IF(AND(K14<>"",K14<>"#3 (D10)",K14<>"#4 (D13)",K14<>"#5 (D16)"),Q14,0)
A15: 11 | N15: =IF(AND(E15<>"",F15<>"",G15<>"",H15<>""),E15*F15*G15/1000000000*H15,0) | O15: =IF(AND(I15<>"",J15<>"",G15<>"",H15<>""),VLOOKUP(I15,'1-專案資訊'!A25:I33,4,0)*(G15/1000+VLOOKUP(I15,'1-專案資訊'!A25:I33,8,0)/100)*J15*H15,0) | P15: =IF(AND(K15<>"",L15<>"",E15<>"",F15<>"",G15<>"",H15<>""),VLOOKUP(K15,'1-專案資訊'!A25:I33,4,0)*(2*((E15+F15)/1000-0.08)+2*VLOOKUP(K15,'1-專案資訊'!A25:I33,9,0)/100)*(G15/L15+1)*H15,0) | Q15: =IF(AND(K15<>"",M15>0,L15<>"",E15<>"",G15<>"",H15<>""),VLOOKUP(K15,'1-專案資訊'!A25:I33,4,0)*(MAX(E15,F15)/1000-0.08+2*VLOOKUP(K15,'1-專案資訊'!A25:I33,9,0)/100)*M15*(G15/L15+1)*H15,0) | R15: =IF(AND(E15<>"",F15<>"",G15<>"",H15<>""),2*(E15+F15)*G15/1000000*H15,0) | S15: =IF(AND(I15<>"",J15<>"",G15<>"",H15<>""),ROUNDUP((G15/1000+VLOOKUP(I15,'1-專案資訊'!A25:I33,8,0)/100)/$B$3,0)*J15*H15,0) | T15: =IF(AND(S15>0,I15<>""),S15*VLOOKUP(I15,'1-專案資訊'!A25:I33,8,0)/100,0) | U15: =IF(OR(I15="#3 (D10)",I15="#4 (D13)",I15="#5 (D16)"),O15,0)+IF(OR(K15="#3 (D10)",K15="#4 (D13)",K15="#5 (D16)"),P15,0)+IF(OR(K15="#3 (D10)",K15="#4 (D13)",K15="#5 (D16)"),Q15,0) | V15: =IF(AND(I15<>"",I15<>"#3 (D10)",I15<>"#4 (D13)",I15<>"#5 (D16)"),O15,0)+IF(AND(K15<>"",K15<>"#3 (D10)",K15<>"#4 (D13)",K15<>"#5 (D16)"),P15,0)+IF(AND(K15<>"",K15<>"#3 (D10)",K15<>"#4 (D13)",K15<>"#5 (D16)"),Q15,0)
A16: 12 | N16: =IF(AND(E16<>"",F16<>"",G16<>"",H16<>""),E16*F16*G16/1000000000*H16,0) | O16: =IF(AND(I16<>"",J16<>"",G16<>"",H16<>""),VLOOKUP(I16,'1-專案資訊'!A25:I33,4,0)*(G16/1000+VLOOKUP(I16,'1-專案資訊'!A25:I33,8,0)/100)*J16*H16,0) | P16: =IF(AND(K16<>"",L16<>"",E16<>"",F16<>"",G16<>"",H16<>""),VLOOKUP(K16,'1-專案資訊'!A25:I33,4,0)*(2*((E16+F16)/1000-0.08)+2*VLOOKUP(K16,'1-專案資訊'!A25:I33,9,0)/100)*(G16/L16+1)*H16,0) | Q16: =IF(AND(K16<>"",M16>0,L16<>"",E16<>"",G16<>"",H16<>""),VLOOKUP(K16,'1-專案資訊'!A25:I33,4,0)*(MAX(E16,F16)/1000-0.08+2*VLOOKUP(K16,'1-專案資訊'!A25:I33,9,0)/100)*M16*(G16/L16+1)*H16,0) | R16: =IF(AND(E16<>"",F16<>"",G16<>"",H16<>""),2*(E16+F16)*G16/1000000*H16,0) | S16: =IF(AND(I16<>"",J16<>"",G16<>"",H16<>""),ROUNDUP((G16/1000+VLOOKUP(I16,'1-專案資訊'!A25:I33,8,0)/100)/$B$3,0)*J16*H16,0) | T16: =IF(AND(S16>0,I16<>""),S16*VLOOKUP(I16,'1-專案資訊'!A25:I33,8,0)/100,0) | U16: =IF(OR(I16="#3 (D10)",I16="#4 (D13)",I16="#5 (D16)"),O16,0)+IF(OR(K16="#3 (D10)",K16="#4 (D13)",K16="#5 (D16)"),P16,0)+IF(OR(K16="#3 (D10)",K16="#4 (D13)",K16="#5 (D16)"),Q16,0) | V16: =IF(AND(I16<>"",I16<>"#3 (D10)",I16<>"#4 (D13)",I16<>"#5 (D16)"),O16,0)+IF(AND(K16<>"",K16<>"#3 (D10)",K16<>"#4 (D13)",K16<>"#5 (D16)"),P16,0)+IF(AND(K16<>"",K16<>"#3 (D10)",K16<>"#4 (D13)",K16<>"#5 (D16)"),Q16,0)
A17: 13 | N17: =IF(AND(E17<>"",F17<>"",G17<>"",H17<>""),E17*F17*G17/1000000000*H17,0) | O17: =IF(AND(I17<>"",J17<>"",G17<>"",H17<>""),VLOOKUP(I17,'1-專案資訊'!A25:I33,4,0)*(G17/1000+VLOOKUP(I17,'1-專案資訊'!A25:I33,8,0)/100)*J17*H17,0) | P17: =IF(AND(K17<>"",L17<>"",E17<>"",F17<>"",G17<>"",H17<>""),VLOOKUP(K17,'1-專案資訊'!A25:I33,4,0)*(2*((E17+F17)/1000-0.08)+2*VLOOKUP(K17,'1-專案資訊'!A25:I33,9,0)/100)*(G17/L17+1)*H17,0) | Q17: =IF(AND(K17<>"",M17>0,L17<>"",E17<>"",G17<>"",H17<>""),VLOOKUP(K17,'1-專案資訊'!A25:I33,4,0)*(MAX(E17,F17)/1000-0.08+2*VLOOKUP(K17,'1-專案資訊'!A25:I33,9,0)/100)*M17*(G17/L17+1)*H17,0) | R17: =IF(AND(E17<>"",F17<>"",G17<>"",H17<>""),2*(E17+F17)*G17/1000000*H17,0) | S17: =IF(AND(I17<>"",J17<>"",G17<>"",H17<>""),ROUNDUP((G17/1000+VLOOKUP(I17,'1-專案資訊'!A25:I33,8,0)/100)/$B$3,0)*J17*H17,0) | T17: =IF(AND(S17>0,I17<>""),S17*VLOOKUP(I17,'1-專案資訊'!A25:I33,8,0)/100,0) | U17: =IF(OR(I17="#3 (D10)",I17="#4 (D13)",I17="#5 (D16)"),O17,0)+IF(OR(K17="#3 (D10)",K17="#4 (D13)",K17="#5 (D16)"),P17,0)+IF(OR(K17="#3 (D10)",K17="#4 (D13)",K17="#5 (D16)"),Q17,0) | V17: =IF(AND(I17<>"",I17<>"#3 (D10)",I17<>"#4 (D13)",I17<>"#5 (D16)"),O17,0)+IF(AND(K17<>"",K17<>"#3 (D10)",K17<>"#4 (D13)",K17<>"#5 (D16)"),P17,0)+IF(AND(K17<>"",K17<>"#3 (D10)",K17<>"#4 (D13)",K17<>"#5 (D16)"),Q17,0)
A18: 14 | N18: =IF(AND(E18<>"",F18<>"",G18<>"",H18<>""),E18*F18*G18/1000000000*H18,0) | O18: =IF(AND(I18<>"",J18<>"",G18<>"",H18<>""),VLOOKUP(I18,'1-專案資訊'!A25:I33,4,0)*(G18/1000+VLOOKUP(I18,'1-專案資訊'!A25:I33,8,0)/100)*J18*H18,0) | P18: =IF(AND(K18<>"",L18<>"",E18<>"",F18<>"",G18<>"",H18<>""),VLOOKUP(K18,'1-專案資訊'!A25:I33,4,0)*(2*((E18+F18)/1000-0.08)+2*VLOOKUP(K18,'1-專案資訊'!A25:I33,9,0)/100)*(G18/L18+1)*H18,0) | Q18: =IF(AND(K18<>"",M18>0,L18<>"",E18<>"",G18<>"",H18<>""),VLOOKUP(K18,'1-專案資訊'!A25:I33,4,0)*(MAX(E18,F18)/1000-0.08+2*VLOOKUP(K18,'1-專案資訊'!A25:I33,9,0)/100)*M18*(G18/L18+1)*H18,0) | R18: =IF(AND(E18<>"",F18<>"",G18<>"",H18<>""),2*(E18+F18)*G18/1000000*H18,0) | S18: =IF(AND(I18<>"",J18<>"",G18<>"",H18<>""),ROUNDUP((G18/1000+VLOOKUP(I18,'1-專案資訊'!A25:I33,8,0)/100)/$B$3,0)*J18*H18,0) | T18: =IF(AND(S18>0,I18<>""),S18*VLOOKUP(I18,'1-專案資訊'!A25:I33,8,0)/100,0) | U18: =IF(OR(I18="#3 (D10)",I18="#4 (D13)",I18="#5 (D16)"),O18,0)+IF(OR(K18="#3 (D10)",K18="#4 (D13)",K18="#5 (D16)"),P18,0)+IF(OR(K18="#3 (D10)",K18="#4 (D13)",K18="#5 (D16)"),Q18,0) | V18: =IF(AND(I18<>"",I18<>"#3 (D10)",I18<>"#4 (D13)",I18<>"#5 (D16)"),O18,0)+IF(AND(K18<>"",K18<>"#3 (D10)",K18<>"#4 (D13)",K18<>"#5 (D16)"),P18,0)+IF(AND(K18<>"",K18<>"#3 (D10)",K18<>"#4 (D13)",K18<>"#5 (D16)"),Q18,0)
A19: 15 | N19: =IF(AND(E19<>"",F19<>"",G19<>"",H19<>""),E19*F19*G19/1000000000*H19,0) | O19: =IF(AND(I19<>"",J19<>"",G19<>"",H19<>""),VLOOKUP(I19,'1-專案資訊'!A25:I33,4,0)*(G19/1000+VLOOKUP(I19,'1-專案資訊'!A25:I33,8,0)/100)*J19*H19,0) | P19: =IF(AND(K19<>"",L19<>"",E19<>"",F19<>"",G19<>"",H19<>""),VLOOKUP(K19,'1-專案資訊'!A25:I33,4,0)*(2*((E19+F19)/1000-0.08)+2*VLOOKUP(K19,'1-專案資訊'!A25:I33,9,0)/100)*(G19/L19+1)*H19,0) | Q19: =IF(AND(K19<>"",M19>0,L19<>"",E19<>"",G19<>"",H19<>""),VLOOKUP(K19,'1-專案資訊'!A25:I33,4,0)*(MAX(E19,F19)/1000-0.08+2*VLOOKUP(K19,'1-專案資訊'!A25:I33,9,0)/100)*M19*(G19/L19+1)*H19,0) | R19: =IF(AND(E19<>"",F19<>"",G19<>"",H19<>""),2*(E19+F19)*G19/1000000*H19,0) | S19: =IF(AND(I19<>"",J19<>"",G19<>"",H19<>""),ROUNDUP((G19/1000+VLOOKUP(I19,'1-專案資訊'!A25:I33,8,0)/100)/$B$3,0)*J19*H19,0) | T19: =IF(AND(S19>0,I19<>""),S19*VLOOKUP(I19,'1-專案資訊'!A25:I33,8,0)/100,0) | U19: =IF(OR(I19="#3 (D10)",I19="#4 (D13)",I19="#5 (D16)"),O19,0)+IF(OR(K19="#3 (D10)",K19="#4 (D13)",K19="#5 (D16)"),P19,0)+IF(OR(K19="#3 (D10)",K19="#4 (D13)",K19="#5 (D16)"),Q19,0) | V19: =IF(AND(I19<>"",I19<>"#3 (D10)",I19<>"#4 (D13)",I19<>"#5 (D16)"),O19,0)+IF(AND(K19<>"",K19<>"#3 (D10)",K19<>"#4 (D13)",K19<>"#5 (D16)"),P19,0)+IF(AND(K19<>"",K19<>"#3 (D10)",K19<>"#4 (D13)",K19<>"#5 (D16)"),Q19,0)
A20: 16 | N20: =IF(AND(E20<>"",F20<>"",G20<>"",H20<>""),E20*F20*G20/1000000000*H20,0) | O20: =IF(AND(I20<>"",J20<>"",G20<>"",H20<>""),VLOOKUP(I20,'1-專案資訊'!A25:I33,4,0)*(G20/1000+VLOOKUP(I20,'1-專案資訊'!A25:I33,8,0)/100)*J20*H20,0) | P20: =IF(AND(K20<>"",L20<>"",E20<>"",F20<>"",G20<>"",H20<>""),VLOOKUP(K20,'1-專案資訊'!A25:I33,4,0)*(2*((E20+F20)/1000-0.08)+2*VLOOKUP(K20,'1-專案資訊'!A25:I33,9,0)/100)*(G20/L20+1)*H20,0) | Q20: =IF(AND(K20<>"",M20>0,L20<>"",E20<>"",G20<>"",H20<>""),VLOOKUP(K20,'1-專案資訊'!A25:I33,4,0)*(MAX(E20,F20)/1000-0.08+2*VLOOKUP(K20,'1-專案資訊'!A25:I33,9,0)/100)*M20*(G20/L20+1)*H20,0) | R20: =IF(AND(E20<>"",F20<>"",G20<>"",H20<>""),2*(E20+F20)*G20/1000000*H20,0) | S20: =IF(AND(I20<>"",J20<>"",G20<>"",H20<>""),ROUNDUP((G20/1000+VLOOKUP(I20,'1-專案資訊'!A25:I33,8,0)/100)/$B$3,0)*J20*H20,0) | T20: =IF(AND(S20>0,I20<>""),S20*VLOOKUP(I20,'1-專案資訊'!A25:I33,8,0)/100,0) | U20: =IF(OR(I20="#3 (D10)",I20="#4 (D13)",I20="#5 (D16)"),O20,0)+IF(OR(K20="#3 (D10)",K20="#4 (D13)",K20="#5 (D16)"),P20,0)+IF(OR(K20="#3 (D10)",K20="#4 (D13)",K20="#5 (D16)"),Q20,0) | V20: =IF(AND(I20<>"",I20<>"#3 (D10)",I20<>"#4 (D13)",I20<>"#5 (D16)"),O20,0)+IF(AND(K20<>"",K20<>"#3 (D10)",K20<>"#4 (D13)",K20<>"#5 (D16)"),P20,0)+IF(AND(K20<>"",K20<>"#3 (D10)",K20<>"#4 (D13)",K20<>"#5 (D16)"),Q20,0)
A21: 17 | N21: =IF(AND(E21<>"",F21<>"",G21<>"",H21<>""),E21*F21*G21/1000000000*H21,0) | O21: =IF(AND(I21<>"",J21<>"",G21<>"",H21<>""),VLOOKUP(I21,'1-專案資訊'!A25:I33,4,0)*(G21/1000+VLOOKUP(I21,'1-專案資訊'!A25:I33,8,0)/100)*J21*H21,0) | P21: =IF(AND(K21<>"",L21<>"",E21<>"",F21<>"",G21<>"",H21<>""),VLOOKUP(K21,'1-專案資訊'!A25:I33,4,0)*(2*((E21+F21)/1000-0.08)+2*VLOOKUP(K21,'1-專案資訊'!A25:I33,9,0)/100)*(G21/L21+1)*H21,0) | Q21: =IF(AND(K21<>"",M21>0,L21<>"",E21<>"",G21<>"",H21<>""),VLOOKUP(K21,'1-專案資訊'!A25:I33,4,0)*(MAX(E21,F21)/1000-0.08+2*VLOOKUP(K21,'1-專案資訊'!A25:I33,9,0)/100)*M21*(G21/L21+1)*H21,0) | R21: =IF(AND(E21<>"",F21<>"",G21<>"",H21<>""),2*(E21+F21)*G21/1000000*H21,0) | S21: =IF(AND(I21<>"",J21<>"",G21<>"",H21<>""),ROUNDUP((G21/1000+VLOOKUP(I21,'1-專案資訊'!A25:I33,8,0)/100)/$B$3,0)*J21*H21,0) | T21: =IF(AND(S21>0,I21<>""),S21*VLOOKUP(I21,'1-專案資訊'!A25:I33,8,0)/100,0) | U21: =IF(OR(I21="#3 (D10)",I21="#4 (D13)",I21="#5 (D16)"),O21,0)+IF(OR(K21="#3 (D10)",K21="#4 (D13)",K21="#5 (D16)"),P21,0)+IF(OR(K21="#3 (D10)",K21="#4 (D13)",K21="#5 (D16)"),Q21,0) | V21: =IF(AND(I21<>"",I21<>"#3 (D10)",I21<>"#4 (D13)",I21<>"#5 (D16)"),O21,0)+IF(AND(K21<>"",K21<>"#3 (D10)",K21<>"#4 (D13)",K21<>"#5 (D16)"),P21,0)+IF(AND(K21<>"",K21<>"#3 (D10)",K21<>"#4 (D13)",K21<>"#5 (D16)"),Q21,0)
A22: 18 | N22: =IF(AND(E22<>"",F22<>"",G22<>"",H22<>""),E22*F22*G22/1000000000*H22,0) | O22: =IF(AND(I22<>"",J22<>"",G22<>"",H22<>""),VLOOKUP(I22,'1-專案資訊'!A25:I33,4,0)*(G22/1000+VLOOKUP(I22,'1-專案資訊'!A25:I33,8,0)/100)*J22*H22,0) | P22: =IF(AND(K22<>"",L22<>"",E22<>"",F22<>"",G22<>"",H22<>""),VLOOKUP(K22,'1-專案資訊'!A25:I33,4,0)*(2*((E22+F22)/1000-0.08)+2*VLOOKUP(K22,'1-專案資訊'!A25:I33,9,0)/100)*(G22/L22+1)*H22,0) | Q22: =IF(AND(K22<>"",M22>0,L22<>"",E22<>"",G22<>"",H22<>""),VLOOKUP(K22,'1-專案資訊'!A25:I33,4,0)*(MAX(E22,F22)/1000-0.08+2*VLOOKUP(K22,'1-專案資訊'!A25:I33,9,0)/100)*M22*(G22/L22+1)*H22,0) | R22: =IF(AND(E22<>"",F22<>"",G22<>"",H22<>""),2*(E22+F22)*G22/1000000*H22,0) | S22: =IF(AND(I22<>"",J22<>"",G22<>"",H22<>""),ROUNDUP((G22/1000+VLOOKUP(I22,'1-專案資訊'!A25:I33,8,0)/100)/$B$3,0)*J22*H22,0) | T22: =IF(AND(S22>0,I22<>""),S22*VLOOKUP(I22,'1-專案資訊'!A25:I33,8,0)/100,0) | U22: =IF(OR(I22="#3 (D10)",I22="#4 (D13)",I22="#5 (D16)"),O22,0)+IF(OR(K22="#3 (D10)",K22="#4 (D13)",K22="#5 (D16)"),P22,0)+IF(OR(K22="#3 (D10)",K22="#4 (D13)",K22="#5 (D16)"),Q22,0) | V22: =IF(AND(I22<>"",I22<>"#3 (D10)",I22<>"#4 (D13)",I22<>"#5 (D16)"),O22,0)+IF(AND(K22<>"",K22<>"#3 (D10)",K22<>"#4 (D13)",K22<>"#5 (D16)"),P22,0)+IF(AND(K22<>"",K22<>"#3 (D10)",K22<>"#4 (D13)",K22<>"#5 (D16)"),Q22,0)
A23: 19 | N23: =IF(AND(E23<>"",F23<>"",G23<>"",H23<>""),E23*F23*G23/1000000000*H23,0) | O23: =IF(AND(I23<>"",J23<>"",G23<>"",H23<>""),VLOOKUP(I23,'1-專案資訊'!A25:I33,4,0)*(G23/1000+VLOOKUP(I23,'1-專案資訊'!A25:I33,8,0)/100)*J23*H23,0) | P23: =IF(AND(K23<>"",L23<>"",E23<>"",F23<>"",G23<>"",H23<>""),VLOOKUP(K23,'1-專案資訊'!A25:I33,4,0)*(2*((E23+F23)/1000-0.08)+2*VLOOKUP(K23,'1-專案資訊'!A25:I33,9,0)/100)*(G23/L23+1)*H23,0) | Q23: =IF(AND(K23<>"",M23>0,L23<>"",E23<>"",G23<>"",H23<>""),VLOOKUP(K23,'1-專案資訊'!A25:I33,4,0)*(MAX(E23,F23)/1000-0.08+2*VLOOKUP(K23,'1-專案資訊'!A25:I33,9,0)/100)*M23*(G23/L23+1)*H23,0) | R23: =IF(AND(E23<>"",F23<>"",G23<>"",H23<>""),2*(E23+F23)*G23/1000000*H23,0) | S23: =IF(AND(I23<>"",J23<>"",G23<>"",H23<>""),ROUNDUP((G23/1000+VLOOKUP(I23,'1-專案資訊'!A25:I33,8,0)/100)/$B$3,0)*J23*H23,0) | T23: =IF(AND(S23>0,I23<>""),S23*VLOOKUP(I23,'1-專案資訊'!A25:I33,8,0)/100,0) | U23: =IF(OR(I23="#3 (D10)",I23="#4 (D13)",I23="#5 (D16)"),O23,0)+IF(OR(K23="#3 (D10)",K23="#4 (D13)",K23="#5 (D16)"),P23,0)+IF(OR(K23="#3 (D10)",K23="#4 (D13)",K23="#5 (D16)"),Q23,0) | V23: =IF(AND(I23<>"",I23<>"#3 (D10)",I23<>"#4 (D13)",I23<>"#5 (D16)"),O23,0)+IF(AND(K23<>"",K23<>"#3 (D10)",K23<>"#4 (D13)",K23<>"#5 (D16)"),P23,0)+IF(AND(K23<>"",K23<>"#3 (D10)",K23<>"#4 (D13)",K23<>"#5 (D16)"),Q23,0)
A24: 20 | N24: =IF(AND(E24<>"",F24<>"",G24<>"",H24<>""),E24*F24*G24/1000000000*H24,0) | O24: =IF(AND(I24<>"",J24<>"",G24<>"",H24<>""),VLOOKUP(I24,'1-專案資訊'!A25:I33,4,0)*(G24/1000+VLOOKUP(I24,'1-專案資訊'!A25:I33,8,0)/100)*J24*H24,0) | P24: =IF(AND(K24<>"",L24<>"",E24<>"",F24<>"",G24<>"",H24<>""),VLOOKUP(K24,'1-專案資訊'!A25:I33,4,0)*(2*((E24+F24)/1000-0.08)+2*VLOOKUP(K24,'1-專案資訊'!A25:I33,9,0)/100)*(G24/L24+1)*H24,0) | Q24: =IF(AND(K24<>"",M24>0,L24<>"",E24<>"",G24<>"",H24<>""),VLOOKUP(K24,'1-專案資訊'!A25:I33,4,0)*(MAX(E24,F24)/1000-0.08+2*VLOOKUP(K24,'1-專案資訊'!A25:I33,9,0)/100)*M24*(G24/L24+1)*H24,0) | R24: =IF(AND(E24<>"",F24<>"",G24<>"",H24<>""),2*(E24+F24)*G24/1000000*H24,0) | S24: =IF(AND(I24<>"",J24<>"",G24<>"",H24<>""),ROUNDUP((G24/1000+VLOOKUP(I24,'1-專案資訊'!A25:I33,8,0)/100)/$B$3,0)*J24*H24,0) | T24: =IF(AND(S24>0,I24<>""),S24*VLOOKUP(I24,'1-專案資訊'!A25:I33,8,0)/100,0) | U24: =IF(OR(I24="#3 (D10)",I24="#4 (D13)",I24="#5 (D16)"),O24,0)+IF(OR(K24="#3 (D10)",K24="#4 (D13)",K24="#5 (D16)"),P24,0)+IF(OR(K24="#3 (D10)",K24="#4 (D13)",K24="#5 (D16)"),Q24,0) | V24: =IF(AND(I24<>"",I24<>"#3 (D10)",I24<>"#4 (D13)",I24<>"#5 (D16)"),O24,0)+IF(AND(K24<>"",K24<>"#3 (D10)",K24<>"#4 (D13)",K24<>"#5 (D16)"),P24,0)+IF(AND(K24<>"",K24<>"#3 (D10)",K24<>"#4 (D13)",K24<>"#5 (D16)"),Q24,0)
A25: 21 | N25: =IF(AND(E25<>"",F25<>"",G25<>"",H25<>""),E25*F25*G25/1000000000*H25,0) | O25: =IF(AND(I25<>"",J25<>"",G25<>"",H25<>""),VLOOKUP(I25,'1-專案資訊'!A25:I33,4,0)*(G25/1000+VLOOKUP(I25,'1-專案資訊'!A25:I33,8,0)/100)*J25*H25,0) | P25: =IF(AND(K25<>"",L25<>"",E25<>"",F25<>"",G25<>"",H25<>""),VLOOKUP(K25,'1-專案資訊'!A25:I33,4,0)*(2*((E25+F25)/1000-0.08)+2*VLOOKUP(K25,'1-專案資訊'!A25:I33,9,0)/100)*(G25/L25+1)*H25,0) | Q25: =IF(AND(K25<>"",M25>0,L25<>"",E25<>"",G25<>"",H25<>""),VLOOKUP(K25,'1-專案資訊'!A25:I33,4,0)*(MAX(E25,F25)/1000-0.08+2*VLOOKUP(K25,'1-專案資訊'!A25:I33,9,0)/100)*M25*(G25/L25+1)*H25,0) | R25: =IF(AND(E25<>"",F25<>"",G25<>"",H25<>""),2*(E25+F25)*G25/1000000*H25,0) | S25: =IF(AND(I25<>"",J25<>"",G25<>"",H25<>""),ROUNDUP((G25/1000+VLOOKUP(I25,'1-專案資訊'!A25:I33,8,0)/100)/$B$3,0)*J25*H25,0) | T25: =IF(AND(S25>0,I25<>""),S25*VLOOKUP(I25,'1-專案資訊'!A25:I33,8,0)/100,0) | U25: =IF(OR(I25="#3 (D10)",I25="#4 (D13)",I25="#5 (D16)"),O25,0)+IF(OR(K25="#3 (D10)",K25="#4 (D13)",K25="#5 (D16)"),P25,0)+IF(OR(K25="#3 (D10)",K25="#4 (D13)",K25="#5 (D16)"),Q25,0) | V25: =IF(AND(I25<>"",I25<>"#3 (D10)",I25<>"#4 (D13)",I25<>"#5 (D16)"),O25,0)+IF(AND(K25<>"",K25<>"#3 (D10)",K25<>"#4 (D13)",K25<>"#5 (D16)"),P25,0)+IF(AND(K25<>"",K25<>"#3 (D10)",K25<>"#4 (D13)",K25<>"#5 (D16)"),Q25,0)
A26: 22 | N26: =IF(AND(E26<>"",F26<>"",G26<>"",H26<>""),E26*F26*G26/1000000000*H26,0) | O26: =IF(AND(I26<>"",J26<>"",G26<>"",H26<>""),VLOOKUP(I26,'1-專案資訊'!A25:I33,4,0)*(G26/1000+VLOOKUP(I26,'1-專案資訊'!A25:I33,8,0)/100)*J26*H26,0) | P26: =IF(AND(K26<>"",L26<>"",E26<>"",F26<>"",G26<>"",H26<>""),VLOOKUP(K26,'1-專案資訊'!A25:I33,4,0)*(2*((E26+F26)/1000-0.08)+2*VLOOKUP(K26,'1-專案資訊'!A25:I33,9,0)/100)*(G26/L26+1)*H26,0) | Q26: =IF(AND(K26<>"",M26>0,L26<>"",E26<>"",G26<>"",H26<>""),VLOOKUP(K26,'1-專案資訊'!A25:I33,4,0)*(MAX(E26,F26)/1000-0.08+2*VLOOKUP(K26,'1-專案資訊'!A25:I33,9,0)/100)*M26*(G26/L26+1)*H26,0) | R26: =IF(AND(E26<>"",F26<>"",G26<>"",H26<>""),2*(E26+F26)*G26/1000000*H26,0) | S26: =IF(AND(I26<>"",J26<>"",G26<>"",H26<>""),ROUNDUP((G26/1000+VLOOKUP(I26,'1-專案資訊'!A25:I33,8,0)/100)/$B$3,0)*J26*H26,0) | T26: =IF(AND(S26>0,I26<>""),S26*VLOOKUP(I26,'1-專案資訊'!A25:I33,8,0)/100,0) | U26: =IF(OR(I26="#3 (D10)",I26="#4 (D13)",I26="#5 (D16)"),O26,0)+IF(OR(K26="#3 (D10)",K26="#4 (D13)",K26="#5 (D16)"),P26,0)+IF(OR(K26="#3 (D10)",K26="#4 (D13)",K26="#5 (D16)"),Q26,0) | V26: =IF(AND(I26<>"",I26<>"#3 (D10)",I26<>"#4 (D13)",I26<>"#5 (D16)"),O26,0)+IF(AND(K26<>"",K26<>"#3 (D10)",K26<>"#4 (D13)",K26<>"#5 (D16)"),P26,0)+IF(AND(K26<>"",K26<>"#3 (D10)",K26<>"#4 (D13)",K26<>"#5 (D16)"),Q26,0)
A27: 23 | N27: =IF(AND(E27<>"",F27<>"",G27<>"",H27<>""),E27*F27*G27/1000000000*H27,0) | O27: =IF(AND(I27<>"",J27<>"",G27<>"",H27<>""),VLOOKUP(I27,'1-專案資訊'!A25:I33,4,0)*(G27/1000+VLOOKUP(I27,'1-專案資訊'!A25:I33,8,0)/100)*J27*H27,0) | P27: =IF(AND(K27<>"",L27<>"",E27<>"",F27<>"",G27<>"",H27<>""),VLOOKUP(K27,'1-專案資訊'!A25:I33,4,0)*(2*((E27+F27)/1000-0.08)+2*VLOOKUP(K27,'1-專案資訊'!A25:I33,9,0)/100)*(G27/L27+1)*H27,0) | Q27: =IF(AND(K27<>"",M27>0,L27<>"",E27<>"",G27<>"",H27<>""),VLOOKUP(K27,'1-專案資訊'!A25:I33,4,0)*(MAX(E27,F27)/1000-0.08+2*VLOOKUP(K27,'1-專案資訊'!A25:I33,9,0)/100)*M27*(G27/L27+1)*H27,0) | R27: =IF(AND(E27<>"",F27<>"",G27<>"",H27<>""),2*(E27+F27)*G27/1000000*H27,0) | S27: =IF(AND(I27<>"",J27<>"",G27<>"",H27<>""),ROUNDUP((G27/1000+VLOOKUP(I27,'1-專案資訊'!A25:I33,8,0)/100)/$B$3,0)*J27*H27,0) | T27: =IF(AND(S27>0,I27<>""),S27*VLOOKUP(I27,'1-專案資訊'!A25:I33,8,0)/100,0) | U27: =IF(OR(I27="#3 (D10)",I27="#4 (D13)",I27="#5 (D16)"),O27,0)+IF(OR(K27="#3 (D10)",K27="#4 (D13)",K27="#5 (D16)"),P27,0)+IF(OR(K27="#3 (D10)",K27="#4 (D13)",K27="#5 (D16)"),Q27,0) | V27: =IF(AND(I27<>"",I27<>"#3 (D10)",I27<>"#4 (D13)",I27<>"#5 (D16)"),O27,0)+IF(AND(K27<>"",K27<>"#3 (D10)",K27<>"#4 (D13)",K27<>"#5 (D16)"),P27,0)+IF(AND(K27<>"",K27<>"#3 (D10)",K27<>"#4 (D13)",K27<>"#5 (D16)"),Q27,0)
A28: 24 | N28: =IF(AND(E28<>"",F28<>"",G28<>"",H28<>""),E28*F28*G28/1000000000*H28,0) | O28: =IF(AND(I28<>"",J28<>"",G28<>"",H28<>""),VLOOKUP(I28,'1-專案資訊'!A25:I33,4,0)*(G28/1000+VLOOKUP(I28,'1-專案資訊'!A25:I33,8,0)/100)*J28*H28,0) | P28: =IF(AND(K28<>"",L28<>"",E28<>"",F28<>"",G28<>"",H28<>""),VLOOKUP(K28,'1-專案資訊'!A25:I33,4,0)*(2*((E28+F28)/1000-0.08)+2*VLOOKUP(K28,'1-專案資訊'!A25:I33,9,0)/100)*(G28/L28+1)*H28,0) | Q28: =IF(AND(K28<>"",M28>0,L28<>"",E28<>"",G28<>"",H28<>""),VLOOKUP(K28,'1-專案資訊'!A25:I33,4,0)*(MAX(E28,F28)/1000-0.08+2*VLOOKUP(K28,'1-專案資訊'!A25:I33,9,0)/100)*M28*(G28/L28+1)*H28,0) | R28: =IF(AND(E28<>"",F28<>"",G28<>"",H28<>""),2*(E28+F28)*G28/1000000*H28,0) | S28: =IF(AND(I28<>"",J28<>"",G28<>"",H28<>""),ROUNDUP((G28/1000+VLOOKUP(I28,'1-專案資訊'!A25:I33,8,0)/100)/$B$3,0)*J28*H28,0) | T28: =IF(AND(S28>0,I28<>""),S28*VLOOKUP(I28,'1-專案資訊'!A25:I33,8,0)/100,0) | U28: =IF(OR(I28="#3 (D10)",I28="#4 (D13)",I28="#5 (D16)"),O28,0)+IF(OR(K28="#3 (D10)",K28="#4 (D13)",K28="#5 (D16)"),P28,0)+IF(OR(K28="#3 (D10)",K28="#4 (D13)",K28="#5 (D16)"),Q28,0) | V28: =IF(AND(I28<>"",I28<>"#3 (D10)",I28<>"#4 (D13)",I28<>"#5 (D16)"),O28,0)+IF(AND(K28<>"",K28<>"#3 (D10)",K28<>"#4 (D13)",K28<>"#5 (D16)"),P28,0)+IF(AND(K28<>"",K28<>"#3 (D10)",K28<>"#4 (D13)",K28<>"#5 (D16)"),Q28,0)
A29: 25 | N29: =IF(AND(E29<>"",F29<>"",G29<>"",H29<>""),E29*F29*G29/1000000000*H29,0) | O29: =IF(AND(I29<>"",J29<>"",G29<>"",H29<>""),VLOOKUP(I29,'1-專案資訊'!A25:I33,4,0)*(G29/1000+VLOOKUP(I29,'1-專案資訊'!A25:I33,8,0)/100)*J29*H29,0) | P29: =IF(AND(K29<>"",L29<>"",E29<>"",F29<>"",G29<>"",H29<>""),VLOOKUP(K29,'1-專案資訊'!A25:I33,4,0)*(2*((E29+F29)/1000-0.08)+2*VLOOKUP(K29,'1-專案資訊'!A25:I33,9,0)/100)*(G29/L29+1)*H29,0) | Q29: =IF(AND(K29<>"",M29>0,L29<>"",E29<>"",G29<>"",H29<>""),VLOOKUP(K29,'1-專案資訊'!A25:I33,4,0)*(MAX(E29,F29)/1000-0.08+2*VLOOKUP(K29,'1-專案資訊'!A25:I33,9,0)/100)*M29*(G29/L29+1)*H29,0) | R29: =IF(AND(E29<>"",F29<>"",G29<>"",H29<>""),2*(E29+F29)*G29/1000000*H29,0) | S29: =IF(AND(I29<>"",J29<>"",G29<>"",H29<>""),ROUNDUP((G29/1000+VLOOKUP(I29,'1-專案資訊'!A25:I33,8,0)/100)/$B$3,0)*J29*H29,0) | T29: =IF(AND(S29>0,I29<>""),S29*VLOOKUP(I29,'1-專案資訊'!A25:I33,8,0)/100,0) | U29: =IF(OR(I29="#3 (D10)",I29="#4 (D13)",I29="#5 (D16)"),O29,0)+IF(OR(K29="#3 (D10)",K29="#4 (D13)",K29="#5 (D16)"),P29,0)+IF(OR(K29="#3 (D10)",K29="#4 (D13)",K29="#5 (D16)"),Q29,0) | V29: =IF(AND(I29<>"",I29<>"#3 (D10)",I29<>"#4 (D13)",I29<>"#5 (D16)"),O29,0)+IF(AND(K29<>"",K29<>"#3 (D10)",K29<>"#4 (D13)",K29<>"#5 (D16)"),P29,0)+IF(AND(K29<>"",K29<>"#3 (D10)",K29<>"#4 (D13)",K29<>"#5 (D16)"),Q29,0)
A30: 26 | N30: =IF(AND(E30<>"",F30<>"",G30<>"",H30<>""),E30*F30*G30/1000000000*H30,0) | O30: =IF(AND(I30<>"",J30<>"",G30<>"",H30<>""),VLOOKUP(I30,'1-專案資訊'!A25:I33,4,0)*(G30/1000+VLOOKUP(I30,'1-專案資訊'!A25:I33,8,0)/100)*J30*H30,0) | P30: =IF(AND(K30<>"",L30<>"",E30<>"",F30<>"",G30<>"",H30<>""),VLOOKUP(K30,'1-專案資訊'!A25:I33,4,0)*(2*((E30+F30)/1000-0.08)+2*VLOOKUP(K30,'1-專案資訊'!A25:I33,9,0)/100)*(G30/L30+1)*H30,0) | Q30: =IF(AND(K30<>"",M30>0,L30<>"",E30<>"",G30<>"",H30<>""),VLOOKUP(K30,'1-專案資訊'!A25:I33,4,0)*(MAX(E30,F30)/1000-0.08+2*VLOOKUP(K30,'1-專案資訊'!A25:I33,9,0)/100)*M30*(G30/L30+1)*H30,0) | R30: =IF(AND(E30<>"",F30<>"",G30<>"",H30<>""),2*(E30+F30)*G30/1000000*H30,0) | S30: =IF(AND(I30<>"",J30<>"",G30<>"",H30<>""),ROUNDUP((G30/1000+VLOOKUP(I30,'1-專案資訊'!A25:I33,8,0)/100)/$B$3,0)*J30*H30,0) | T30: =IF(AND(S30>0,I30<>""),S30*VLOOKUP(I30,'1-專案資訊'!A25:I33,8,0)/100,0) | U30: =IF(OR(I30="#3 (D10)",I30="#4 (D13)",I30="#5 (D16)"),O30,0)+IF(OR(K30="#3 (D10)",K30="#4 (D13)",K30="#5 (D16)"),P30,0)+IF(OR(K30="#3 (D10)",K30="#4 (D13)",K30="#5 (D16)"),Q30,0) | V30: =IF(AND(I30<>"",I30<>"#3 (D10)",I30<>"#4 (D13)",I30<>"#5 (D16)"),O30,0)+IF(AND(K30<>"",K30<>"#3 (D10)",K30<>"#4 (D13)",K30<>"#5 (D16)"),P30,0)+IF(AND(K30<>"",K30<>"#3 (D10)",K30<>"#4 (D13)",K30<>"#5 (D16)"),Q30,0)
A31: 27 | N31: =IF(AND(E31<>"",F31<>"",G31<>"",H31<>""),E31*F31*G31/1000000000*H31,0) | O31: =IF(AND(I31<>"",J31<>"",G31<>"",H31<>""),VLOOKUP(I31,'1-專案資訊'!A25:I33,4,0)*(G31/1000+VLOOKUP(I31,'1-專案資訊'!A25:I33,8,0)/100)*J31*H31,0) | P31: =IF(AND(K31<>"",L31<>"",E31<>"",F31<>"",G31<>"",H31<>""),VLOOKUP(K31,'1-專案資訊'!A25:I33,4,0)*(2*((E31+F31)/1000-0.08)+2*VLOOKUP(K31,'1-專案資訊'!A25:I33,9,0)/100)*(G31/L31+1)*H31,0) | Q31: =IF(AND(K31<>"",M31>0,L31<>"",E31<>"",G31<>"",H31<>""),VLOOKUP(K31,'1-專案資訊'!A25:I33,4,0)*(MAX(E31,F31)/1000-0.08+2*VLOOKUP(K31,'1-專案資訊'!A25:I33,9,0)/100)*M31*(G31/L31+1)*H31,0) | R31: =IF(AND(E31<>"",F31<>"",G31<>"",H31<>""),2*(E31+F31)*G31/1000000*H31,0) | S31: =IF(AND(I31<>"",J31<>"",G31<>"",H31<>""),ROUNDUP((G31/1000+VLOOKUP(I31,'1-專案資訊'!A25:I33,8,0)/100)/$B$3,0)*J31*H31,0) | T31: =IF(AND(S31>0,I31<>""),S31*VLOOKUP(I31,'1-專案資訊'!A25:I33,8,0)/100,0) | U31: =IF(OR(I31="#3 (D10)",I31="#4 (D13)",I31="#5 (D16)"),O31,0)+IF(OR(K31="#3 (D10)",K31="#4 (D13)",K31="#5 (D16)"),P31,0)+IF(OR(K31="#3 (D10)",K31="#4 (D13)",K31="#5 (D16)"),Q31,0) | V31: =IF(AND(I31<>"",I31<>"#3 (D10)",I31<>"#4 (D13)",I31<>"#5 (D16)"),O31,0)+IF(AND(K31<>"",K31<>"#3 (D10)",K31<>"#4 (D13)",K31<>"#5 (D16)"),P31,0)+IF(AND(K31<>"",K31<>"#3 (D10)",K31<>"#4 (D13)",K31<>"#5 (D16)"),Q31,0)
A32: 28 | N32: =IF(AND(E32<>"",F32<>"",G32<>"",H32<>""),E32*F32*G32/1000000000*H32,0) | O32: =IF(AND(I32<>"",J32<>"",G32<>"",H32<>""),VLOOKUP(I32,'1-專案資訊'!A25:I33,4,0)*(G32/1000+VLOOKUP(I32,'1-專案資訊'!A25:I33,8,0)/100)*J32*H32,0) | P32: =IF(AND(K32<>"",L32<>"",E32<>"",F32<>"",G32<>"",H32<>""),VLOOKUP(K32,'1-專案資訊'!A25:I33,4,0)*(2*((E32+F32)/1000-0.08)+2*VLOOKUP(K32,'1-專案資訊'!A25:I33,9,0)/100)*(G32/L32+1)*H32,0) | Q32: =IF(AND(K32<>"",M32>0,L32<>"",E32<>"",G32<>"",H32<>""),VLOOKUP(K32,'1-專案資訊'!A25:I33,4,0)*(MAX(E32,F32)/1000-0.08+2*VLOOKUP(K32,'1-專案資訊'!A25:I33,9,0)/100)*M32*(G32/L32+1)*H32,0) | R32: =IF(AND(E32<>"",F32<>"",G32<>"",H32<>""),2*(E32+F32)*G32/1000000*H32,0) | S32: =IF(AND(I32<>"",J32<>"",G32<>"",H32<>""),ROUNDUP((G32/1000+VLOOKUP(I32,'1-專案資訊'!A25:I33,8,0)/100)/$B$3,0)*J32*H32,0) | T32: =IF(AND(S32>0,I32<>""),S32*VLOOKUP(I32,'1-專案資訊'!A25:I33,8,0)/100,0) | U32: =IF(OR(I32="#3 (D10)",I32="#4 (D13)",I32="#5 (D16)"),O32,0)+IF(OR(K32="#3 (D10)",K32="#4 (D13)",K32="#5 (D16)"),P32,0)+IF(OR(K32="#3 (D10)",K32="#4 (D13)",K32="#5 (D16)"),Q32,0) | V32: =IF(AND(I32<>"",I32<>"#3 (D10)",I32<>"#4 (D13)",I32<>"#5 (D16)"),O32,0)+IF(AND(K32<>"",K32<>"#3 (D10)",K32<>"#4 (D13)",K32<>"#5 (D16)"),P32,0)+IF(AND(K32<>"",K32<>"#3 (D10)",K32<>"#4 (D13)",K32<>"#5 (D16)"),Q32,0)
A33: 29 | N33: =IF(AND(E33<>"",F33<>"",G33<>"",H33<>""),E33*F33*G33/1000000000*H33,0) | O33: =IF(AND(I33<>"",J33<>"",G33<>"",H33<>""),VLOOKUP(I33,'1-專案資訊'!A25:I33,4,0)*(G33/1000+VLOOKUP(I33,'1-專案資訊'!A25:I33,8,0)/100)*J33*H33,0) | P33: =IF(AND(K33<>"",L33<>"",E33<>"",F33<>"",G33<>"",H33<>""),VLOOKUP(K33,'1-專案資訊'!A25:I33,4,0)*(2*((E33+F33)/1000-0.08)+2*VLOOKUP(K33,'1-專案資訊'!A25:I33,9,0)/100)*(G33/L33+1)*H33,0) | Q33: =IF(AND(K33<>"",M33>0,L33<>"",E33<>"",G33<>"",H33<>""),VLOOKUP(K33,'1-專案資訊'!A25:I33,4,0)*(MAX(E33,F33)/1000-0.08+2*VLOOKUP(K33,'1-專案資訊'!A25:I33,9,0)/100)*M33*(G33/L33+1)*H33,0) | R33: =IF(AND(E33<>"",F33<>"",G33<>"",H33<>""),2*(E33+F33)*G33/1000000*H33,0) | S33: =IF(AND(I33<>"",J33<>"",G33<>"",H33<>""),ROUNDUP((G33/1000+VLOOKUP(I33,'1-專案資訊'!A25:I33,8,0)/100)/$B$3,0)*J33*H33,0) | T33: =IF(AND(S33>0,I33<>""),S33*VLOOKUP(I33,'1-專案資訊'!A25:I33,8,0)/100,0) | U33: =IF(OR(I33="#3 (D10)",I33="#4 (D13)",I33="#5 (D16)"),O33,0)+IF(OR(K33="#3 (D10)",K33="#4 (D13)",K33="#5 (D16)"),P33,0)+IF(OR(K33="#3 (D10)",K33="#4 (D13)",K33="#5 (D16)"),Q33,0) | V33: =IF(AND(I33<>"",I33<>"#3 (D10)",I33<>"#4 (D13)",I33<>"#5 (D16)"),O33,0)+IF(AND(K33<>"",K33<>"#3 (D10)",K33<>"#4 (D13)",K33<>"#5 (D16)"),P33,0)+IF(AND(K33<>"",K33<>"#3 (D10)",K33<>"#4 (D13)",K33<>"#5 (D16)"),Q33,0)
A34: 30 | N34: =IF(AND(E34<>"",F34<>"",G34<>"",H34<>""),E34*F34*G34/1000000000*H34,0) | O34: =IF(AND(I34<>"",J34<>"",G34<>"",H34<>""),VLOOKUP(I34,'1-專案資訊'!A25:I33,4,0)*(G34/1000+VLOOKUP(I34,'1-專案資訊'!A25:I33,8,0)/100)*J34*H34,0) | P34: =IF(AND(K34<>"",L34<>"",E34<>"",F34<>"",G34<>"",H34<>""),VLOOKUP(K34,'1-專案資訊'!A25:I33,4,0)*(2*((E34+F34)/1000-0.08)+2*VLOOKUP(K34,'1-專案資訊'!A25:I33,9,0)/100)*(G34/L34+1)*H34,0) | Q34: =IF(AND(K34<>"",M34>0,L34<>"",E34<>"",G34<>"",H34<>""),VLOOKUP(K34,'1-專案資訊'!A25:I33,4,0)*(MAX(E34,F34)/1000-0.08+2*VLOOKUP(K34,'1-專案資訊'!A25:I33,9,0)/100)*M34*(G34/L34+1)*H34,0) | R34: =IF(AND(E34<>"",F34<>"",G34<>"",H34<>""),2*(E34+F34)*G34/1000000*H34,0) | S34: =IF(AND(I34<>"",J34<>"",G34<>"",H34<>""),ROUNDUP((G34/1000+VLOOKUP(I34,'1-專案資訊'!A25:I33,8,0)/100)/$B$3,0)*J34*H34,0) | T34: =IF(AND(S34>0,I34<>""),S34*VLOOKUP(I34,'1-專案資訊'!A25:I33,8,0)/100,0) | U34: =IF(OR(I34="#3 (D10)",I34="#4 (D13)",I34="#5 (D16)"),O34,0)+IF(OR(K34="#3 (D10)",K34="#4 (D13)",K34="#5 (D16)"),P34,0)+IF(OR(K34="#3 (D10)",K34="#4 (D13)",K34="#5 (D16)"),Q34,0) | V34: =IF(AND(I34<>"",I34<>"#3 (D10)",I34<>"#4 (D13)",I34<>"#5 (D16)"),O34,0)+IF(AND(K34<>"",K34<>"#3 (D10)",K34<>"#4 (D13)",K34<>"#5 (D16)"),P34,0)+IF(AND(K34<>"",K34<>"#3 (D10)",K34<>"#4 (D13)",K34<>"#5 (D16)"),Q34,0)
B35: 合計 | N35: =SUM(N5:N34) | O35: =SUM(O5:O34) | P35: =SUM(P5:P34) | Q35: =SUM(Q5:Q34) | R35: =SUM(R5:R34) | S35: =SUM(S5:S34) | T35: =SUM(T5:T34) | U35: =SUM(U5:U34) | V35: =SUM(V5:V34)

Sheet 4-梁
A1: 梁 數量計算表
A2: 上下筋含搭接40D。箍筋含12D彎鉤，分密疏區。
A3: 預設鋼筋長度 (m): | B3: 6 | C3: ← 可調整
A4: No | B4: 樓層 | C4: 梁編號 | D4: ▼型式 | E4: B (mm) | F4: D (mm) | G4: L (mm) | H4: 數量 | I4: ▼上筋 | J4: 上支 | K4: ▼下筋 | L4: 下支 | M4: ▼箍筋 | N4: 密箍 (mm) | O4: 疏箍 (mm) | P4: 腰筋 | Q4: 混凝土 (m3) | R4: 上筋重 (kg) | S4: 下筋重 (kg) | T4: 箍筋重 (kg) | U4: 模板 (m2) | V4: 搭接次數 | W4: 搭接長度 (m) | X4: SD280 (kg) | Y4: SD420 (kg)
A5: 1 | Q5: =IF(AND(E5<>"",F5<>"",G5<>"",H5<>""),E5*F5*G5/1000000000*H5,0) | R5: =IF(AND(I5<>"",J5<>"",G5<>"",H5<>""),VLOOKUP(I5,'1-專案資訊'!A25:I33,4,0)*(G5/1000+2*VLOOKUP(I5,'1-專案資訊'!A25:I33,8,0)/100)*J5*H5,0) | S5: =IF(AND(K5<>"",L5<>"",G5<>"",H5<>""),VLOOKUP(K5,'1-專案資訊'!A25:I33,4,0)*(G5/1000+2*VLOOKUP(K5,'1-專案資訊'!A25:I33,8,0)/100)*L5*H5,0) | T5: =IF(AND(M5<>"",N5<>"",O5<>"",E5<>"",F5<>"",G5<>"",H5<>""),VLOOKUP(M5,'1-專案資訊'!A25:I33,4,0)*(2*((E5+F5)/1000-0.08)+2*VLOOKUP(M5,'1-專案資訊'!A25:I33,9,0)/100)*((G5*0.4/N5)+(G5*0.6/O5)+2)*H5,0) | U5: =IF(AND(E5<>"",F5<>"",G5<>"",H5<>""),(2*F5+E5)*G5/1000000*H5,0) | V5: =IF(AND(I5<>"",J5<>"",G5<>"",H5<>""),(ROUNDUP((G5/1000+2*VLOOKUP(I5,'1-專案資訊'!A25:I33,8,0)/100)/$B$3,0)-1)*(J5+L5)*H5,0) | W5: =IF(AND(V5>0,I5<>""),V5*VLOOKUP(I5,'1-專案資訊'!A25:I33,8,0)/100,0) | X5: =IF(OR(I5="#3 (D10)",I5="#4 (D13)",I5="#5 (D16)"),R5,0)+IF(OR(K5="#3 (D10)",K5="#4 (D13)",K5="#5 (D16)"),S5,0)+IF(OR(M5="#3 (D10)",M5="#4 (D13)",M5="#5 (D16)"),T5,0) | Y5: =IF(AND(I5<>"",I5<>"#3 (D10)",I5<>"#4 (D13)",I5<>"#5 (D16)"),R5,0)+IF(AND(K5<>"",K5<>"#3 (D10)",K5<>"#4 (D13)",K5<>"#5 (D16)"),S5,0)+IF(AND(M5<>"",M5<>"#3 (D10)",M5<>"#4 (D13)",M5<>"#5 (D16)"),T5,0)
A6: 2 | Q6: =IF(AND(E6<>"",F6<>"",G6<>"",H6<>""),E6*F6*G6/1000000000*H6,0) | R6: =IF(AND(I6<>"",J6<>"",G6<>"",H6<>""),VLOOKUP(I6,'1-專案資訊'!A25:I33,4,0)*(G6/1000+2*VLOOKUP(I6,'1-專案資訊'!A25:I33,8,0)/100)*J6*H6,0) | S6: =IF(AND(K6<>"",L6<>"",G6<>"",H6<>""),VLOOKUP(K6,'1-專案資訊'!A25:I33,4,0)*(G6/1000+2*VLOOKUP(K6,'1-專案資訊'!A25:I33,8,0)/100)*L6*H6,0) | T6: =IF(AND(M6<>"",N6<>"",O6<>"",E6<>"",F6<>"",G6<>"",H6<>""),VLOOKUP(M6,'1-專案資訊'!A25:I33,4,0)*(2*((E6+F6)/1000-0.08)+2*VLOOKUP(M6,'1-專案資訊'!A25:I33,9,0)/100)*((G6*0.4/N6)+(G6*0.6/O6)+2)*H6,0) | U6: =IF(AND(E6<>"",F6<>"",G6<>"",H6<>""),(2*F6+E6)*G6/1000000*H6,0) | V6: =IF(AND(I6<>"",J6<>"",G6<>"",H6<>""),(ROUNDUP((G6/1000+2*VLOOKUP(I6,'1-專案資訊'!A25:I33,8,0)/100)/$B$3,0)-1)*(J6+L6)*H6,0) | W6: =IF(AND(V6>0,I6<>""),V6*VLOOKUP(I6,'1-專案資訊'!A25:I33,8,0)/100,0) | X6: =IF(OR(I6="#3 (D10)",I6="#4 (D13)",I6="#5 (D16)"),R6,0)+IF(OR(K6="#3 (D10)",K6="#4 (D13)",K6="#5 (D16)"),S6,0)+IF(OR(M6="#3 (D10)",M6="#4 (D13)",M6="#5 (D16)"),T6,0) | Y6: =IF(AND(I6<>"",I6<>"#3 (D10)",I6<>"#4 (D13)",I6<>"#5 (D16)"),R6,0)+IF(AND(K6<>"",K6<>"#3 (D10)",K6<>"#4 (D13)",K6<>"#5 (D16)"),S6,0)+IF(AND(M6<>"",M6<>"#3 (D10)",M6<>"#4 (D13)",M6<>"#5 (D16)"),T6,0)
A7: 3 | Q7: =IF(AND(E7<>"",F7<>"",G7<>"",H7<>""),E7*F7*G7/1000000000*H7,0) | R7: =IF(AND(I7<>"",J7<>"",G7<>"",H7<>""),VLOOKUP(I7,'1-專案資訊'!A25:I33,4,0)*(G7/1000+2*VLOOKUP(I7,'1-專案資訊'!A25:I33,8,0)/100)*J7*H7,0) | S7: =IF(AND(K7<>"",L7<>"",G7<>"",H7<>""),VLOOKUP(K7,'1-專案資訊'!A25:I33,4,0)*(G7/1000+2*VLOOKUP(K7,'1-專案資訊'!A25:I33,8,0)/100)*L7*H7,0) | T7: =IF(AND(M7<>"",N7<>"",O7<>"",E7<>"",F7<>"",G7<>"",H7<>""),VLOOKUP(M7,'1-專案資訊'!A25:I33,4,0)*(2*((E7+F7)/1000-0.08)+2*VLOOKUP(M7,'1-專案資訊'!A25:I33,9,0)/100)*((G7*0.4/N7)+(G7*0.6/O7)+2)*H7,0) | U7: =IF(AND(E7<>"",F7<>"",G7<>"",H7<>""),(2*F7+E7)*G7/1000000*H7,0) | V7: =IF(AND(I7<>"",J7<>"",G7<>"",H7<>""),(ROUNDUP((G7/1000+2*VLOOKUP(I7,'1-專案資訊'!A25:I33,8,0)/100)/$B$3,0)-1)*(J7+L7)*H7,0) | W7: =IF(AND(V7>0,I7<>""),V7*VLOOKUP(I7,'1-專案資訊'!A25:I33,8,0)/100,0) | X7: =IF(OR(I7="#3 (D10)",I7="#4 (D13)",I7="#5 (D16)"),R7,0)+IF(OR(K7="#3 (D10)",K7="#4 (D13)",K7="#5 (D16)"),S7,0)+IF(OR(M7="#3 (D10)",M7="#4 (D13)",M7="#5 (D16)"),T7,0) | Y7: =IF(AND(I7<>"",I7<>"#3 (D10)",I7<>"#4 (D13)",I7<>"#5 (D16)"),R7,0)+IF(AND(K7<>"",K7<>"#3 (D10)",K7<>"#4 (D13)",K7<>"#5 (D16)"),S7,0)+IF(AND(M7<>"",M7<>"#3 (D10)",M7<>"#4 (D13)",M7<>"#5 (D16)"),T7,0)
A8: 4 | Q8: =IF(AND(E8<>"",F8<>"",G8<>"",H8<>""),E8*F8*G8/1000000000*H8,0) | R8: =IF(AND(I8<>"",J8<>"",G8<>"",H8<>""),VLOOKUP(I8,'1-專案資訊'!A25:I33,4,0)*(G8/1000+2*VLOOKUP(I8,'1-專案資訊'!A25:I33,8,0)/100)*J8*H8,0) | S8: =IF(AND(K8<>"",L8<>"",G8<>"",H8<>""),VLOOKUP(K8,'1-專案資訊'!A25:I33,4,0)*(G8/1000+2*VLOOKUP(K8,'1-專案資訊'!A25:I33,8,0)/100)*L8*H8,0) | T8: =IF(AND(M8<>"",N8<>"",O8<>"",E8<>"",F8<>"",G8<>"",H8<>""),VLOOKUP(M8,'1-專案資訊'!A25:I33,4,0)*(2*((E8+F8)/1000-0.08)+2*VLOOKUP(M8,'1-專案資訊'!A25:I33,9,0)/100)*((G8*0.4/N8)+(G8*0.6/O8)+2)*H8,0) | U8: =IF(AND(E8<>"",F8<>"",G8<>"",H8<>""),(2*F8+E8)*G8/1000000*H8,0) | V8: =IF(AND(I8<>"",J8<>"",G8<>"",H8<>""),(ROUNDUP((G8/1000+2*VLOOKUP(I8,'1-專案資訊'!A25:I33,8,0)/100)/$B$3,0)-1)*(J8+L8)*H8,0) | W8: =IF(AND(V8>0,I8<>""),V8*VLOOKUP(I8,'1-專案資訊'!A25:I33,8,0)/100,0) | X8: =IF(OR(I8="#3 (D10)",I8="#4 (D13)",I8="#5 (D16)"),R8,0)+IF(OR(K8="#3 (D10)",K8="#4 (D13)",K8="#5 (D16)"),S8,0)+IF(OR(M8="#3 (D10)",M8="#4 (D13)",M8="#5 (D16)"),T8,0) | Y8: =IF(AND(I8<>"",I8<>"#3 (D10)",I8<>"#4 (D13)",I8<>"#5 (D16)"),R8,0)+IF(AND(K8<>"",K8<>"#3 (D10)",K8<>"#4 (D13)",K8<>"#5 (D16)"),S8,0)+IF(AND(M8<>"",M8<>"#3 (D10)",M8<>"#4 (D13)",M8<>"#5 (D16)"),T8,0)
A9: 5 | Q9: =IF(AND(E9<>"",F9<>"",G9<>"",H9<>""),E9*F9*G9/1000000000*H9,0) | R9: =IF(AND(I9<>"",J9<>"",G9<>"",H9<>""),VLOOKUP(I9,'1-專案資訊'!A25:I33,4,0)*(G9/1000+2*VLOOKUP(I9,'1-專案資訊'!A25:I33,8,0)/100)*J9*H9,0) | S9: =IF(AND(K9<>"",L9<>"",G9<>"",H9<>""),VLOOKUP(K9,'1-專案資訊'!A25:I33,4,0)*(G9/1000+2*VLOOKUP(K9,'1-專案資訊'!A25:I33,8,0)/100)*L9*H9,0) | T9: =IF(AND(M9<>"",N9<>"",O9<>"",E9<>"",F9<>"",G9<>"",H9<>""),VLOOKUP(M9,'1-專案資訊'!A25:I33,4,0)*(2*((E9+F9)/1000-0.08)+2*VLOOKUP(M9,'1-專案資訊'!A25:I33,9,0)/100)*((G9*0.4/N9)+(G9*0.6/O9)+2)*H9,0) | U9: =IF(AND(E9<>"",F9<>"",G9<>"",H9<>""),(2*F9+E9)*G9/1000000*H9,0) | V9: =IF(AND(I9<>"",J9<>"",G9<>"",H9<>""),(ROUNDUP((G9/1000+2*VLOOKUP(I9,'1-專案資訊'!A25:I33,8,0)/100)/$B$3,0)-1)*(J9+L9)*H9,0) | W9: =IF(AND(V9>0,I9<>""),V9*VLOOKUP(I9,'1-專案資訊'!A25:I33,8,0)/100,0) | X9: =IF(OR(I9="#3 (D10)",I9="#4 (D13)",I9="#5 (D16)"),R9,0)+IF(OR(K9="#3 (D10)",K9="#4 (D13)",K9="#5 (D16)"),S9,0)+IF(OR(M9="#3 (D10)",M9="#4 (D13)",M9="#5 (D16)"),T9,0) | Y9: =IF(AND(I9<>"",I9<>"#3 (D10)",I9<>"#4 (D13)",I9<>"#5 (D16)"),R9,0)+IF(AND(K9<>"",K9<>"#3 (D10)",K9<>"#4 (D13)",K9<>"#5 (D16)"),S9,0)+IF(AND(M9<>"",M9<>"#3 (D10)",M9<>"#4 (D13)",M9<>"#5 (D16)"),T9,0)
A10: 6 | Q10: =IF(AND(E10<>"",F10<>"",G10<>"",H10<>""),E10*F10*G10/1000000000*H10,0) | R10: =IF(AND(I10<>"",J10<>"",G10<>"",H10<>""),VLOOKUP(I10,'1-專案資訊'!A25:I33,4,0)*(G10/1000+2*VLOOKUP(I10,'1-專案資訊'!A25:I33,8,0)/100)*J10*H10,0) | S10: =IF(AND(K10<>"",L10<>"",G10<>"",H10<>""),VLOOKUP(K10,'1-專案資訊'!A25:I33,4,0)*(G10/1000+2*VLOOKUP(K10,'1-專案資訊'!A25:I33,8,0)/100)*L10*H10,0) | T10: =IF(AND(M10<>"",N10<>"",O10<>"",E10<>"",F10<>"",G10<>"",H10<>""),VLOOKUP(M10,'1-專案資訊'!A25:I33,4,0)*(2*((E10+F10)/1000-0.08)+2*VLOOKUP(M10,'1-專案資訊'!A25:I33,9,0)/100)*((G10*0.4/N10)+(G10*0.6/O10)+2)*H10,0) | U10: =IF(AND(E10<>"",F10<>"",G10<>"",H10<>""),(2*F10+E10)*G10/1000000*H10,0) | V10: =IF(AND(I10<>"",J10<>"",G10<>"",H10<>""),(ROUNDUP((G10/1000+2*VLOOKUP(I10,'1-專案資訊'!A25:I33,8,0)/100)/$B$3,0)-1)*(J10+L10)*H10,0) | W10: =IF(AND(V10>0,I10<>""),V10*VLOOKUP(I10,'1-專案資訊'!A25:I33,8,0)/100,0) | X10: =IF(OR(I10="#3 (D10)",I10="#4 (D13)",I10="#5 (D16)"),R10,0)+IF(OR(K10="#3 (D10)",K10="#4 (D13)",K10="#5 (D16)"),S10,0)+IF(OR(M10="#3 (D10)",M10="#4 (D13)",M10="#5 (D16)"),T10,0) | Y10: =IF(AND(I10<>"",I10<>"#3 (D10)",I10<>"#4 (D13)",I10<>"#5 (D16)"),R10,0)+IF(AND(K10<>"",K10<>"#3 (D10)",K10<>"#4 (D13)",K10<>"#5 (D16)"),S10,0)+IF(AND(M10<>"",M10<>"#3 (D10)",M10<>"#4 (D13)",M10<>"#5 (D16)"),T10,0)
A11: 7 | Q11: =IF(AND(E11<>"",F11<>"",G11<>"",H11<>""),E11*F11*G11/1000000000*H11,0) | R11: =IF(AND(I11<>"",J11<>"",G11<>"",H11<>""),VLOOKUP(I11,'1-專案資訊'!A25:I33,4,0)*(G11/1000+2*VLOOKUP(I11,'1-專案資訊'!A25:I33,8,0)/100)*J11*H11,0) | S11: =IF(AND(K11<>"",L11<>"",G11<>"",H11<>""),VLOOKUP(K11,'1-專案資訊'!A25:I33,4,0)*(G11/1000+2*VLOOKUP(K11,'1-專案資訊'!A25:I33,8,0)/100)*L11*H11,0) | T11: =IF(AND(M11<>"",N11<>"",O11<>"",E11<>"",F11<>"",G11<>"",H11<>""),VLOOKUP(M11,'1-專案資訊'!A25:I33,4,0)*(2*((E11+F11)/1000-0.08)+2*VLOOKUP(M11,'1-專案資訊'!A25:I33,9,0)/100)*((G11*0.4/N11)+(G11*0.6/O11)+2)*H11,0) | U11: =IF(AND(E11<>"",F11<>"",G11<>"",H11<>""),(2*F11+E11)*G11/1000000*H11,0) | V11: =IF(AND(I11<>"",J11<>"",G11<>"",H11<>""),(ROUNDUP((G11/1000+2*VLOOKUP(I11,'1-專案資訊'!A25:I33,8,0)/100)/$B$3,0)-1)*(J11+L11)*H11,0) | W11: =IF(AND(V11>0,I11<>""),V11*VLOOKUP(I11,'1-專案資訊'!A25:I33,8,0)/100,0) | X11: =IF(OR(I11="#3 (D10)",I11="#4 (D13)",I11="#5 (D16)"),R11,0)+IF(OR(K11="#3 (D10)",K11="#4 (D13)",K11="#5 (D16)"),S11,0)+IF(OR(M11="#3 (D10)",M11="#4 (D13)",M11="#5 (D16)"),T11,0) | Y11: =IF(AND(I11<>"",I11<>"#3 (D10)",I11<>"#4 (D13)",I11<>"#5 (D16)"),R11,0)+IF(AND(K11<>"",K11<>"#3 (D10)",K11<>"#4 (D13)",K11<>"#5 (D16)"),S11,0)+IF(AND(M11<>"",M11<>"#3 (D10)",M11<>"#4 (D13)",M11<>"#5 (D16)"),T11,0)
A12: 8 | Q12: =IF(AND(E12<>"",F12<>"",G12<>"",H12<>""),E12*F12*G12/1000000000*H12,0) | R12: =IF(AND(I12<>"",J12<>"",G12<>"",H12<>""),VLOOKUP(I12,'1-專案資訊'!A25:I33,4,0)*(G12/1000+2*VLOOKUP(I12,'1-專案資訊'!A25:I33,8,0)/100)*J12*H12,0) | S12: =IF(AND(K12<>"",L12<>"",G12<>"",H12<>""),VLOOKUP(K12,'1-專案資訊'!A25:I33,4,0)*(G12/1000+2*VLOOKUP(K12,'1-專案資訊'!A25:I33,8,0)/100)*L12*H12,0) | T12: =IF(AND(M12<>"",N12<>"",O12<>"",E12<>"",F12<>"",G12<>"",H12<>""),VLOOKUP(M12,'1-專案資訊'!A25:I33,4,0)*(2*((E12+F12)/1000-0.08)+2*VLOOKUP(M12,'1-專案資訊'!A25:I33,9,0)/100)*((G12*0.4/N12)+(G12*0.6/O12)+2)*H12,0) | U12: =IF(AND(E12<>"",F12<>"",G12<>"",H12<>""),(2*F12+E12)*G12/1000000*H12,0) | V12: =IF(AND(I12<>"",J12<>"",G12<>"",H12<>""),(ROUNDUP((G12/1000+2*VLOOKUP(I12,'1-專案資訊'!A25:I33,8,0)/100)/$B$3,0)-1)*(J12+L12)*H12,0) | W12: =IF(AND(V12>0,I12<>""),V12*VLOOKUP(I12,'1-專案資訊'!A25:I33,8,0)/100,0) | X12: =IF(OR(I12="#3 (D10)",I12="#4 (D13)",I12="#5 (D16)"),R12,0)+IF(OR(K12="#3 (D10)",K12="#4 (D13)",K12="#5 (D16)"),S12,0)+IF(OR(M12="#3 (D10)",M12="#4 (D13)",M12="#5 (D16)"),T12,0) | Y12: =IF(AND(I12<>"",I12<>"#3 (D10)",I12<>"#4 (D13)",I12<>"#5 (D16)"),R12,0)+IF(AND(K12<>"",K12<>"#3 (D10)",K12<>"#4 (D13)",K12<>"#5 (D16)"),S12,0)+IF(AND(M12<>"",M12<>"#3 (D10)",M12<>"#4 (D13)",M12<>"#5 (D16)"),T12,0)
A13: 9 | Q13: =IF(AND(E13<>"",F13<>"",G13<>"",H13<>""),E13*F13*G13/1000000000*H13,0) | R13: =IF(AND(I13<>"",J13<>"",G13<>"",H13<>""),VLOOKUP(I13,'1-專案資訊'!A25:I33,4,0)*(G13/1000+2*VLOOKUP(I13,'1-專案資訊'!A25:I33,8,0)/100)*J13*H13,0) | S13: =IF(AND(K13<>"",L13<>"",G13<>"",H13<>""),VLOOKUP(K13,'1-專案資訊'!A25:I33,4,0)*(G13/1000+2*VLOOKUP(K13,'1-專案資訊'!A25:I33,8,0)/100)*L13*H13,0) | T13: =IF(AND(M13<>"",N13<>"",O13<>"",E13<>"",F13<>"",G13<>"",H13<>""),VLOOKUP(M13,'1-專案資訊'!A25:I33,4,0)*(2*((E13+F13)/1000-0.08)+2*VLOOKUP(M13,'1-專案資訊'!A25:I33,9,0)/100)*((G13*0.4/N13)+(G13*0.6/O13)+2)*H13,0) | U13: =IF(AND(E13<>"",F13<>"",G13<>"",H13<>""),(2*F13+E13)*G13/1000000*H13,0) | V13: =IF(AND(I13<>"",J13<>"",G13<>"",H13<>""),(ROUNDUP((G13/1000+2*VLOOKUP(I13,'1-專案資訊'!A25:I33,8,0)/100)/$B$3,0)-1)*(J13+L13)*H13,0) | W13: =IF(AND(V13>0,I13<>""),V13*VLOOKUP(I13,'1-專案資訊'!A25:I33,8,0)/100,0) | X13: =IF(OR(I13="#3 (D10)",I13="#4 (D13)",I13="#5 (D16)"),R13,0)+IF(OR(K13="#3 (D10)",K13="#4 (D13)",K13="#5 (D16)"),S13,0)+IF(OR(M13="#3 (D10)",M13="#4 (D13)",M13="#5 (D16)"),T13,0) | Y13: =IF(AND(I13<>"",I13<>"#3 (D10)",I13<>"#4 (D13)",I13<>"#5 (D16)"),R13,0)+IF(AND(K13<>"",K13<>"#3 (D10)",K13<>"#4 (D13)",K13<>"#5 (D16)"),S13,0)+IF(AND(M13<>"",M13<>"#3 (D10)",M13<>"#4 (D13)",M13<>"#5 (D16)"),T13,0)
A14: 10 | Q14: =IF(AND(E14<>"",F14<>"",G14<>"",H14<>""),E14*F14*G14/1000000000*H14,0) | R14: =IF(AND(I14<>"",J14<>"",G14<>"",H14<>""),VLOOKUP(I14,'1-專案資訊'!A25:I33,4,0)*(G14/1000+2*VLOOKUP(I14,'1-專案資訊'!A25:I33,8,0)/100)*J14*H14,0) | S14: =IF(AND(K14<>"",L14<>"",G14<>"",H14<>""),VLOOKUP(K14,'1-專案資訊'!A25:I33,4,0)*(G14/1000+2*VLOOKUP(K14,'1-專案資訊'!A25:I33,8,0)/100)*L14*H14,0) | T14: =IF(AND(M14<>"",N14<>"",O14<>"",E14<>"",F14<>"",G14<>"",H14<>""),VLOOKUP(M14,'1-專案資訊'!A25:I33,4,0)*(2*((E14+F14)/1000-0.08)+2*VLOOKUP(M14,'1-專案資訊'!A25:I33,9,0)/100)*((G14*0.4/N14)+(G14*0.6/O14)+2)*H14,0) | U14: =IF(AND(E14<>"",F14<>"",G14<>"",H14<>""),(2*F14+E14)*G14/1000000*H14,0) | V14: =IF(AND(I14<>"",J14<>"",G14<>"",H14<>""),(ROUNDUP((G14/1000+2*VLOOKUP(I14,'1-專案資訊'!A25:I33,8,0)/100)/$B$3,0)-1)*(J14+L14)*H14,0) | W14: =IF(AND(V14>0,I14<>""),V14*VLOOKUP(I14,'1-專案資訊'!A25:I33,8,0)/100,0) | X14: =IF(OR(I14="#3 (D10)",I14="#4 (D13)",I14="#5 (D16)"),R14,0)+IF(OR(K14="#3 (D10)",K14="#4 (D13)",K14="#5 (D16)"),S14,0)+IF(OR(M14="#3 (D10)",M14="#4 (D13)",M14="#5 (D16)"),T14,0) | Y14: =IF(AND(I14<>"",I14<>"#3 (D10)",I14<>"#4 (D13)",I14<>"#5 (D16)"),R14,0)+IF(AND(K14<>"",K14<>"#3 (D10)",K14<>"#4 (D13)",K14<>"#5 (D16)"),S14,0)+IF(AND(M14<>"",M14<>"#3 (D10)",M14<>"#4 (D13)",M14<>"#5 (D16)"),T14,0)
A15: 11 | Q15: =IF(AND(E15<>"",F15<>"",G15<>"",H15<>""),E15*F15*G15/1000000000*H15,0) | R15: =IF(AND(I15<>"",J15<>"",G15<>"",H15<>""),VLOOKUP(I15,'1-專案資訊'!A25:I33,4,0)*(G15/1000+2*VLOOKUP(I15,'1-專案資訊'!A25:I33,8,0)/100)*J15*H15,0) | S15: =IF(AND(K15<>"",L15<>"",G15<>"",H15<>""),VLOOKUP(K15,'1-專案資訊'!A25:I33,4,0)*(G15/1000+2*VLOOKUP(K15,'1-專案資訊'!A25:I33,8,0)/100)*L15*H15,0) | T15: =IF(AND(M15<>"",N15<>"",O15<>"",E15<>"",F15<>"",G15<>"",H15<>""),VLOOKUP(M15,'1-專案資訊'!A25:I33,4,0)*(2*((E15+F15)/1000-0.08)+2*VLOOKUP(M15,'1-專案資訊'!A25:I33,9,0)/100)*((G15*0.4/N15)+(G15*0.6/O15)+2)*H15,0) | U15: =IF(AND(E15<>"",F15<>"",G15<>"",H15<>""),(2*F15+E15)*G15/1000000*H15,0) | V15: =IF(AND(I15<>"",J15<>"",G15<>"",H15<>""),(ROUNDUP((G15/1000+2*VLOOKUP(I15,'1-專案資訊'!A25:I33,8,0)/100)/$B$3,0)-1)*(J15+L15)*H15,0) | W15: =IF(AND(V15>0,I15<>""),V15*VLOOKUP(I15,'1-專案資訊'!A25:I33,8,0)/100,0) | X15: =IF(OR(I15="#3 (D10)",I15="#4 (D13)",I15="#5 (D16)"),R15,0)+IF(OR(K15="#3 (D10)",K15="#4 (D13)",K15="#5 (D16)"),S15,0)+IF(OR(M15="#3 (D10)",M15="#4 (D13)",M15="#5 (D16)"),T15,0) | Y15: =IF(AND(I15<>"",I15<>"#3 (D10)",I15<>"#4 (D13)",I15<>"#5 (D16)"),R15,0)+IF(AND(K15<>"",K15<>"#3 (D10)",K15<>"#4 (D13)",K15<>"#5 (D16)"),S15,0)+IF(AND(M15<>"",M15<>"#3 (D10)",M15<>"#4 (D13)",M15<>"#5 (D16)"),T15,0)
A16: 12 | Q16: =IF(AND(E16<>"",F16<>"",G16<>"",H16<>""),E16*F16*G16/1000000000*H16,0) | R16: =IF(AND(I16<>"",J16<>"",G16<>"",H16<>""),VLOOKUP(I16,'1-專案資訊'!A25:I33,4,0)*(G16/1000+2*VLOOKUP(I16,'1-專案資訊'!A25:I33,8,0)/100)*J16*H16,0) | S16: =IF(AND(K16<>"",L16<>"",G16<>"",H16<>""),VLOOKUP(K16,'1-專案資訊'!A25:I33,4,0)*(G16/1000+2*VLOOKUP(K16,'1-專案資訊'!A25:I33,8,0)/100)*L16*H16,0) | T16: =IF(AND(M16<>"",N16<>"",O16<>"",E16<>"",F16<>"",G16<>"",H16<>""),VLOOKUP(M16,'1-專案資訊'!A25:I33,4,0)*(2*((E16+F16)/1000-0.08)+2*VLOOKUP(M16,'1-專案資訊'!A25:I33,9,0)/100)*((G16*0.4/N16)+(G16*0.6/O16)+2)*H16,0) | U16: =IF(AND(E16<>"",F16<>"",G16<>"",H16<>""),(2*F16+E16)*G16/1000000*H16,0) | V16: =IF(AND(I16<>"",J16<>"",G16<>"",H16<>""),(ROUNDUP((G16/1000+2*VLOOKUP(I16,'1-專案資訊'!A25:I33,8,0)/100)/$B$3,0)-1)*(J16+L16)*H16,0) | W16: =IF(AND(V16>0,I16<>""),V16*VLOOKUP(I16,'1-專案資訊'!A25:I33,8,0)/100,0) | X16: =IF(OR(I16="#3 (D10)",I16="#4 (D13)",I16="#5 (D16)"),R16,0)+IF(OR(K16="#3 (D10)",K16="#4 (D13)",K16="#5 (D16)"),S16,0)+IF(OR(M16="#3 (D10)",M16="#4 (D13)",M16="#5 (D16)"),T16,0) | Y16: =IF(AND(I16<>"",I16<>"#3 (D10)",I16<>"#4 (D13)",I16<>"#5 (D16)"),R16,0)+IF(AND(K16<>"",K16<>"#3 (D10)",K16<>"#4 (D13)",K16<>"#5 (D16)"),S16,0)+IF(AND(M16<>"",M16<>"#3 (D10)",M16<>"#4 (D13)",M16<>"#5 (D16)"),T16,0)
A17: 13 | Q17: =IF(AND(E17<>"",F17<>"",G17<>"",H17<>""),E17*F17*G17/1000000000*H17,0) | R17: =IF(AND(I17<>"",J17<>"",G17<>"",H17<>""),VLOOKUP(I17,'1-專案資訊'!A25:I33,4,0)*(G17/1000+2*VLOOKUP(I17,'1-專案資訊'!A25:I33,8,0)/100)*J17*H17,0) | S17: =IF(AND(K17<>"",L17<>"",G17<>"",H17<>""),VLOOKUP(K17,'1-專案資訊'!A25:I33,4,0)*(G17/1000+2*VLOOKUP(K17,'1-專案資訊'!A25:I33,8,0)/100)*L17*H17,0) | T17: =IF(AND(M17<>"",N17<>"",O17<>"",E17<>"",F17<>"",G17<>"",H17<>""),VLOOKUP(M17,'1-專案資訊'!A25:I33,4,0)*(2*((E17+F17)/1000-0.08)+2*VLOOKUP(M17,'1-專案資訊'!A25:I33,9,0)/100)*((G17*0.4/N17)+(G17*0.6/O17)+2)*H17,0) | U17: =IF(AND(E17<>"",F17<>"",G17<>"",H17<>""),(2*F17+E17)*G17/1000000*H17,0) | V17: =IF(AND(I17<>"",J17<>"",G17<>"",H17<>""),(ROUNDUP((G17/1000+2*VLOOKUP(I17,'1-專案資訊'!A25:I33,8,0)/100)/$B$3,0)-1)*(J17+L17)*H17,0) | W17: =IF(AND(V17>0,I17<>""),V17*VLOOKUP(I17,'1-專案資訊'!A25:I33,8,0)/100,0) | X17: =IF(OR(I17="#3 (D10)",I17="#4 (D13)",I17="#5 (D16)"),R17,0)+IF(OR(K17="#3 (D10)",K17="#4 (D13)",K17="#5 (D16)"),S17,0)+IF(OR(M17="#3 (D10)",M17="#4 (D13)",M17="#5 (D16)"),T17,0) | Y17: =IF(AND(I17<>"",I17<>"#3 (D10)",I17<>"#4 (D13)",I17<>"#5 (D16)"),R17,0)+IF(AND(K17<>"",K17<>"#3 (D10)",K17<>"#4 (D13)",K17<>"#5 (D16)"),S17,0)+IF(AND(M17<>"",M17<>"#3 (D10)",M17<>"#4 (D13)",M17<>"#5 (D16)"),T17,0)
A18: 14 | Q18: =IF(AND(E18<>"",F18<>"",G18<>"",H18<>""),E18*F18*G18/1000000000*H18,0) | R18: =IF(AND(I18<>"",J18<>"",G18<>"",H18<>""),VLOOKUP(I18,'1-專案資訊'!A25:I33,4,0)*(G18/1000+2*VLOOKUP(I18,'1-專案資訊'!A25:I33,8,0)/100)*J18*H18,0) | S18: =IF(AND(K18<>"",L18<>"",G18<>"",H18<>""),VLOOKUP(K18,'1-專案資訊'!A25:I33,4,0)*(G18/1000+2*VLOOKUP(K18,'1-專案資訊'!A25:I33,8,0)/100)*L18*H18,0) | T18: =IF(AND(M18<>"",N18<>"",O18<>"",E18<>"",F18<>"",G18<>"",H18<>""),VLOOKUP(M18,'1-專案資訊'!A25:I33,4,0)*(2*((E18+F18)/1000-0.08)+2*VLOOKUP(M18,'1-專案資訊'!A25:I33,9,0)/100)*((G18*0.4/N18)+(G18*0.6/O18)+2)*H18,0) | U18: =IF(AND(E18<>"",F18<>"",G18<>"",H18<>""),(2*F18+E18)*G18/1000000*H18,0) | V18: =IF(AND(I18<>"",J18<>"",G18<>"",H18<>""),(ROUNDUP((G18/1000+2*VLOOKUP(I18,'1-專案資訊'!A25:I33,8,0)/100)/$B$3,0)-1)*(J18+L18)*H18,0) | W18: =IF(AND(V18>0,I18<>""),V18*VLOOKUP(I18,'1-專案資訊'!A25:I33,8,0)/100,0) | X18: =IF(OR(I18="#3 (D10)",I18="#4 (D13)",I18="#5 (D16)"),R18,0)+IF(OR(K18="#3 (D10)",K18="#4 (D13)",K18="#5 (D16)"),S18,0)+IF(OR(M18="#3 (D10)",M18="#4 (D13)",M18="#5 (D16)"),T18,0) | Y18: =IF(AND(I18<>"",I18<>"#3 (D10)",I18<>"#4 (D13)",I18<>"#5 (D16)"),R18,0)+IF(AND(K18<>"",K18<>"#3 (D10)",K18<>"#4 (D13)",K18<>"#5 (D16)"),S18,0)+IF(AND(M18<>"",M18<>"#3 (D10)",M18<>"#4 (D13)",M18<>"#5 (D16)"),T18,0)
A19: 15 | Q19: =IF(AND(E19<>"",F19<>"",G19<>"",H19<>""),E19*F19*G19/1000000000*H19,0) | R19: =IF(AND(I19<>"",J19<>"",G19<>"",H19<>""),VLOOKUP(I19,'1-專案資訊'!A25:I33,4,0)*(G19/1000+2*VLOOKUP(I19,'1-專案資訊'!A25:I33,8,0)/100)*J19*H19,0) | S19: =IF(AND(K19<>"",L19<>"",G19<>"",H19<>""),VLOOKUP(K19,'1-專案資訊'!A25:I33,4,0)*(G19/1000+2*VLOOKUP(K19,'1-專案資訊'!A25:I33,8,0)/100)*L19*H19,0) | T19: =IF(AND(M19<>"",N19<>"",O19<>"",E19<>"",F19<>"",G19<>"",H19<>""),VLOOKUP(M19,'1-專案資訊'!A25:I33,4,0)*(2*((E19+F19)/1000-0.08)+2*VLOOKUP(M19,'1-專案資訊'!A25:I33,9,0)/100)*((G19*0.4/N19)+(G19*0.6/O19)+2)*H19,0) | U19: =IF(AND(E19<>"",F19<>"",G19<>"",H19<>""),(2*F19+E19)*G19/1000000*H19,0) | V19: =IF(AND(I19<>"",J19<>"",G19<>"",H19<>""),(ROUNDUP((G19/1000+2*VLOOKUP(I19,'1-專案資訊'!A25:I33,8,0)/100)/$B$3,0)-1)*(J19+L19)*H19,0) | W19: =IF(AND(V19>0,I19<>""),V19*VLOOKUP(I19,'1-專案資訊'!A25:I33,8,0)/100,0) | X19: =IF(OR(I19="#3 (D10)",I19="#4 (D13)",I19="#5 (D16)"),R19,0)+IF(OR(K19="#3 (D10)",K19="#4 (D13)",K19="#5 (D16)"),S19,0)+IF(OR(M19="#3 (D10)",M19="#4 (D13)",M19="#5 (D16)"),T19,0) | Y19: =IF(AND(I19<>"",I19<>"#3 (D10)",I19<>"#4 (D13)",I19<>"#5 (D16)"),R19,0)+IF(AND(K19<>"",K19<>"#3 (D10)",K19<>"#4 (D13)",K19<>"#5 (D16)"),S19,0)+IF(AND(M19<>"",M19<>"#3 (D10)",M19<>"#4 (D13)",M19<>"#5 (D16)"),T19,0)
A20: 16 | Q20: =IF(AND(E20<>"",F20<>"",G20<>"",H20<>""),E20*F20*G20/1000000000*H20,0) | R20: =IF(AND(I20<>"",J20<>"",G20<>"",H20<>""),VLOOKUP(I20,'1-專案資訊'!A25:I33,4,0)*(G20/1000+2*VLOOKUP(I20,'1-專案資訊'!A25:I33,8,0)/100)*J20*H20,0) | S20: =IF(AND(K20<>"",L20<>"",G20<>"",H20<>""),VLOOKUP(K20,'1-專案資訊'!A25:I33,4,0)*(G20/1000+2*VLOOKUP(K20,'1-專案資訊'!A25:I33,8,0)/100)*L20*H20,0) | T20: =IF(AND(M20<>"",N20<>"",O20<>"",E20<>"",F20<>"",G20<>"",H20<>""),VLOOKUP(M20,'1-專案資訊'!A25:I33,4,0)*(2*((E20+F20)/1000-0.08)+2*VLOOKUP(M20,'1-專案資訊'!A25:I33,9,0)/100)*((G20*0.4/N20)+(G20*0.6/O20)+2)*H20,0) | U20: =IF(AND(E20<>"",F20<>"",G20<>"",H20<>""),(2*F20+E20)*G20/1000000*H20,0) | V20: =IF(AND(I20<>"",J20<>"",G20<>"",H20<>""),(ROUNDUP((G20/1000+2*VLOOKUP(I20,'1-專案資訊'!A25:I33,8,0)/100)/$B$3,0)-1)*(J20+L20)*H20,0) | W20: =IF(AND(V20>0,I20<>""),V20*VLOOKUP(I20,'1-專案資訊'!A25:I33,8,0)/100,0) | X20: =IF(OR(I20="#3 (D10)",I20="#4 (D13)",I20="#5 (D16)"),R20,0)+IF(OR(K20="#3 (D10)",K20="#4 (D13)",K20="#5 (D16)"),S20,0)+IF(OR(M20="#3 (D10)",M20="#4 (D13)",M20="#5 (D16)"),T20,0) | Y20: =IF(AND(I20<>"",I20<>"#3 (D10)",I20<>"#4 (D13)",I20<>"#5 (D16)"),R20,0)+IF(AND(K20<>"",K20<>"#3 (D10)",K20<>"#4 (D13)",K20<>"#5 (D16)"),S20,0)+IF(AND(M20<>"",M20<>"#3 (D10)",M20<>"#4 (D13)",M20<>"#5 (D16)"),T20,0)
A21: 17 | Q21: =IF(AND(E21<>"",F21<>"",G21<>"",H21<>""),E21*F21*G21/1000000000*H21,0) | R21: =IF(AND(I21<>"",J21<>"",G21<>"",H21<>""),VLOOKUP(I21,'1-專案資訊'!A25:I33,4,0)*(G21/1000+2*VLOOKUP(I21,'1-專案資訊'!A25:I33,8,0)/100)*J21*H21,0) | S21: =IF(AND(K21<>"",L21<>"",G21<>"",H21<>""),VLOOKUP(K21,'1-專案資訊'!A25:I33,4,0)*(G21/1000+2*VLOOKUP(K21,'1-專案資訊'!A25:I33,8,0)/100)*L21*H21,0) | T21: =IF(AND(M21<>"",N21<>"",O21<>"",E21<>"",F21<>"",G21<>"",H21<>""),VLOOKUP(M21,'1-專案資訊'!A25:I33,4,0)*(2*((E21+F21)/1000-0.08)+2*VLOOKUP(M21,'1-專案資訊'!A25:I33,9,0)/100)*((G21*0.4/N21)+(G21*0.6/O21)+2)*H21,0) | U21: =IF(AND(E21<>"",F21<>"",G21<>"",H21<>""),(2*F21+E21)*G21/1000000*H21,0) | V21: =IF(AND(I21<>"",J21<>"",G21<>"",H21<>""),(ROUNDUP((G21/1000+2*VLOOKUP(I21,'1-專案資訊'!A25:I33,8,0)/100)/$B$3,0)-1)*(J21+L21)*H21,0) | W21: =IF(AND(V21>0,I21<>""),V21*VLOOKUP(I21,'1-專案資訊'!A25:I33,8,0)/100,0) | X21: =IF(OR(I21="#3 (D10)",I21="#4 (D13)",I21="#5 (D16)"),R21,0)+IF(OR(K21="#3 (D10)",K21="#4 (D13)",K21="#5 (D16)"),S21,0)+IF(OR(M21="#3 (D10)",M21="#4 (D13)",M21="#5 (D16)"),T21,0) | Y21: =IF(AND(I21<>"",I21<>"#3 (D10)",I21<>"#4 (D13)",I21<>"#5 (D16)"),R21,0)+IF(AND(K21<>"",K21<>"#3 (D10)",K21<>"#4 (D13)",K21<>"#5 (D16)"),S21,0)+IF(AND(M21<>"",M21<>"#3 (D10)",M21<>"#4 (D13)",M21<>"#5 (D16)"),T21,0)
A22: 18 | Q22: =IF(AND(E22<>"",F22<>"",G22<>"",H22<>""),E22*F22*G22/1000000000*H22,0) | R22: =IF(AND(I22<>"",J22<>"",G22<>"",H22<>""),VLOOKUP(I22,'1-專案資訊'!A25:I33,4,0)*(G22/1000+2*VLOOKUP(I22,'1-專案資訊'!A25:I33,8,0)/100)*J22*H22,0) | S22: =IF(AND(K22<>"",L22<>"",G22<>"",H22<>""),VLOOKUP(K22,'1-專案資訊'!A25:I33,4,0)*(G22/1000+2*VLOOKUP(K22,'1-專案資訊'!A25:I33,8,0)/100)*L22*H22,0) | T22: =IF(AND(M22<>"",N22<>"",O22<>"",E22<>"",F22<>"",G22<>"",H22<>""),VLOOKUP(M22,'1-專案資訊'!A25:I33,4,0)*(2*((E22+F22)/1000-0.08)+2*VLOOKUP(M22,'1-專案資訊'!A25:I33,9,0)/100)*((G22*0.4/N22)+(G22*0.6/O22)+2)*H22,0) | U22: =IF(AND(E22<>"",F22<>"",G22<>"",H22<>""),(2*F22+E22)*G22/1000000*H22,0) | V22: =IF(AND(I22<>"",J22<>"",G22<>"",H22<>""),(ROUNDUP((G22/1000+2*VLOOKUP(I22,'1-專案資訊'!A25:I33,8,0)/100)/$B$3,0)-1)*(J22+L22)*H22,0) | W22: =IF(AND(V22>0,I22<>""),V22*VLOOKUP(I22,'1-專案資訊'!A25:I33,8,0)/100,0) | X22: =IF(OR(I22="#3 (D10)",I22="#4 (D13)",I22="#5 (D16)"),R22,0)+IF(OR(K22="#3 (D10)",K22="#4 (D13)",K22="#5 (D16)"),S22,0)+IF(OR(M22="#3 (D10)",M22="#4 (D13)",M22="#5 (D16)"),T22,0) | Y22: =IF(AND(I22<>"",I22<>"#3 (D10)",I22<>"#4 (D13)",I22<>"#5 (D16)"),R22,0)+IF(AND(K22<>"",K22<>"#3 (D10)",K22<>"#4 (D13)",K22<>"#5 (D16)"),S22,0)+IF(AND(M22<>"",M22<>"#3 (D10)",M22<>"#4 (D13)",M22<>"#5 (D16)"),T22,0)
A23: 19 | Q23: =IF(AND(E23<>"",F23<>"",G23<>"",H23<>""),E23*F23*G23/1000000000*H23,0) | R23: =IF(AND(I23<>"",J23<>"",G23<>"",H23<>""),VLOOKUP(I23,'1-專案資訊'!A25:I33,4,0)*(G23/1000+2*VLOOKUP(I23,'1-專案資訊'!A25:I33,8,0)/100)*J23*H23,0) | S23: =IF(AND(K23<>"",L23<>"",G23<>"",H23<>""),VLOOKUP(K23,'1-專案資訊'!A25:I33,4,0)*(G23/1000+2*VLOOKUP(K23,'1-專案資訊'!A25:I33,8,0)/100)*L23*H23,0) | T23: =IF(AND(M23<>"",N23<>"",O23<>"",E23<>"",F23<>"",G23<>"",H23<>""),VLOOKUP(M23,'1-專案資訊'!A25:I33,4,0)*(2*((E23+F23)/1000-0.08)+2*VLOOKUP(M23,'1-專案資訊'!A25:I33,9,0)/100)*((G23*0.4/N23)+(G23*0.6/O23)+2)*H23,0) | U23: =IF(AND(E23<>"",F23<>"",G23<>"",H23<>""),(2*F23+E23)*G23/1000000*H23,0) | V23: =IF(AND(I23<>"",J23<>"",G23<>"",H23<>""),(ROUNDUP((G23/1000+2*VLOOKUP(I23,'1-專案資訊'!A25:I33,8,0)/100)/$B$3,0)-1)*(J23+L23)*H23,0) | W23: =IF(AND(V23>0,I23<>""),V23*VLOOKUP(I23,'1-專案資訊'!A25:I33,8,0)/100,0) | X23: =IF(OR(I23="#3 (D10)",I23="#4 (D13)",I23="#5 (D16)"),R23,0)+IF(OR(K23="#3 (D10)",K23="#4 (D13)",K23="#5 (D16)"),S23,0)+IF(OR(M23="#3 (D10)",M23="#4 (D13)",M23="#5 (D16)"),T23,0) | Y23: =IF(AND(I23<>"",I23<>"#3 (D10)",I23<>"#4 (D13)",I23<>"#5 (D16)"),R23,0)+IF(AND(K23<>"",K23<>"#3 (D10)",K23<>"#4 (D13)",K23<>"#5 (D16)"),S23,0)+IF(AND(M23<>"",M23<>"#3 (D10)",M23<>"#4 (D13)",M23<>"#5 (D16)"),T23,0)
A24: 20 | Q24: =IF(AND(E24<>"",F24<>"",G24<>"",H24<>""),E24*F24*G24/1000000000*H24,0) | R24: =IF(AND(I24<>"",J24<>"",G24<>"",H24<>""),VLOOKUP(I24,'1-專案資訊'!A25:I33,4,0)*(G24/1000+2*VLOOKUP(I24,'1-專案資訊'!A25:I33,8,0)/100)*J24*H24,0) | S24: =IF(AND(K24<>"",L24<>"",G24<>"",H24<>""),VLOOKUP(K24,'1-專案資訊'!A25:I33,4,0)*(G24/1000+2*VLOOKUP(K24,'1-專案資訊'!A25:I33,8,0)/100)*L24*H24,0) | T24: =IF(AND(M24<>"",N24<>"",O24<>"",E24<>"",F24<>"",G24<>"",H24<>""),VLOOKUP(M24,'1-專案資訊'!A25:I33,4,0)*(2*((E24+F24)/1000-0.08)+2*VLOOKUP(M24,'1-專案資訊'!A25:I33,9,0)/100)*((G24*0.4/N24)+(G24*0.6/O24)+2)*H24,0) | U24: =IF(AND(E24<>"",F24<>"",G24<>"",H24<>""),(2*F24+E24)*G24/1000000*H24,0) | V24: =IF(AND(I24<>"",J24<>"",G24<>"",H24<>""),(ROUNDUP((G24/1000+2*VLOOKUP(I24,'1-專案資訊'!A25:I33,8,0)/100)/$B$3,0)-1)*(J24+L24)*H24,0) | W24: =IF(AND(V24>0,I24<>""),V24*VLOOKUP(I24,'1-專案資訊'!A25:I33,8,0)/100,0) | X24: =IF(OR(I24="#3 (D10)",I24="#4 (D13)",I24="#5 (D16)"),R24,0)+IF(OR(K24="#3 (D10)",K24="#4 (D13)",K24="#5 (D16)"),S24,0)+IF(OR(M24="#3 (D10)",M24="#4 (D13)",M24="#5 (D16)"),T24,0) | Y24: =IF(AND(I24<>"",I24<>"#3 (D10)",I24<>"#4 (D13)",I24<>"#5 (D16)"),R24,0)+IF(AND(K24<>"",K24<>"#3 (D10)",K24<>"#4 (D13)",K24<>"#5 (D16)"),S24,0)+IF(AND(M24<>"",M24<>"#3 (D10)",M24<>"#4 (D13)",M24<>"#5 (D16)"),T24,0)
A25: 21 | Q25: =IF(AND(E25<>"",F25<>"",G25<>"",H25<>""),E25*F25*G25/1000000000*H25,0) | R25: =IF(AND(I25<>"",J25<>"",G25<>"",H25<>""),VLOOKUP(I25,'1-專案資訊'!A25:I33,4,0)*(G25/1000+2*VLOOKUP(I25,'1-專案資訊'!A25:I33,8,0)/100)*J25*H25,0) | S25: =IF(AND(K25<>"",L25<>"",G25<>"",H25<>""),VLOOKUP(K25,'1-專案資訊'!A25:I33,4,0)*(G25/1000+2*VLOOKUP(K25,'1-專案資訊'!A25:I33,8,0)/100)*L25*H25,0) | T25: =IF(AND(M25<>"",N25<>"",O25<>"",E25<>"",F25<>"",G25<>"",H25<>""),VLOOKUP(M25,'1-專案資訊'!A25:I33,4,0)*(2*((E25+F25)/1000-0.08)+2*VLOOKUP(M25,'1-專案資訊'!A25:I33,9,0)/100)*((G25*0.4/N25)+(G25*0.6/O25)+2)*H25,0) | U25: =IF(AND(E25<>"",F25<>"",G25<>"",H25<>""),(2*F25+E25)*G25/1000000*H25,0) | V25: =IF(AND(I25<>"",J25<>"",G25<>"",H25<>""),(ROUNDUP((G25/1000+2*VLOOKUP(I25,'1-專案資訊'!A25:I33,8,0)/100)/$B$3,0)-1)*(J25+L25)*H25,0) | W25: =IF(AND(V25>0,I25<>""),V25*VLOOKUP(I25,'1-專案資訊'!A25:I33,8,0)/100,0) | X25: =IF(OR(I25="#3 (D10)",I25="#4 (D13)",I25="#5 (D16)"),R25,0)+IF(OR(K25="#3 (D10)",K25="#4 (D13)",K25="#5 (D16)"),S25,0)+IF(OR(M25="#3 (D10)",M25="#4 (D13)",M25="#5 (D16)"),T25,0) | Y25: =IF(AND(I25<>"",I25<>"#3 (D10)",I25<>"#4 (D13)",I25<>"#5 (D16)"),R25,0)+IF(AND(K25<>"",K25<>"#3 (D10)",K25<>"#4 (D13)",K25<>"#5 (D16)"),S25,0)+IF(AND(M25<>"",M25<>"#3 (D10)",M25<>"#4 (D13)",M25<>"#5 (D16)"),T25,0)
A26: 22 | Q26: =IF(AND(E26<>"",F26<>"",G26<>"",H26<>""),E26*F26*G26/1000000000*H26,0) | R26: =IF(AND(I26<>"",J26<>"",G26<>"",H26<>""),VLOOKUP(I26,'1-專案資訊'!A25:I33,4,0)*(G26/1000+2*VLOOKUP(I26,'1-專案資訊'!A25:I33,8,0)/100)*J26*H26,0) | S26: =IF(AND(K26<>"",L26<>"",G26<>"",H26<>""),VLOOKUP(K26,'1-專案資訊'!A25:I33,4,0)*(G26/1000+2*VLOOKUP(K26,'1-專案資訊'!A25:I33,8,0)/100)*L26*H26,0) | T26: =IF(AND(M26<>"",N26<>"",O26<>"",E26<>"",F26<>"",G26<>"",H26<>""),VLOOKUP(M26,'1-專案資訊'!A25:I33,4,0)*(2*((E26+F26)/1000-0.08)+2*VLOOKUP(M26,'1-專案資訊'!A25:I33,9,0)/100)*((G26*0.4/N26)+(G26*0.6/O26)+2)*H26,0) | U26: =IF(AND(E26<>"",F26<>"",G26<>"",H26<>""),(2*F26+E26)*G26/1000000*H26,0) | V26: =IF(AND(I26<>"",J26<>"",G26<>"",H26<>""),(ROUNDUP((G26/1000+2*VLOOKUP(I26,'1-專案資訊'!A25:I33,8,0)/100)/$B$3,0)-1)*(J26+L26)*H26,0) | W26: =IF(AND(V26>0,I26<>""),V26*VLOOKUP(I26,'1-專案資訊'!A25:I33,8,0)/100,0) | X26: =IF(OR(I26="#3 (D10)",I26="#4 (D13)",I26="#5 (D16)"),R26,0)+IF(OR(K26="#3 (D10)",K26="#4 (D13)",K26="#5 (D16)"),S26,0)+IF(OR(M26="#3 (D10)",M26="#4 (D13)",M26="#5 (D16)"),T26,0) | Y26: =IF(AND(I26<>"",I26<>"#3 (D10)",I26<>"#4 (D13)",I26<>"#5 (D16)"),R26,0)+IF(AND(K26<>"",K26<>"#3 (D10)",K26<>"#4 (D13)",K26<>"#5 (D16)"),S26,0)+IF(AND(M26<>"",M26<>"#3 (D10)",M26<>"#4 (D13)",M26<>"#5 (D16)"),T26,0)
A27: 23 | Q27: =IF(AND(E27<>"",F27<>"",G27<>"",H27<>""),E27*F27*G27/1000000000*H27,0) | R27: =IF(AND(I27<>"",J27<>"",G27<>"",H27<>""),VLOOKUP(I27,'1-專案資訊'!A25:I33,4,0)*(G27/1000+2*VLOOKUP(I27,'1-專案資訊'!A25:I33,8,0)/100)*J27*H27,0) | S27: =IF(AND(K27<>"",L27<>"",G27<>"",H27<>""),VLOOKUP(K27,'1-專案資訊'!A25:I33,4,0)*(G27/1000+2*VLOOKUP(K27,'1-專案資訊'!A25:I33,8,0)/100)*L27*H27,0) | T27: =IF(AND(M27<>"",N27<>"",O27<>"",E27<>"",F27<>"",G27<>"",H27<>""),VLOOKUP(M27,'1-專案資訊'!A25:I33,4,0)*(2*((E27+F27)/1000-0.08)+2*VLOOKUP(M27,'1-專案資訊'!A25:I33,9,0)/100)*((G27*0.4/N27)+(G27*0.6/O27)+2)*H27,0) | U27: =IF(AND(E27<>"",F27<>"",G27<>"",H27<>""),(2*F27+E27)*G27/1000000*H27,0) | V27: =IF(AND(I27<>"",J27<>"",G27<>"",H27<>""),(ROUNDUP((G27/1000+2*VLOOKUP(I27,'1-專案資訊'!A25:I33,8,0)/100)/$B$3,0)-1)*(J27+L27)*H27,0) | W27: =IF(AND(V27>0,I27<>""),V27*VLOOKUP(I27,'1-專案資訊'!A25:I33,8,0)/100,0) | X27: =IF(OR(I27="#3 (D10)",I27="#4 (D13)",I27="#5 (D16)"),R27,0)+IF(OR(K27="#3 (D10)",K27="#4 (D13)",K27="#5 (D16)"),S27,0)+IF(OR(M27="#3 (D10)",M27="#4 (D13)",M27="#5 (D16)"),T27,0) | Y27: =IF(AND(I27<>"",I27<>"#3 (D10)",I27<>"#4 (D13)",I27<>"#5 (D16)"),R27,0)+IF(AND(K27<>"",K27<>"#3 (D10)",K27<>"#4 (D13)",K27<>"#5 (D16)"),S27,0)+IF(AND(M27<>"",M27<>"#3 (D10)",M27<>"#4 (D13)",M27<>"#5 (D16)"),T27,0)
A28: 24 | Q28: =IF(AND(E28<>"",F28<>"",G28<>"",H28<>""),E28*F28*G28/1000000000*H28,0) | R28: =IF(AND(I28<>"",J28<>"",G28<>"",H28<>""),VLOOKUP(I28,'1-專案資訊'!A25:I33,4,0)*(G28/1000+2*VLOOKUP(I28,'1-專案資訊'!A25:I33,8,0)/100)*J28*H28,0) | S28: =IF(AND(K28<>"",L28<>"",G28<>"",H28<>""),VLOOKUP(K28,'1-專案資訊'!A25:I33,4,0)*(G28/1000+2*VLOOKUP(K28,'1-專案資訊'!A25:I33,8,0)/100)*L28*H28,0) | T28: =IF(AND(M28<>"",N28<>"",O28<>"",E28<>"",F28<>"",G28<>"",H28<>""),VLOOKUP(M28,'1-專案資訊'!A25:I33,4,0)*(2*((E28+F28)/1000-0.08)+2*VLOOKUP(M28,'1-專案資訊'!A25:I33,9,0)/100)*((G28*0.4/N28)+(G28*0.6/O28)+2)*H28,0) | U28: =IF(AND(E28<>"",F28<>"",G28<>"",H28<>""),(2*F28+E28)*G28/1000000*H28,0) | V28: =IF(AND(I28<>"",J28<>"",G28<>"",H28<>""),(ROUNDUP((G28/1000+2*VLOOKUP(I28,'1-專案資訊'!A25:I33,8,0)/100)/$B$3,0)-1)*(J28+L28)*H28,0) | W28: =IF(AND(V28>0,I28<>""),V28*VLOOKUP(I28,'1-專案資訊'!A25:I33,8,0)/100,0) | X28: =IF(OR(I28="#3 (D10)",I28="#4 (D13)",I28="#5 (D16)"),R28,0)+IF(OR(K28="#3 (D10)",K28="#4 (D13)",K28="#5 (D16)"),S28,0)+IF(OR(M28="#3 (D10)",M28="#4 (D13)",M28="#5 (D16)"),T28,0) | Y28: =IF(AND(I28<>"",I28<>"#3 (D10)",I28<>"#4 (D13)",I28<>"#5 (D16)"),R28,0)+IF(AND(K28<>"",K28<>"#3 (D10)",K28<>"#4 (D13)",K28<>"#5 (D16)"),S28,0)+IF(AND(M28<>"",M28<>"#3 (D10)",M28<>"#4 (D13)",M28<>"#5 (D16)"),T28,0)
A29: 25 | Q29: =IF(AND(E29<>"",F29<>"",G29<>"",H29<>""),E29*F29*G29/1000000000*H29,0) | R29: =IF(AND(I29<>"",J29<>"",G29<>"",H29<>""),VLOOKUP(I29,'1-專案資訊'!A25:I33,4,0)*(G29/1000+2*VLOOKUP(I29,'1-專案資訊'!A25:I33,8,0)/100)*J29*H29,0) | S29: =IF(AND(K29<>"",L29<>"",G29<>"",H29<>""),VLOOKUP(K29,'1-專案資訊'!A25:I33,4,0)*(G29/1000+2*VLOOKUP(K29,'1-專案資訊'!A25:I33,8,0)/100)*L29*H29,0) | T29: =IF(AND(M29<>"",N29<>"",O29<>"",E29<>"",F29<>"",G29<>"",H29<>""),VLOOKUP(M29,'1-專案資訊'!A25:I33,4,0)*(2*((E29+F29)/1000-0.08)+2*VLOOKUP(M29,'1-專案資訊'!A25:I33,9,0)/100)*((G29*0.4/N29)+(G29*0.6/O29)+2)*H29,0) | U29: =IF(AND(E29<>"",F29<>"",G29<>"",H29<>""),(2*F29+E29)*G29/1000000*H29,0) | V29: =IF(AND(I29<>"",J29<>"",G29<>"",H29<>""),(ROUNDUP((G29/1000+2*VLOOKUP(I29,'1-專案資訊'!A25:I33,8,0)/100)/$B$3,0)-1)*(J29+L29)*H29,0) | W29: =IF(AND(V29>0,I29<>""),V29*VLOOKUP(I29,'1-專案資訊'!A25:I33,8,0)/100,0) | X29: =IF(OR(I29="#3 (D10)",I29="#4 (D13)",I29="#5 (D16)"),R29,0)+IF(OR(K29="#3 (D10)",K29="#4 (D13)",K29="#5 (D16)"),S29,0)+IF(OR(M29="#3 (D10)",M29="#4 (D13)",M29="#5 (D16)"),T29,0) | Y29: =IF(AND(I29<>"",I29<>"#3 (D10)",I29<>"#4 (D13)",I29<>"#5 (D16)"),R29,0)+IF(AND(K29<>"",K29<>"#3 (D10)",K29<>"#4 (D13)",K29<>"#5 (D16)"),S29,0)+IF(AND(M29<>"",M29<>"#3 (D10)",M29<>"#4 (D13)",M29<>"#5 (D16)"),T29,0)
A30: 26 | Q30: =IF(AND(E30<>"",F30<>"",G30<>"",H30<>""),E30*F30*G30/1000000000*H30,0) | R30: =IF(AND(I30<>"",J30<>"",G30<>"",H30<>""),VLOOKUP(I30,'1-專案資訊'!A25:I33,4,0)*(G30/1000+2*VLOOKUP(I30,'1-專案資訊'!A25:I33,8,0)/100)*J30*H30,0) | S30: =IF(AND(K30<>"",L30<>"",G30<>"",H30<>""),VLOOKUP(K30,'1-專案資訊'!A25:I33,4,0)*(G30/1000+2*VLOOKUP(K30,'1-專案資訊'!A25:I33,8,0)/100)*L30*H30,0) | T30: =IF(AND(M30<>"",N30<>"",O30<>"",E30<>"",F30<>"",G30<>"",H30<>""),VLOOKUP(M30,'1-專案資訊'!A25:I33,4,0)*(2*((E30+F30)/1000-0.08)+2*VLOOKUP(M30,'1-專案資訊'!A25:I33,9,0)/100)*((G30*0.4/N30)+(G30*0.6/O30)+2)*H30,0) | U30: =IF(AND(E30<>"",F30<>"",G30<>"",H30<>""),(2*F30+E30)*G30/1000000*H30,0) | V30: =IF(AND(I30<>"",J30<>"",G30<>"",H30<>""),(ROUNDUP((G30/1000+2*VLOOKUP(I30,'1-專案資訊'!A25:I33,8,0)/100)/$B$3,0)-1)*(J30+L30)*H30,0) | W30: =IF(AND(V30>0,I30<>""),V30*VLOOKUP(I30,'1-專案資訊'!A25:I33,8,0)/100,0) | X30: =IF(OR(I30="#3 (D10)",I30="#4 (D13)",I30="#5 (D16)"),R30,0)+IF(OR(K30="#3 (D10)",K30="#4 (D13)",K30="#5 (D16)"),S30,0)+IF(OR(M30="#3 (D10)",M30="#4 (D13)",M30="#5 (D16)"),T30,0) | Y30: =IF(AND(I30<>"",I30<>"#3 (D10)",I30<>"#4 (D13)",I30<>"#5 (D16)"),R30,0)+IF(AND(K30<>"",K30<>"#3 (D10)",K30<>"#4 (D13)",K30<>"#5 (D16)"),S30,0)+IF(AND(M30<>"",M30<>"#3 (D10)",M30<>"#4 (D13)",M30<>"#5 (D16)"),T30,0)
A31: 27 | Q31: =IF(AND(E31<>"",F31<>"",G31<>"",H31<>""),E31*F31*G31/1000000000*H31,0) | R31: =IF(AND(I31<>"",J31<>"",G31<>"",H31<>""),VLOOKUP(I31,'1-專案資訊'!A25:I33,4,0)*(G31/1000+2*VLOOKUP(I31,'1-專案資訊'!A25:I33,8,0)/100)*J31*H31,0) | S31: =IF(AND(K31<>"",L31<>"",G31<>"",H31<>""),VLOOKUP(K31,'1-專案資訊'!A25:I33,4,0)*(G31/1000+2*VLOOKUP(K31,'1-專案資訊'!A25:I33,8,0)/100)*L31*H31,0) | T31: =IF(AND(M31<>"",N31<>"",O31<>"",E31<>"",F31<>"",G31<>"",H31<>""),VLOOKUP(M31,'1-專案資訊'!A25:I33,4,0)*(2*((E31+F31)/1000-0.08)+2*VLOOKUP(M31,'1-專案資訊'!A25:I33,9,0)/100)*((G31*0.4/N31)+(G31*0.6/O31)+2)*H31,0) | U31: =IF(AND(E31<>"",F31<>"",G31<>"",H31<>""),(2*F31+E31)*G31/1000000*H31,0) | V31: =IF(AND(I31<>"",J31<>"",G31<>"",H31<>""),(ROUNDUP((G31/1000+2*VLOOKUP(I31,'1-專案資訊'!A25:I33,8,0)/100)/$B$3,0)-1)*(J31+L31)*H31,0) | W31: =IF(AND(V31>0,I31<>""),V31*VLOOKUP(I31,'1-專案資訊'!A25:I33,8,0)/100,0) | X31: =IF(OR(I31="#3 (D10)",I31="#4 (D13)",I31="#5 (D16)"),R31,0)+IF(OR(K31="#3 (D10)",K31="#4 (D13)",K31="#5 (D16)"),S31,0)+IF(OR(M31="#3 (D10)",M31="#4 (D13)",M31="#5 (D16)"),T31,0) | Y31: =IF(AND(I31<>"",I31<>"#3 (D10)",I31<>"#4 (D13)",I31<>"#5 (D16)"),R31,0)+IF(AND(K31<>"",K31<>"#3 (D10)",K31<>"#4 (D13)",K31<>"#5 (D16)"),S31,0)+IF(AND(M31<>"",M31<>"#3 (D10)",M31<>"#4 (D13)",M31<>"#5 (D16)"),T31,0)
A32: 28 | Q32: =IF(AND(E32<>"",F32<>"",G32<>"",H32<>""),E32*F32*G32/1000000000*H32,0) | R32: =IF(AND(I32<>"",J32<>"",G32<>"",H32<>""),VLOOKUP(I32,'1-專案資訊'!A25:I33,4,0)*(G32/1000+2*VLOOKUP(I32,'1-專案資訊'!A25:I33,8,0)/100)*J32*H32,0) | S32: =IF(AND(K32<>"",L32<>"",G32<>"",H32<>""),VLOOKUP(K32,'1-專案資訊'!A25:I33,4,0)*(G32/1000+2*VLOOKUP(K32,'1-專案資訊'!A25:I33,8,0)/100)*L32*H32,0) | T32: =IF(AND(M32<>"",N32<>"",O32<>"",E32<>"",F32<>"",G32<>"",H32<>""),VLOOKUP(M32,'1-專案資訊'!A25:I33,4,0)*(2*((E32+F32)/1000-0.08)+2*VLOOKUP(M32,'1-專案資訊'!A25:I33,9,0)/100)*((G32*0.4/N32)+(G32*0.6/O32)+2)*H32,0) | U32: =IF(AND(E32<>"",F32<>"",G32<>"",H32<>""),(2*F32+E32)*G32/1000000*H32,0) | V32: =IF(AND(I32<>"",J32<>"",G32<>"",H32<>""),(ROUNDUP((G32/1000+2*VLOOKUP(I32,'1-專案資訊'!A25:I33,8,0)/100)/$B$3,0)-1)*(J32+L32)*H32,0) | W32: =IF(AND(V32>0,I32<>""),V32*VLOOKUP(I32,'1-專案資訊'!A25:I33,8,0)/100,0) | X32: =IF(OR(I32="#3 (D10)",I32="#4 (D13)",I32="#5 (D16)"),R32,0)+IF(OR(K32="#3 (D10)",K32="#4 (D13)",K32="#5 (D16)"),S32,0)+IF(OR(M32="#3 (D10)",M32="#4 (D13)",M32="#5 (D16)"),T32,0) | Y32: =IF(AND(I32<>"",I32<>"#3 (D10)",I32<>"#4 (D13)",I32<>"#5 (D16)"),R32,0)+IF(AND(K32<>"",K32<>"#3 (D10)",K32<>"#4 (D13)",K32<>"#5 (D16)"),S32,0)+IF(AND(M32<>"",M32<>"#3 (D10)",M32<>"#4 (D13)",M32<>"#5 (D16)"),T32,0)
A33: 29 | Q33: =IF(AND(E33<>"",F33<>"",G33<>"",H33<>""),E33*F33*G33/1000000000*H33,0) | R33: =IF(AND(I33<>"",J33<>"",G33<>"",H33<>""),VLOOKUP(I33,'1-專案資訊'!A25:I33,4,0)*(G33/1000+2*VLOOKUP(I33,'1-專案資訊'!A25:I33,8,0)/100)*J33*H33,0) | S33: =IF(AND(K33<>"",L33<>"",G33<>"",H33<>""),VLOOKUP(K33,'1-專案資訊'!A25:I33,4,0)*(G33/1000+2*VLOOKUP(K33,'1-專案資訊'!A25:I33,8,0)/100)*L33*H33,0) | T33: =IF(AND(M33<>"",N33<>"",O33<>"",E33<>"",F33<>"",G33<>"",H33<>""),VLOOKUP(M33,'1-專案資訊'!A25:I33,4,0)*(2*((E33+F33)/1000-0.08)+2*VLOOKUP(M33,'1-專案資訊'!A25:I33,9,0)/100)*((G33*0.4/N33)+(G33*0.6/O33)+2)*H33,0) | U33: =IF(AND(E33<>"",F33<>"",G33<>"",H33<>""),(2*F33+E33)*G33/1000000*H33,0) | V33: =IF(AND(I33<>"",J33<>"",G33<>"",H33<>""),(ROUNDUP((G33/1000+2*VLOOKUP(I33,'1-專案資訊'!A25:I33,8,0)/100)/$B$3,0)-1)*(J33+L33)*H33,0) | W33: =IF(AND(V33>0,I33<>""),V33*VLOOKUP(I33,'1-專案資訊'!A25:I33,8,0)/100,0) | X33: =IF(OR(I33="#3 (D10)",I33="#4 (D13)",I33="#5 (D16)"),R33,0)+IF(OR(K33="#3 (D10)",K33="#4 (D13)",K33="#5 (D16)"),S33,0)+IF(OR(M33="#3 (D10)",M33="#4 (D13)",M33="#5 (D16)"),T33,0) | Y33: =IF(AND(I33<>"",I33<>"#3 (D10)",I33<>"#4 (D13)",I33<>"#5 (D16)"),R33,0)+IF(AND(K33<>"",K33<>"#3 (D10)",K33<>"#4 (D13)",K33<>"#5 (D16)"),S33,0)+IF(AND(M33<>"",M33<>"#3 (D10)",M33<>"#4 (D13)",M33<>"#5 (D16)"),T33,0)
A34: 30 | Q34: =IF(AND(E34<>"",F34<>"",G34<>"",H34<>""),E34*F34*G34/1000000000*H34,0) | R34: =IF(AND(I34<>"",J34<>"",G34<>"",H34<>""),VLOOKUP(I34,'1-專案資訊'!A25:I33,4,0)*(G34/1000+2*VLOOKUP(I34,'1-專案資訊'!A25:I33,8,0)/100)*J34*H34,0) | S34: =IF(AND(K34<>"",L34<>"",G34<>"",H34<>""),VLOOKUP(K34,'1-專案資訊'!A25:I33,4,0)*(G34/1000+2*VLOOKUP(K34,'1-專案資訊'!A25:I33,8,0)/100)*L34*H34,0) | T34: =IF(AND(M34<>"",N34<>"",O34<>"",E34<>"",F34<>"",G34<>"",H34<>""),VLOOKUP(M34,'1-專案資訊'!A25:I33,4,0)*(2*((E34+F34)/1000-0.08)+2*VLOOKUP(M34,'1-專案資訊'!A25:I33,9,0)/100)*((G34*0.4/N34)+(G34*0.6/O34)+2)*H34,0) | U34: =IF(AND(E34<>"",F34<>"",G34<>"",H34<>""),(2*F34+E34)*G34/1000000*H34,0) | V34: =IF(AND(I34<>"",J34<>"",G34<>"",H34<>""),(ROUNDUP((G34/1000+2*VLOOKUP(I34,'1-專案資訊'!A25:I33,8,0)/100)/$B$3,0)-1)*(J34+L34)*H34,0) | W34: =IF(AND(V34>0,I34<>""),V34*VLOOKUP(I34,'1-專案資訊'!A25:I33,8,0)/100,0) | X34: =IF(OR(I34="#3 (D10)",I34="#4 (D13)",I34="#5 (D16)"),R34,0)+IF(OR(K34="#3 (D10)",K34="#4 (D13)",K34="#5 (D16)"),S34,0)+IF(OR(M34="#3 (D10)",M34="#4 (D13)",M34="#5 (D16)"),T34,0) | Y34: =IF(AND(I34<>"",I34<>"#3 (D10)",I34<>"#4 (D13)",I34<>"#5 (D16)"),R34,0)+IF(AND(K34<>"",K34<>"#3 (D10)",K34<>"#4 (D13)",K34<>"#5 (D16)"),S34,0)+IF(AND(M34<>"",M34<>"#3 (D10)",M34<>"#4 (D13)",M34<>"#5 (D16)"),T34,0)
B35: 合計 | Q35: =SUM(Q5:Q34) | R35: =SUM(R5:R34) | S35: =SUM(S5:S34) | T35: =SUM(T5:T34) | U35: =SUM(U5:U34) | V35: =SUM(V5:V34) | W35: =SUM(W5:W34) | X35: =SUM(X5:X34) | Y35: =SUM(Y5:Y34)

Sheet 5-樓板
A1: 樓板 數量計算表
A2: 雙向x1.15搭接。含鋼絲網/粉光/搭接統計。
A3: 預設鋼筋長度 (m): | B3: 6 | C3: ← 可調整
A4: No | B4: 樓層 | C4: 版編號 | D4: ▼型式 | E4: 長 (cm) | F4: 寬 (cm) | G4: 面積 (m2) | H4: 厚度 (cm) | I4: 數量 | J4: ▼配筋方式 | K4: ▼層數 | L4: ▼上層筋 | M4: 上間距 (cm) | N4: ▼下層筋 | O4: 下間距 (cm) | P4: ▼鋼絲網 | Q4: 混凝土 (m3) | R4: 上筋重 (kg) | S4: 下筋重 (kg) | T4: 鋼絲網 (kg) | U4: 模板 (m2) | V4: 粉光 (m2) | W4: 搭接次數 | X4: 搭接長度 (m) | Y4: SD280 (kg) | Z4: SD420 (kg)
A5: 1 | G5: =IF(AND(E5<>"",F5<>""),E5*F5/10000,"") | Q5: =IF(AND(G5<>"",H5<>"",I5<>""),G5*H5/100*I5,0) | R5: =IF(AND(J5="鋼筋",K5=2,L5<>"",M5<>"",G5<>"",I5<>""),VLOOKUP(L5,'1-專案資訊'!A25:I33,4,0)/(M5/100)*2*1.15*G5*I5,0) | S5: =IF(AND(J5="鋼筋",N5<>"",O5<>"",G5<>"",I5<>""),VLOOKUP(N5,'1-專案資訊'!A25:I33,4,0)/(O5/100)*2*1.15*G5*I5,0) | T5: =IF(AND(J5="鋼絲網",P5<>"",G5<>"",I5<>""),VLOOKUP(P5,'1-專案資訊'!A38:B48,2,0)*G5*I5,0) | U5: =IF(AND(G5<>"",I5<>""),G5*I5,0) | V5: =IF(AND(G5<>"",I5<>""),G5*I5,0) | W5: =IF(AND(J5="鋼筋",N5<>"",O5<>"",G5<>"",I5<>""),ROUNDUP(SQRT(G5)/$B$3,0)*2*SQRT(G5)/(O5/100)*I5,0) | X5: =IF(AND(W5>0,N5<>""),W5*VLOOKUP(N5,'1-專案資訊'!A25:I33,8,0)/100,0) | Y5: =IF(OR(L5="#3 (D10)",L5="#4 (D13)",L5="#5 (D16)"),R5,0)+IF(OR(N5="#3 (D10)",N5="#4 (D13)",N5="#5 (D16)"),S5,0) | Z5: =IF(AND(L5<>"",L5<>"#3 (D10)",L5<>"#4 (D13)",L5<>"#5 (D16)"),R5,0)+IF(AND(N5<>"",N5<>"#3 (D10)",N5<>"#4 (D13)",N5<>"#5 (D16)"),S5,0)
A6: 2 | G6: =IF(AND(E6<>"",F6<>""),E6*F6/10000,"") | Q6: =IF(AND(G6<>"",H6<>"",I6<>""),G6*H6/100*I6,0) | R6: =IF(AND(J6="鋼筋",K6=2,L6<>"",M6<>"",G6<>"",I6<>""),VLOOKUP(L6,'1-專案資訊'!A25:I33,4,0)/(M6/100)*2*1.15*G6*I6,0) | S6: =IF(AND(J6="鋼筋",N6<>"",O6<>"",G6<>"",I6<>""),VLOOKUP(N6,'1-專案資訊'!A25:I33,4,0)/(O6/100)*2*1.15*G6*I6,0) | T6: =IF(AND(J6="鋼絲網",P6<>"",G6<>"",I6<>""),VLOOKUP(P6,'1-專案資訊'!A38:B48,2,0)*G6*I6,0) | U6: =IF(AND(G6<>"",I6<>""),G6*I6,0) | V6: =IF(AND(G6<>"",I6<>""),G6*I6,0) | W6: =IF(AND(J6="鋼筋",N6<>"",O6<>"",G6<>"",I6<>""),ROUNDUP(SQRT(G6)/$B$3,0)*2*SQRT(G6)/(O6/100)*I6,0) | X6: =IF(AND(W6>0,N6<>""),W6*VLOOKUP(N6,'1-專案資訊'!A25:I33,8,0)/100,0) | Y6: =IF(OR(L6="#3 (D10)",L6="#4 (D13)",L6="#5 (D16)"),R6,0)+IF(OR(N6="#3 (D10)",N6="#4 (D13)",N6="#5 (D16)"),S6,0) | Z6: =IF(AND(L6<>"",L6<>"#3 (D10)",L6<>"#4 (D13)",L6<>"#5 (D16)"),R6,0)+IF(AND(N6<>"",N6<>"#3 (D10)",N6<>"#4 (D13)",N6<>"#5 (D16)"),S6,0)
A7: 3 | G7: =IF(AND(E7<>"",F7<>""),E7*F7/10000,"") | Q7: =IF(AND(G7<>"",H7<>"",I7<>""),G7*H7/100*I7,0) | R7: =IF(AND(J7="鋼筋",K7=2,L7<>"",M7<>"",G7<>"",I7<>""),VLOOKUP(L7,'1-專案資訊'!A25:I33,4,0)/(M7/100)*2*1.15*G7*I7,0) | S7: =IF(AND(J7="鋼筋",N7<>"",O7<>"",G7<>"",I7<>""),VLOOKUP(N7,'1-專案資訊'!A25:I33,4,0)/(O7/100)*2*1.15*G7*I7,0) | T7: =IF(AND(J7="鋼絲網",P7<>"",G7<>"",I7<>""),VLOOKUP(P7,'1-專案資訊'!A38:B48,2,0)*G7*I7,0) | U7: =IF(AND(G7<>"",I7<>""),G7*I7,0) | V7: =IF(AND(G7<>"",I7<>""),G7*I7,0) | W7: =IF(AND(J7="鋼筋",N7<>"",O7<>"",G7<>"",I7<>""),ROUNDUP(SQRT(G7)/$B$3,0)*2*SQRT(G7)/(O7/100)*I7,0) | X7: =IF(AND(W7>0,N7<>""),W7*VLOOKUP(N7,'1-專案資訊'!A25:I33,8,0)/100,0) | Y7: =IF(OR(L7="#3 (D10)",L7="#4 (D13)",L7="#5 (D16)"),R7,0)+IF(OR(N7="#3 (D10)",N7="#4 (D13)",N7="#5 (D16)"),S7,0) | Z7: =IF(AND(L7<>"",L7<>"#3 (D10)",L7<>"#4 (D13)",L7<>"#5 (D16)"),R7,0)+IF(AND(N7<>"",N7<>"#3 (D10)",N7<>"#4 (D13)",N7<>"#5 (D16)"),S7,0)
A8: 4 | G8: =IF(AND(E8<>"",F8<>""),E8*F8/10000,"") | Q8: =IF(AND(G8<>"",H8<>"",I8<>""),G8*H8/100*I8,0) | R8: =IF(AND(J8="鋼筋",K8=2,L8<>"",M8<>"",G8<>"",I8<>""),VLOOKUP(L8,'1-專案資訊'!A25:I33,4,0)/(M8/100)*2*1.15*G8*I8,0) | S8: =IF(AND(J8="鋼筋",N8<>"",O8<>"",G8<>"",I8<>""),VLOOKUP(N8,'1-專案資訊'!A25:I33,4,0)/(O8/100)*2*1.15*G8*I8,0) | T8: =IF(AND(J8="鋼絲網",P8<>"",G8<>"",I8<>""),VLOOKUP(P8,'1-專案資訊'!A38:B48,2,0)*G8*I8,0) | U8: =IF(AND(G8<>"",I8<>""),G8*I8,0) | V8: =IF(AND(G8<>"",I8<>""),G8*I8,0) | W8: =IF(AND(J8="鋼筋",N8<>"",O8<>"",G8<>"",I8<>""),ROUNDUP(SQRT(G8)/$B$3,0)*2*SQRT(G8)/(O8/100)*I8,0) | X8: =IF(AND(W8>0,N8<>""),W8*VLOOKUP(N8,'1-專案資訊'!A25:I33,8,0)/100,0) | Y8: =IF(OR(L8="#3 (D10)",L8="#4 (D13)",L8="#5 (D16)"),R8,0)+IF(OR(N8="#3 (D10)",N8="#4 (D13)",N8="#5 (D16)"),S8,0) | Z8: =IF(AND(L8<>"",L8<>"#3 (D10)",L8<>"#4 (D13)",L8<>"#5 (D16)"),R8,0)+IF(AND(N8<>"",N8<>"#3 (D10)",N8<>"#4 (D13)",N8<>"#5 (D16)"),S8,0)
A9: 5 | G9: =IF(AND(E9<>"",F9<>""),E9*F9/10000,"") | Q9: =IF(AND(G9<>"",H9<>"",I9<>""),G9*H9/100*I9,0) | R9: =IF(AND(J9="鋼筋",K9=2,L9<>"",M9<>"",G9<>"",I9<>""),VLOOKUP(L9,'1-專案資訊'!A25:I33,4,0)/(M9/100)*2*1.15*G9*I9,0) | S9: =IF(AND(J9="鋼筋",N9<>"",O9<>"",G9<>"",I9<>""),VLOOKUP(N9,'1-專案資訊'!A25:I33,4,0)/(O9/100)*2*1.15*G9*I9,0) | T9: =IF(AND(J9="鋼絲網",P9<>"",G9<>"",I9<>""),VLOOKUP(P9,'1-專案資訊'!A38:B48,2,0)*G9*I9,0) | U9: =IF(AND(G9<>"",I9<>""),G9*I9,0) | V9: =IF(AND(G9<>"",I9<>""),G9*I9,0) | W9: =IF(AND(J9="鋼筋",N9<>"",O9<>"",G9<>"",I9<>""),ROUNDUP(SQRT(G9)/$B$3,0)*2*SQRT(G9)/(O9/100)*I9,0) | X9: =IF(AND(W9>0,N9<>""),W9*VLOOKUP(N9,'1-專案資訊'!A25:I33,8,0)/100,0) | Y9: =IF(OR(L9="#3 (D10)",L9="#4 (D13)",L9="#5 (D16)"),R9,0)+IF(OR(N9="#3 (D10)",N9="#4 (D13)",N9="#5 (D16)"),S9,0) | Z9: =IF(AND(L9<>"",L9<>"#3 (D10)",L9<>"#4 (D13)",L9<>"#5 (D16)"),R9,0)+IF(AND(N9<>"",N9<>"#3 (D10)",N9<>"#4 (D13)",N9<>"#5 (D16)"),S9,0)
A10: 6 | G10: =IF(AND(E10<>"",F10<>""),E10*F10/10000,"") | Q10: =IF(AND(G10<>"",H10<>"",I10<>""),G10*H10/100*I10,0) | R10: =IF(AND(J10="鋼筋",K10=2,L10<>"",M10<>"",G10<>"",I10<>""),VLOOKUP(L10,'1-專案資訊'!A25:I33,4,0)/(M10/100)*2*1.15*G10*I10,0) | S10: =IF(AND(J10="鋼筋",N10<>"",O10<>"",G10<>"",I10<>""),VLOOKUP(N10,'1-專案資訊'!A25:I33,4,0)/(O10/100)*2*1.15*G10*I10,0) | T10: =IF(AND(J10="鋼絲網",P10<>"",G10<>"",I10<>""),VLOOKUP(P10,'1-專案資訊'!A38:B48,2,0)*G10*I10,0) | U10: =IF(AND(G10<>"",I10<>""),G10*I10,0) | V10: =IF(AND(G10<>"",I10<>""),G10*I10,0) | W10: =IF(AND(J10="鋼筋",N10<>"",O10<>"",G10<>"",I10<>""),ROUNDUP(SQRT(G10)/$B$3,0)*2*SQRT(G10)/(O10/100)*I10,0) | X10: =IF(AND(W10>0,N10<>""),W10*VLOOKUP(N10,'1-專案資訊'!A25:I33,8,0)/100,0) | Y10: =IF(OR(L10="#3 (D10)",L10="#4 (D13)",L10="#5 (D16)"),R10,0)+IF(OR(N10="#3 (D10)",N10="#4 (D13)",N10="#5 (D16)"),S10,0) | Z10: =IF(AND(L10<>"",L10<>"#3 (D10)",L10<>"#4 (D13)",L10<>"#5 (D16)"),R10,0)+IF(AND(N10<>"",N10<>"#3 (D10)",N10<>"#4 (D13)",N10<>"#5 (D16)"),S10,0)
A11: 7 | G11: =IF(AND(E11<>"",F11<>""),E11*F11/10000,"") | Q11: =IF(AND(G11<>"",H11<>"",I11<>""),G11*H11/100*I11,0) | R11: =IF(AND(J11="鋼筋",K11=2,L11<>"",M11<>"",G11<>"",I11<>""),VLOOKUP(L11,'1-專案資訊'!A25:I33,4,0)/(M11/100)*2*1.15*G11*I11,0) | S11: =IF(AND(J11="鋼筋",N11<>"",O11<>"",G11<>"",I11<>""),VLOOKUP(N11,'1-專案資訊'!A25:I33,4,0)/(O11/100)*2*1.15*G11*I11,0) | T11: =IF(AND(J11="鋼絲網",P11<>"",G11<>"",I11<>""),VLOOKUP(P11,'1-專案資訊'!A38:B48,2,0)*G11*I11,0) | U11: =IF(AND(G11<>"",I11<>""),G11*I11,0) | V11: =IF(AND(G11<>"",I11<>""),G11*I11,0) | W11: =IF(AND(J11="鋼筋",N11<>"",O11<>"",G11<>"",I11<>""),ROUNDUP(SQRT(G11)/$B$3,0)*2*SQRT(G11)/(O11/100)*I11,0) | X11: =IF(AND(W11>0,N11<>""),W11*VLOOKUP(N11,'1-專案資訊'!A25:I33,8,0)/100,0) | Y11: =IF(OR(L11="#3 (D10)",L11="#4 (D13)",L11="#5 (D16)"),R11,0)+IF(OR(N11="#3 (D10)",N11="#4 (D13)",N11="#5 (D16)"),S11,0) | Z11: =IF(AND(L11<>"",L11<>"#3 (D10)",L11<>"#4 (D13)",L11<>"#5 (D16)"),R11,0)+IF(AND(N11<>"",N11<>"#3 (D10)",N11<>"#4 (D13)",N11<>"#5 (D16)"),S11,0)
A12: 8 | G12: =IF(AND(E12<>"",F12<>""),E12*F12/10000,"") | Q12: =IF(AND(G12<>"",H12<>"",I12<>""),G12*H12/100*I12,0) | R12: =IF(AND(J12="鋼筋",K12=2,L12<>"",M12<>"",G12<>"",I12<>""),VLOOKUP(L12,'1-專案資訊'!A25:I33,4,0)/(M12/100)*2*1.15*G12*I12,0) | S12: =IF(AND(J12="鋼筋",N12<>"",O12<>"",G12<>"",I12<>""),VLOOKUP(N12,'1-專案資訊'!A25:I33,4,0)/(O12/100)*2*1.15*G12*I12,0) | T12: =IF(AND(J12="鋼絲網",P12<>"",G12<>"",I12<>""),VLOOKUP(P12,'1-專案資訊'!A38:B48,2,0)*G12*I12,0) | U12: =IF(AND(G12<>"",I12<>""),G12*I12,0) | V12: =IF(AND(G12<>"",I12<>""),G12*I12,0) | W12: =IF(AND(J12="鋼筋",N12<>"",O12<>"",G12<>"",I12<>""),ROUNDUP(SQRT(G12)/$B$3,0)*2*SQRT(G12)/(O12/100)*I12,0) | X12: =IF(AND(W12>0,N12<>""),W12*VLOOKUP(N12,'1-專案資訊'!A25:I33,8,0)/100,0) | Y12: =IF(OR(L12="#3 (D10)",L12="#4 (D13)",L12="#5 (D16)"),R12,0)+IF(OR(N12="#3 (D10)",N12="#4 (D13)",N12="#5 (D16)"),S12,0) | Z12: =IF(AND(L12<>"",L12<>"#3 (D10)",L12<>"#4 (D13)",L12<>"#5 (D16)"),R12,0)+IF(AND(N12<>"",N12<>"#3 (D10)",N12<>"#4 (D13)",N12<>"#5 (D16)"),S12,0)
A13: 9 | G13: =IF(AND(E13<>"",F13<>""),E13*F13/10000,"") | Q13: =IF(AND(G13<>"",H13<>"",I13<>""),G13*H13/100*I13,0) | R13: =IF(AND(J13="鋼筋",K13=2,L13<>"",M13<>"",G13<>"",I13<>""),VLOOKUP(L13,'1-專案資訊'!A25:I33,4,0)/(M13/100)*2*1.15*G13*I13,0) | S13: =IF(AND(J13="鋼筋",N13<>"",O13<>"",G13<>"",I13<>""),VLOOKUP(N13,'1-專案資訊'!A25:I33,4,0)/(O13/100)*2*1.15*G13*I13,0) | T13: =IF(AND(J13="鋼絲網",P13<>"",G13<>"",I13<>""),VLOOKUP(P13,'1-專案資訊'!A38:B48,2,0)*G13*I13,0) | U13: =IF(AND(G13<>"",I13<>""),G13*I13,0) | V13: =IF(AND(G13<>"",I13<>""),G13*I13,0) | W13: =IF(AND(J13="鋼筋",N13<>"",O13<>"",G13<>"",I13<>""),ROUNDUP(SQRT(G13)/$B$3,0)*2*SQRT(G13)/(O13/100)*I13,0) | X13: =IF(AND(W13>0,N13<>""),W13*VLOOKUP(N13,'1-專案資訊'!A25:I33,8,0)/100,0) | Y13: =IF(OR(L13="#3 (D10)",L13="#4 (D13)",L13="#5 (D16)"),R13,0)+IF(OR(N13="#3 (D10)",N13="#4 (D13)",N13="#5 (D16)"),S13,0) | Z13: =IF(AND(L13<>"",L13<>"#3 (D10)",L13<>"#4 (D13)",L13<>"#5 (D16)"),R13,0)+IF(AND(N13<>"",N13<>"#3 (D10)",N13<>"#4 (D13)",N13<>"#5 (D16)"),S13,0)
A14: 10 | G14: =IF(AND(E14<>"",F14<>""),E14*F14/10000,"") | Q14: =IF(AND(G14<>"",H14<>"",I14<>""),G14*H14/100*I14,0) | R14: =IF(AND(J14="鋼筋",K14=2,L14<>"",M14<>"",G14<>"",I14<>""),VLOOKUP(L14,'1-專案資訊'!A25:I33,4,0)/(M14/100)*2*1.15*G14*I14,0) | S14: =IF(AND(J14="鋼筋",N14<>"",O14<>"",G14<>"",I14<>""),VLOOKUP(N14,'1-專案資訊'!A25:I33,4,0)/(O14/100)*2*1.15*G14*I14,0) | T14: =IF(AND(J14="鋼絲網",P14<>"",G14<>"",I14<>""),VLOOKUP(P14,'1-專案資訊'!A38:B48,2,0)*G14*I14,0) | U14: =IF(AND(G14<>"",I14<>""),G14*I14,0) | V14: =IF(AND(G14<>"",I14<>""),G14*I14,0) | W14: =IF(AND(J14="鋼筋",N14<>"",O14<>"",G14<>"",I14<>""),ROUNDUP(SQRT(G14)/$B$3,0)*2*SQRT(G14)/(O14/100)*I14,0) | X14: =IF(AND(W14>0,N14<>""),W14*VLOOKUP(N14,'1-專案資訊'!A25:I33,8,0)/100,0) | Y14: =IF(OR(L14="#3 (D10)",L14="#4 (D13)",L14="#5 (D16)"),R14,0)+IF(OR(N14="#3 (D10)",N14="#4 (D13)",N14="#5 (D16)"),S14,0) | Z14: =IF(AND(L14<>"",L14<>"#3 (D10)",L14<>"#4 (D13)",L14<>"#5 (D16)"),R14,0)+IF(AND(N14<>"",N14<>"#3 (D10)",N14<>"#4 (D13)",N14<>"#5 (D16)"),S14,0)
A15: 11 | G15: =IF(AND(E15<>"",F15<>""),E15*F15/10000,"") | Q15: =IF(AND(G15<>"",H15<>"",I15<>""),G15*H15/100*I15,0) | R15: =IF(AND(J15="鋼筋",K15=2,L15<>"",M15<>"",G15<>"",I15<>""),VLOOKUP(L15,'1-專案資訊'!A25:I33,4,0)/(M15/100)*2*1.15*G15*I15,0) | S15: =IF(AND(J15="鋼筋",N15<>"",O15<>"",G15<>"",I15<>""),VLOOKUP(N15,'1-專案資訊'!A25:I33,4,0)/(O15/100)*2*1.15*G15*I15,0) | T15: =IF(AND(J15="鋼絲網",P15<>"",G15<>"",I15<>""),VLOOKUP(P15,'1-專案資訊'!A38:B48,2,0)*G15*I15,0) | U15: =IF(AND(G15<>"",I15<>""),G15*I15,0) | V15: =IF(AND(G15<>"",I15<>""),G15*I15,0) | W15: =IF(AND(J15="鋼筋",N15<>"",O15<>"",G15<>"",I15<>""),ROUNDUP(SQRT(G15)/$B$3,0)*2*SQRT(G15)/(O15/100)*I15,0) | X15: =IF(AND(W15>0,N15<>""),W15*VLOOKUP(N15,'1-專案資訊'!A25:I33,8,0)/100,0) | Y15: =IF(OR(L15="#3 (D10)",L15="#4 (D13)",L15="#5 (D16)"),R15,0)+IF(OR(N15="#3 (D10)",N15="#4 (D13)",N15="#5 (D16)"),S15,0) | Z15: =IF(AND(L15<>"",L15<>"#3 (D10)",L15<>"#4 (D13)",L15<>"#5 (D16)"),R15,0)+IF(AND(N15<>"",N15<>"#3 (D10)",N15<>"#4 (D13)",N15<>"#5 (D16)"),S15,0)
A16: 12 | G16: =IF(AND(E16<>"",F16<>""),E16*F16/10000,"") | Q16: =IF(AND(G16<>"",H16<>"",I16<>""),G16*H16/100*I16,0) | R16: =IF(AND(J16="鋼筋",K16=2,L16<>"",M16<>"",G16<>"",I16<>""),VLOOKUP(L16,'1-專案資訊'!A25:I33,4,0)/(M16/100)*2*1.15*G16*I16,0) | S16: =IF(AND(J16="鋼筋",N16<>"",O16<>"",G16<>"",I16<>""),VLOOKUP(N16,'1-專案資訊'!A25:I33,4,0)/(O16/100)*2*1.15*G16*I16,0) | T16: =IF(AND(J16="鋼絲網",P16<>"",G16<>"",I16<>""),VLOOKUP(P16,'1-專案資訊'!A38:B48,2,0)*G16*I16,0) | U16: =IF(AND(G16<>"",I16<>""),G16*I16,0) | V16: =IF(AND(G16<>"",I16<>""),G16*I16,0) | W16: =IF(AND(J16="鋼筋",N16<>"",O16<>"",G16<>"",I16<>""),ROUNDUP(SQRT(G16)/$B$3,0)*2*SQRT(G16)/(O16/100)*I16,0) | X16: =IF(AND(W16>0,N16<>""),W16*VLOOKUP(N16,'1-專案資訊'!A25:I33,8,0)/100,0) | Y16: =IF(OR(L16="#3 (D10)",L16="#4 (D13)",L16="#5 (D16)"),R16,0)+IF(OR(N16="#3 (D10)",N16="#4 (D13)",N16="#5 (D16)"),S16,0) | Z16: =IF(AND(L16<>"",L16<>"#3 (D10)",L16<>"#4 (D13)",L16<>"#5 (D16)"),R16,0)+IF(AND(N16<>"",N16<>"#3 (D10)",N16<>"#4 (D13)",N16<>"#5 (D16)"),S16,0)
A17: 13 | G17: =IF(AND(E17<>"",F17<>""),E17*F17/10000,"") | Q17: =IF(AND(G17<>"",H17<>"",I17<>""),G17*H17/100*I17,0) | R17: =IF(AND(J17="鋼筋",K17=2,L17<>"",M17<>"",G17<>"",I17<>""),VLOOKUP(L17,'1-專案資訊'!A25:I33,4,0)/(M17/100)*2*1.15*G17*I17,0) | S17: =IF(AND(J17="鋼筋",N17<>"",O17<>"",G17<>"",I17<>""),VLOOKUP(N17,'1-專案資訊'!A25:I33,4,0)/(O17/100)*2*1.15*G17*I17,0) | T17: =IF(AND(J17="鋼絲網",P17<>"",G17<>"",I17<>""),VLOOKUP(P17,'1-專案資訊'!A38:B48,2,0)*G17*I17,0) | U17: =IF(AND(G17<>"",I17<>""),G17*I17,0) | V17: =IF(AND(G17<>"",I17<>""),G17*I17,0) | W17: =IF(AND(J17="鋼筋",N17<>"",O17<>"",G17<>"",I17<>""),ROUNDUP(SQRT(G17)/$B$3,0)*2*SQRT(G17)/(O17/100)*I17,0) | X17: =IF(AND(W17>0,N17<>""),W17*VLOOKUP(N17,'1-專案資訊'!A25:I33,8,0)/100,0) | Y17: =IF(OR(L17="#3 (D10)",L17="#4 (D13)",L17="#5 (D16)"),R17,0)+IF(OR(N17="#3 (D10)",N17="#4 (D13)",N17="#5 (D16)"),S17,0) | Z17: =IF(AND(L17<>"",L17<>"#3 (D10)",L17<>"#4 (D13)",L17<>"#5 (D16)"),R17,0)+IF(AND(N17<>"",N17<>"#3 (D10)",N17<>"#4 (D13)",N17<>"#5 (D16)"),S17,0)
A18: 14 | G18: =IF(AND(E18<>"",F18<>""),E18*F18/10000,"") | Q18: =IF(AND(G18<>"",H18<>"",I18<>""),G18*H18/100*I18,0) | R18: =IF(AND(J18="鋼筋",K18=2,L18<>"",M18<>"",G18<>"",I18<>""),VLOOKUP(L18,'1-專案資訊'!A25:I33,4,0)/(M18/100)*2*1.15*G18*I18,0) | S18: =IF(AND(J18="鋼筋",N18<>"",O18<>"",G18<>"",I18<>""),VLOOKUP(N18,'1-專案資訊'!A25:I33,4,0)/(O18/100)*2*1.15*G18*I18,0) | T18: =IF(AND(J18="鋼絲網",P18<>"",G18<>"",I18<>""),VLOOKUP(P18,'1-專案資訊'!A38:B48,2,0)*G18*I18,0) | U18: =IF(AND(G18<>"",I18<>""),G18*I18,0) | V18: =IF(AND(G18<>"",I18<>""),G18*I18,0) | W18: =IF(AND(J18="鋼筋",N18<>"",O18<>"",G18<>"",I18<>""),ROUNDUP(SQRT(G18)/$B$3,0)*2*SQRT(G18)/(O18/100)*I18,0) | X18: =IF(AND(W18>0,N18<>""),W18*VLOOKUP(N18,'1-專案資訊'!A25:I33,8,0)/100,0) | Y18: =IF(OR(L18="#3 (D10)",L18="#4 (D13)",L18="#5 (D16)"),R18,0)+IF(OR(N18="#3 (D10)",N18="#4 (D13)",N18="#5 (D16)"),S18,0) | Z18: =IF(AND(L18<>"",L18<>"#3 (D10)",L18<>"#4 (D13)",L18<>"#5 (D16)"),R18,0)+IF(AND(N18<>"",N18<>"#3 (D10)",N18<>"#4 (D13)",N18<>"#5 (D16)"),S18,0)
A19: 15 | G19: =IF(AND(E19<>"",F19<>""),E19*F19/10000,"") | Q19: =IF(AND(G19<>"",H19<>"",I19<>""),G19*H19/100*I19,0) | R19: =IF(AND(J19="鋼筋",K19=2,L19<>"",M19<>"",G19<>"",I19<>""),VLOOKUP(L19,'1-專案資訊'!A25:I33,4,0)/(M19/100)*2*1.15*G19*I19,0) | S19: =IF(AND(J19="鋼筋",N19<>"",O19<>"",G19<>"",I19<>""),VLOOKUP(N19,'1-專案資訊'!A25:I33,4,0)/(O19/100)*2*1.15*G19*I19,0) | T19: =IF(AND(J19="鋼絲網",P19<>"",G19<>"",I19<>""),VLOOKUP(P19,'1-專案資訊'!A38:B48,2,0)*G19*I19,0) | U19: =IF(AND(G19<>"",I19<>""),G19*I19,0) | V19: =IF(AND(G19<>"",I19<>""),G19*I19,0) | W19: =IF(AND(J19="鋼筋",N19<>"",O19<>"",G19<>"",I19<>""),ROUNDUP(SQRT(G19)/$B$3,0)*2*SQRT(G19)/(O19/100)*I19,0) | X19: =IF(AND(W19>0,N19<>""),W19*VLOOKUP(N19,'1-專案資訊'!A25:I33,8,0)/100,0) | Y19: =IF(OR(L19="#3 (D10)",L19="#4 (D13)",L19="#5 (D16)"),R19,0)+IF(OR(N19="#3 (D10)",N19="#4 (D13)",N19="#5 (D16)"),S19,0) | Z19: =IF(AND(L19<>"",L19<>"#3 (D10)",L19<>"#4 (D13)",L19<>"#5 (D16)"),R19,0)+IF(AND(N19<>"",N19<>"#3 (D10)",N19<>"#4 (D13)",N19<>"#5 (D16)"),S19,0)
A20: 16 | G20: =IF(AND(E20<>"",F20<>""),E20*F20/10000,"") | Q20: =IF(AND(G20<>"",H20<>"",I20<>""),G20*H20/100*I20,0) | R20: =IF(AND(J20="鋼筋",K20=2,L20<>"",M20<>"",G20<>"",I20<>""),VLOOKUP(L20,'1-專案資訊'!A25:I33,4,0)/(M20/100)*2*1.15*G20*I20,0) | S20: =IF(AND(J20="鋼筋",N20<>"",O20<>"",G20<>"",I20<>""),VLOOKUP(N20,'1-專案資訊'!A25:I33,4,0)/(O20/100)*2*1.15*G20*I20,0) | T20: =IF(AND(J20="鋼絲網",P20<>"",G20<>"",I20<>""),VLOOKUP(P20,'1-專案資訊'!A38:B48,2,0)*G20*I20,0) | U20: =IF(AND(G20<>"",I20<>""),G20*I20,0) | V20: =IF(AND(G20<>"",I20<>""),G20*I20,0) | W20: =IF(AND(J20="鋼筋",N20<>"",O20<>"",G20<>"",I20<>""),ROUNDUP(SQRT(G20)/$B$3,0)*2*SQRT(G20)/(O20/100)*I20,0) | X20: =IF(AND(W20>0,N20<>""),W20*VLOOKUP(N20,'1-專案資訊'!A25:I33,8,0)/100,0) | Y20: =IF(OR(L20="#3 (D10)",L20="#4 (D13)",L20="#5 (D16)"),R20,0)+IF(OR(N20="#3 (D10)",N20="#4 (D13)",N20="#5 (D16)"),S20,0) | Z20: =IF(AND(L20<>"",L20<>"#3 (D10)",L20<>"#4 (D13)",L20<>"#5 (D16)"),R20,0)+IF(AND(N20<>"",N20<>"#3 (D10)",N20<>"#4 (D13)",N20<>"#5 (D16)"),S20,0)
A21: 17 | G21: =IF(AND(E21<>"",F21<>""),E21*F21/10000,"") | Q21: =IF(AND(G21<>"",H21<>"",I21<>""),G21*H21/100*I21,0) | R21: =IF(AND(J21="鋼筋",K21=2,L21<>"",M21<>"",G21<>"",I21<>""),VLOOKUP(L21,'1-專案資訊'!A25:I33,4,0)/(M21/100)*2*1.15*G21*I21,0) | S21: =IF(AND(J21="鋼筋",N21<>"",O21<>"",G21<>"",I21<>""),VLOOKUP(N21,'1-專案資訊'!A25:I33,4,0)/(O21/100)*2*1.15*G21*I21,0) | T21: =IF(AND(J21="鋼絲網",P21<>"",G21<>"",I21<>""),VLOOKUP(P21,'1-專案資訊'!A38:B48,2,0)*G21*I21,0) | U21: =IF(AND(G21<>"",I21<>""),G21*I21,0) | V21: =IF(AND(G21<>"",I21<>""),G21*I21,0) | W21: =IF(AND(J21="鋼筋",N21<>"",O21<>"",G21<>"",I21<>""),ROUNDUP(SQRT(G21)/$B$3,0)*2*SQRT(G21)/(O21/100)*I21,0) | X21: =IF(AND(W21>0,N21<>""),W21*VLOOKUP(N21,'1-專案資訊'!A25:I33,8,0)/100,0) | Y21: =IF(OR(L21="#3 (D10)",L21="#4 (D13)",L21="#5 (D16)"),R21,0)+IF(OR(N21="#3 (D10)",N21="#4 (D13)",N21="#5 (D16)"),S21,0) | Z21: =IF(AND(L21<>"",L21<>"#3 (D10)",L21<>"#4 (D13)",L21<>"#5 (D16)"),R21,0)+IF(AND(N21<>"",N21<>"#3 (D10)",N21<>"#4 (D13)",N21<>"#5 (D16)"),S21,0)
A22: 18 | G22: =IF(AND(E22<>"",F22<>""),E22*F22/10000,"") | Q22: =IF(AND(G22<>"",H22<>"",I22<>""),G22*H22/100*I22,0) | R22: =IF(AND(J22="鋼筋",K22=2,L22<>"",M22<>"",G22<>"",I22<>""),VLOOKUP(L22,'1-專案資訊'!A25:I33,4,0)/(M22/100)*2*1.15*G22*I22,0) | S22: =IF(AND(J22="鋼筋",N22<>"",O22<>"",G22<>"",I22<>""),VLOOKUP(N22,'1-專案資訊'!A25:I33,4,0)/(O22/100)*2*1.15*G22*I22,0) | T22: =IF(AND(J22="鋼絲網",P22<>"",G22<>"",I22<>""),VLOOKUP(P22,'1-專案資訊'!A38:B48,2,0)*G22*I22,0) | U22: =IF(AND(G22<>"",I22<>""),G22*I22,0) | V22: =IF(AND(G22<>"",I22<>""),G22*I22,0) | W22: =IF(AND(J22="鋼筋",N22<>"",O22<>"",G22<>"",I22<>""),ROUNDUP(SQRT(G22)/$B$3,0)*2*SQRT(G22)/(O22/100)*I22,0) | X22: =IF(AND(W22>0,N22<>""),W22*VLOOKUP(N22,'1-專案資訊'!A25:I33,8,0)/100,0) | Y22: =IF(OR(L22="#3 (D10)",L22="#4 (D13)",L22="#5 (D16)"),R22,0)+IF(OR(N22="#3 (D10)",N22="#4 (D13)",N22="#5 (D16)"),S22,0) | Z22: =IF(AND(L22<>"",L22<>"#3 (D10)",L22<>"#4 (D13)",L22<>"#5 (D16)"),R22,0)+IF(AND(N22<>"",N22<>"#3 (D10)",N22<>"#4 (D13)",N22<>"#5 (D16)"),S22,0)
A23: 19 | G23: =IF(AND(E23<>"",F23<>""),E23*F23/10000,"") | Q23: =IF(AND(G23<>"",H23<>"",I23<>""),G23*H23/100*I23,0) | R23: =IF(AND(J23="鋼筋",K23=2,L23<>"",M23<>"",G23<>"",I23<>""),VLOOKUP(L23,'1-專案資訊'!A25:I33,4,0)/(M23/100)*2*1.15*G23*I23,0) | S23: =IF(AND(J23="鋼筋",N23<>"",O23<>"",G23<>"",I23<>""),VLOOKUP(N23,'1-專案資訊'!A25:I33,4,0)/(O23/100)*2*1.15*G23*I23,0) | T23: =IF(AND(J23="鋼絲網",P23<>"",G23<>"",I23<>""),VLOOKUP(P23,'1-專案資訊'!A38:B48,2,0)*G23*I23,0) | U23: =IF(AND(G23<>"",I23<>""),G23*I23,0) | V23: =IF(AND(G23<>"",I23<>""),G23*I23,0) | W23: =IF(AND(J23="鋼筋",N23<>"",O23<>"",G23<>"",I23<>""),ROUNDUP(SQRT(G23)/$B$3,0)*2*SQRT(G23)/(O23/100)*I23,0) | X23: =IF(AND(W23>0,N23<>""),W23*VLOOKUP(N23,'1-專案資訊'!A25:I33,8,0)/100,0) | Y23: =IF(OR(L23="#3 (D10)",L23="#4 (D13)",L23="#5 (D16)"),R23,0)+IF(OR(N23="#3 (D10)",N23="#4 (D13)",N23="#5 (D16)"),S23,0) | Z23: =IF(AND(L23<>"",L23<>"#3 (D10)",L23<>"#4 (D13)",L23<>"#5 (D16)"),R23,0)+IF(AND(N23<>"",N23<>"#3 (D10)",N23<>"#4 (D13)",N23<>"#5 (D16)"),S23,0)
A24: 20 | G24: =IF(AND(E24<>"",F24<>""),E24*F24/10000,"") | Q24: =IF(AND(G24<>"",H24<>"",I24<>""),G24*H24/100*I24,0) | R24: =IF(AND(J24="鋼筋",K24=2,L24<>"",M24<>"",G24<>"",I24<>""),VLOOKUP(L24,'1-專案資訊'!A25:I33,4,0)/(M24/100)*2*1.15*G24*I24,0) | S24: =IF(AND(J24="鋼筋",N24<>"",O24<>"",G24<>"",I24<>""),VLOOKUP(N24,'1-專案資訊'!A25:I33,4,0)/(O24/100)*2*1.15*G24*I24,0) | T24: =IF(AND(J24="鋼絲網",P24<>"",G24<>"",I24<>""),VLOOKUP(P24,'1-專案資訊'!A38:B48,2,0)*G24*I24,0) | U24: =IF(AND(G24<>"",I24<>""),G24*I24,0) | V24: =IF(AND(G24<>"",I24<>""),G24*I24,0) | W24: =IF(AND(J24="鋼筋",N24<>"",O24<>"",G24<>"",I24<>""),ROUNDUP(SQRT(G24)/$B$3,0)*2*SQRT(G24)/(O24/100)*I24,0) | X24: =IF(AND(W24>0,N24<>""),W24*VLOOKUP(N24,'1-專案資訊'!A25:I33,8,0)/100,0) | Y24: =IF(OR(L24="#3 (D10)",L24="#4 (D13)",L24="#5 (D16)"),R24,0)+IF(OR(N24="#3 (D10)",N24="#4 (D13)",N24="#5 (D16)"),S24,0) | Z24: =IF(AND(L24<>"",L24<>"#3 (D10)",L24<>"#4 (D13)",L24<>"#5 (D16)"),R24,0)+IF(AND(N24<>"",N24<>"#3 (D10)",N24<>"#4 (D13)",N24<>"#5 (D16)"),S24,0)
A25: 21 | G25: =IF(AND(E25<>"",F25<>""),E25*F25/10000,"") | Q25: =IF(AND(G25<>"",H25<>"",I25<>""),G25*H25/100*I25,0) | R25: =IF(AND(J25="鋼筋",K25=2,L25<>"",M25<>"",G25<>"",I25<>""),VLOOKUP(L25,'1-專案資訊'!A25:I33,4,0)/(M25/100)*2*1.15*G25*I25,0) | S25: =IF(AND(J25="鋼筋",N25<>"",O25<>"",G25<>"",I25<>""),VLOOKUP(N25,'1-專案資訊'!A25:I33,4,0)/(O25/100)*2*1.15*G25*I25,0) | T25: =IF(AND(J25="鋼絲網",P25<>"",G25<>"",I25<>""),VLOOKUP(P25,'1-專案資訊'!A38:B48,2,0)*G25*I25,0) | U25: =IF(AND(G25<>"",I25<>""),G25*I25,0) | V25: =IF(AND(G25<>"",I25<>""),G25*I25,0) | W25: =IF(AND(J25="鋼筋",N25<>"",O25<>"",G25<>"",I25<>""),ROUNDUP(SQRT(G25)/$B$3,0)*2*SQRT(G25)/(O25/100)*I25,0) | X25: =IF(AND(W25>0,N25<>""),W25*VLOOKUP(N25,'1-專案資訊'!A25:I33,8,0)/100,0) | Y25: =IF(OR(L25="#3 (D10)",L25="#4 (D13)",L25="#5 (D16)"),R25,0)+IF(OR(N25="#3 (D10)",N25="#4 (D13)",N25="#5 (D16)"),S25,0) | Z25: =IF(AND(L25<>"",L25<>"#3 (D10)",L25<>"#4 (D13)",L25<>"#5 (D16)"),R25,0)+IF(AND(N25<>"",N25<>"#3 (D10)",N25<>"#4 (D13)",N25<>"#5 (D16)"),S25,0)
A26: 22 | G26: =IF(AND(E26<>"",F26<>""),E26*F26/10000,"") | Q26: =IF(AND(G26<>"",H26<>"",I26<>""),G26*H26/100*I26,0) | R26: =IF(AND(J26="鋼筋",K26=2,L26<>"",M26<>"",G26<>"",I26<>""),VLOOKUP(L26,'1-專案資訊'!A25:I33,4,0)/(M26/100)*2*1.15*G26*I26,0) | S26: =IF(AND(J26="鋼筋",N26<>"",O26<>"",G26<>"",I26<>""),VLOOKUP(N26,'1-專案資訊'!A25:I33,4,0)/(O26/100)*2*1.15*G26*I26,0) | T26: =IF(AND(J26="鋼絲網",P26<>"",G26<>"",I26<>""),VLOOKUP(P26,'1-專案資訊'!A38:B48,2,0)*G26*I26,0) | U26: =IF(AND(G26<>"",I26<>""),G26*I26,0) | V26: =IF(AND(G26<>"",I26<>""),G26*I26,0) | W26: =IF(AND(J26="鋼筋",N26<>"",O26<>"",G26<>"",I26<>""),ROUNDUP(SQRT(G26)/$B$3,0)*2*SQRT(G26)/(O26/100)*I26,0) | X26: =IF(AND(W26>0,N26<>""),W26*VLOOKUP(N26,'1-專案資訊'!A25:I33,8,0)/100,0) | Y26: =IF(OR(L26="#3 (D10)",L26="#4 (D13)",L26="#5 (D16)"),R26,0)+IF(OR(N26="#3 (D10)",N26="#4 (D13)",N26="#5 (D16)"),S26,0) | Z26: =IF(AND(L26<>"",L26<>"#3 (D10)",L26<>"#4 (D13)",L26<>"#5 (D16)"),R26,0)+IF(AND(N26<>"",N26<>"#3 (D10)",N26<>"#4 (D13)",N26<>"#5 (D16)"),S26,0)
A27: 23 | G27: =IF(AND(E27<>"",F27<>""),E27*F27/10000,"") | Q27: =IF(AND(G27<>"",H27<>"",I27<>""),G27*H27/100*I27,0) | R27: =IF(AND(J27="鋼筋",K27=2,L27<>"",M27<>"",G27<>"",I27<>""),VLOOKUP(L27,'1-專案資訊'!A25:I33,4,0)/(M27/100)*2*1.15*G27*I27,0) | S27: =IF(AND(J27="鋼筋",N27<>"",O27<>"",G27<>"",I27<>""),VLOOKUP(N27,'1-專案資訊'!A25:I33,4,0)/(O27/100)*2*1.15*G27*I27,0) | T27: =IF(AND(J27="鋼絲網",P27<>"",G27<>"",I27<>""),VLOOKUP(P27,'1-專案資訊'!A38:B48,2,0)*G27*I27,0) | U27: =IF(AND(G27<>"",I27<>""),G27*I27,0) | V27: =IF(AND(G27<>"",I27<>""),G27*I27,0) | W27: =IF(AND(J27="鋼筋",N27<>"",O27<>"",G27<>"",I27<>""),ROUNDUP(SQRT(G27)/$B$3,0)*2*SQRT(G27)/(O27/100)*I27,0) | X27: =IF(AND(W27>0,N27<>""),W27*VLOOKUP(N27,'1-專案資訊'!A25:I33,8,0)/100,0) | Y27: =IF(OR(L27="#3 (D10)",L27="#4 (D13)",L27="#5 (D16)"),R27,0)+IF(OR(N27="#3 (D10)",N27="#4 (D13)",N27="#5 (D16)"),S27,0) | Z27: =IF(AND(L27<>"",L27<>"#3 (D10)",L27<>"#4 (D13)",L27<>"#5 (D16)"),R27,0)+IF(AND(N27<>"",N27<>"#3 (D10)",N27<>"#4 (D13)",N27<>"#5 (D16)"),S27,0)
A28: 24 | G28: =IF(AND(E28<>"",F28<>""),E28*F28/10000,"") | Q28: =IF(AND(G28<>"",H28<>"",I28<>""),G28*H28/100*I28,0) | R28: =IF(AND(J28="鋼筋",K28=2,L28<>"",M28<>"",G28<>"",I28<>""),VLOOKUP(L28,'1-專案資訊'!A25:I33,4,0)/(M28/100)*2*1.15*G28*I28,0) | S28: =IF(AND(J28="鋼筋",N28<>"",O28<>"",G28<>"",I28<>""),VLOOKUP(N28,'1-專案資訊'!A25:I33,4,0)/(O28/100)*2*1.15*G28*I28,0) | T28: =IF(AND(J28="鋼絲網",P28<>"",G28<>"",I28<>""),VLOOKUP(P28,'1-專案資訊'!A38:B48,2,0)*G28*I28,0) | U28: =IF(AND(G28<>"",I28<>""),G28*I28,0) | V28: =IF(AND(G28<>"",I28<>""),G28*I28,0) | W28: =IF(AND(J28="鋼筋",N28<>"",O28<>"",G28<>"",I28<>""),ROUNDUP(SQRT(G28)/$B$3,0)*2*SQRT(G28)/(O28/100)*I28,0) | X28: =IF(AND(W28>0,N28<>""),W28*VLOOKUP(N28,'1-專案資訊'!A25:I33,8,0)/100,0) | Y28: =IF(OR(L28="#3 (D10)",L28="#4 (D13)",L28="#5 (D16)"),R28,0)+IF(OR(N28="#3 (D10)",N28="#4 (D13)",N28="#5 (D16)"),S28,0) | Z28: =IF(AND(L28<>"",L28<>"#3 (D10)",L28<>"#4 (D13)",L28<>"#5 (D16)"),R28,0)+IF(AND(N28<>"",N28<>"#3 (D10)",N28<>"#4 (D13)",N28<>"#5 (D16)"),S28,0)
A29: 25 | G29: =IF(AND(E29<>"",F29<>""),E29*F29/10000,"") | Q29: =IF(AND(G29<>"",H29<>"",I29<>""),G29*H29/100*I29,0) | R29: =IF(AND(J29="鋼筋",K29=2,L29<>"",M29<>"",G29<>"",I29<>""),VLOOKUP(L29,'1-專案資訊'!A25:I33,4,0)/(M29/100)*2*1.15*G29*I29,0) | S29: =IF(AND(J29="鋼筋",N29<>"",O29<>"",G29<>"",I29<>""),VLOOKUP(N29,'1-專案資訊'!A25:I33,4,0)/(O29/100)*2*1.15*G29*I29,0) | T29: =IF(AND(J29="鋼絲網",P29<>"",G29<>"",I29<>""),VLOOKUP(P29,'1-專案資訊'!A38:B48,2,0)*G29*I29,0) | U29: =IF(AND(G29<>"",I29<>""),G29*I29,0) | V29: =IF(AND(G29<>"",I29<>""),G29*I29,0) | W29: =IF(AND(J29="鋼筋",N29<>"",O29<>"",G29<>"",I29<>""),ROUNDUP(SQRT(G29)/$B$3,0)*2*SQRT(G29)/(O29/100)*I29,0) | X29: =IF(AND(W29>0,N29<>""),W29*VLOOKUP(N29,'1-專案資訊'!A25:I33,8,0)/100,0) | Y29: =IF(OR(L29="#3 (D10)",L29="#4 (D13)",L29="#5 (D16)"),R29,0)+IF(OR(N29="#3 (D10)",N29="#4 (D13)",N29="#5 (D16)"),S29,0) | Z29: =IF(AND(L29<>"",L29<>"#3 (D10)",L29<>"#4 (D13)",L29<>"#5 (D16)"),R29,0)+IF(AND(N29<>"",N29<>"#3 (D10)",N29<>"#4 (D13)",N29<>"#5 (D16)"),S29,0)
A30: 26 | G30: =IF(AND(E30<>"",F30<>""),E30*F30/10000,"") | Q30: =IF(AND(G30<>"",H30<>"",I30<>""),G30*H30/100*I30,0) | R30: =IF(AND(J30="鋼筋",K30=2,L30<>"",M30<>"",G30<>"",I30<>""),VLOOKUP(L30,'1-專案資訊'!A25:I33,4,0)/(M30/100)*2*1.15*G30*I30,0) | S30: =IF(AND(J30="鋼筋",N30<>"",O30<>"",G30<>"",I30<>""),VLOOKUP(N30,'1-專案資訊'!A25:I33,4,0)/(O30/100)*2*1.15*G30*I30,0) | T30: =IF(AND(J30="鋼絲網",P30<>"",G30<>"",I30<>""),VLOOKUP(P30,'1-專案資訊'!A38:B48,2,0)*G30*I30,0) | U30: =IF(AND(G30<>"",I30<>""),G30*I30,0) | V30: =IF(AND(G30<>"",I30<>""),G30*I30,0) | W30: =IF(AND(J30="鋼筋",N30<>"",O30<>"",G30<>"",I30<>""),ROUNDUP(SQRT(G30)/$B$3,0)*2*SQRT(G30)/(O30/100)*I30,0) | X30: =IF(AND(W30>0,N30<>""),W30*VLOOKUP(N30,'1-專案資訊'!A25:I33,8,0)/100,0) | Y30: =IF(OR(L30="#3 (D10)",L30="#4 (D13)",L30="#5 (D16)"),R30,0)+IF(OR(N30="#3 (D10)",N30="#4 (D13)",N30="#5 (D16)"),S30,0) | Z30: =IF(AND(L30<>"",L30<>"#3 (D10)",L30<>"#4 (D13)",L30<>"#5 (D16)"),R30,0)+IF(AND(N30<>"",N30<>"#3 (D10)",N30<>"#4 (D13)",N30<>"#5 (D16)"),S30,0)
A31: 27 | G31: =IF(AND(E31<>"",F31<>""),E31*F31/10000,"") | Q31: =IF(AND(G31<>"",H31<>"",I31<>""),G31*H31/100*I31,0) | R31: =IF(AND(J31="鋼筋",K31=2,L31<>"",M31<>"",G31<>"",I31<>""),VLOOKUP(L31,'1-專案資訊'!A25:I33,4,0)/(M31/100)*2*1.15*G31*I31,0) | S31: =IF(AND(J31="鋼筋",N31<>"",O31<>"",G31<>"",I31<>""),VLOOKUP(N31,'1-專案資訊'!A25:I33,4,0)/(O31/100)*2*1.15*G31*I31,0) | T31: =IF(AND(J31="鋼絲網",P31<>"",G31<>"",I31<>""),VLOOKUP(P31,'1-專案資訊'!A38:B48,2,0)*G31*I31,0) | U31: =IF(AND(G31<>"",I31<>""),G31*I31,0) | V31: =IF(AND(G31<>"",I31<>""),G31*I31,0) | W31: =IF(AND(J31="鋼筋",N31<>"",O31<>"",G31<>"",I31<>""),ROUNDUP(SQRT(G31)/$B$3,0)*2*SQRT(G31)/(O31/100)*I31,0) | X31: =IF(AND(W31>0,N31<>""),W31*VLOOKUP(N31,'1-專案資訊'!A25:I33,8,0)/100,0) | Y31: =IF(OR(L31="#3 (D10)",L31="#4 (D13)",L31="#5 (D16)"),R31,0)+IF(OR(N31="#3 (D10)",N31="#4 (D13)",N31="#5 (D16)"),S31,0) | Z31: =IF(AND(L31<>"",L31<>"#3 (D10)",L31<>"#4 (D13)",L31<>"#5 (D16)"),R31,0)+IF(AND(N31<>"",N31<>"#3 (D10)",N31<>"#4 (D13)",N31<>"#5 (D16)"),S31,0)
A32: 28 | G32: =IF(AND(E32<>"",F32<>""),E32*F32/10000,"") | Q32: =IF(AND(G32<>"",H32<>"",I32<>""),G32*H32/100*I32,0) | R32: =IF(AND(J32="鋼筋",K32=2,L32<>"",M32<>"",G32<>"",I32<>""),VLOOKUP(L32,'1-專案資訊'!A25:I33,4,0)/(M32/100)*2*1.15*G32*I32,0) | S32: =IF(AND(J32="鋼筋",N32<>"",O32<>"",G32<>"",I32<>""),VLOOKUP(N32,'1-專案資訊'!A25:I33,4,0)/(O32/100)*2*1.15*G32*I32,0) | T32: =IF(AND(J32="鋼絲網",P32<>"",G32<>"",I32<>""),VLOOKUP(P32,'1-專案資訊'!A38:B48,2,0)*G32*I32,0) | U32: =IF(AND(G32<>"",I32<>""),G32*I32,0) | V32: =IF(AND(G32<>"",I32<>""),G32*I32,0) | W32: =IF(AND(J32="鋼筋",N32<>"",O32<>"",G32<>"",I32<>""),ROUNDUP(SQRT(G32)/$B$3,0)*2*SQRT(G32)/(O32/100)*I32,0) | X32: =IF(AND(W32>0,N32<>""),W32*VLOOKUP(N32,'1-專案資訊'!A25:I33,8,0)/100,0) | Y32: =IF(OR(L32="#3 (D10)",L32="#4 (D13)",L32="#5 (D16)"),R32,0)+IF(OR(N32="#3 (D10)",N32="#4 (D13)",N32="#5 (D16)"),S32,0) | Z32: =IF(AND(L32<>"",L32<>"#3 (D10)",L32<>"#4 (D13)",L32<>"#5 (D16)"),R32,0)+IF(AND(N32<>"",N32<>"#3 (D10)",N32<>"#4 (D13)",N32<>"#5 (D16)"),S32,0)
A33: 29 | G33: =IF(AND(E33<>"",F33<>""),E33*F33/10000,"") | Q33: =IF(AND(G33<>"",H33<>"",I33<>""),G33*H33/100*I33,0) | R33: =IF(AND(J33="鋼筋",K33=2,L33<>"",M33<>"",G33<>"",I33<>""),VLOOKUP(L33,'1-專案資訊'!A25:I33,4,0)/(M33/100)*2*1.15*G33*I33,0) | S33: =IF(AND(J33="鋼筋",N33<>"",O33<>"",G33<>"",I33<>""),VLOOKUP(N33,'1-專案資訊'!A25:I33,4,0)/(O33/100)*2*1.15*G33*I33,0) | T33: =IF(AND(J33="鋼絲網",P33<>"",G33<>"",I33<>""),VLOOKUP(P33,'1-專案資訊'!A38:B48,2,0)*G33*I33,0) | U33: =IF(AND(G33<>"",I33<>""),G33*I33,0) | V33: =IF(AND(G33<>"",I33<>""),G33*I33,0) | W33: =IF(AND(J33="鋼筋",N33<>"",O33<>"",G33<>"",I33<>""),ROUNDUP(SQRT(G33)/$B$3,0)*2*SQRT(G33)/(O33/100)*I33,0) | X33: =IF(AND(W33>0,N33<>""),W33*VLOOKUP(N33,'1-專案資訊'!A25:I33,8,0)/100,0) | Y33: =IF(OR(L33="#3 (D10)",L33="#4 (D13)",L33="#5 (D16)"),R33,0)+IF(OR(N33="#3 (D10)",N33="#4 (D13)",N33="#5 (D16)"),S33,0) | Z33: =IF(AND(L33<>"",L33<>"#3 (D10)",L33<>"#4 (D13)",L33<>"#5 (D16)"),R33,0)+IF(AND(N33<>"",N33<>"#3 (D10)",N33<>"#4 (D13)",N33<>"#5 (D16)"),S33,0)
A34: 30 | G34: =IF(AND(E34<>"",F34<>""),E34*F34/10000,"") | Q34: =IF(AND(G34<>"",H34<>"",I34<>""),G34*H34/100*I34,0) | R34: =IF(AND(J34="鋼筋",K34=2,L34<>"",M34<>"",G34<>"",I34<>""),VLOOKUP(L34,'1-專案資訊'!A25:I33,4,0)/(M34/100)*2*1.15*G34*I34,0) | S34: =IF(AND(J34="鋼筋",N34<>"",O34<>"",G34<>"",I34<>""),VLOOKUP(N34,'1-專案資訊'!A25:I33,4,0)/(O34/100)*2*1.15*G34*I34,0) | T34: =IF(AND(J34="鋼絲網",P34<>"",G34<>"",I34<>""),VLOOKUP(P34,'1-專案資訊'!A38:B48,2,0)*G34*I34,0) | U34: =IF(AND(G34<>"",I34<>""),G34*I34,0) | V34: =IF(AND(G34<>"",I34<>""),G34*I34,0) | W34: =IF(AND(J34="鋼筋",N34<>"",O34<>"",G34<>"",I34<>""),ROUNDUP(SQRT(G34)/$B$3,0)*2*SQRT(G34)/(O34/100)*I34,0) | X34: =IF(AND(W34>0,N34<>""),W34*VLOOKUP(N34,'1-專案資訊'!A25:I33,8,0)/100,0) | Y34: =IF(OR(L34="#3 (D10)",L34="#4 (D13)",L34="#5 (D16)"),R34,0)+IF(OR(N34="#3 (D10)",N34="#4 (D13)",N34="#5 (D16)"),S34,0) | Z34: =IF(AND(L34<>"",L34<>"#3 (D10)",L34<>"#4 (D13)",L34<>"#5 (D16)"),R34,0)+IF(AND(N34<>"",N34<>"#3 (D10)",N34<>"#4 (D13)",N34<>"#5 (D16)"),S34,0)
Q35: =SUM(Q5:Q34) | R35: =SUM(R5:R34) | S35: =SUM(S5:S34) | T35: =SUM(T5:T34) | U35: =SUM(U5:U34) | V35: =SUM(V5:V34) | W35: =SUM(W5:W34) | X35: =SUM(X5:X34) | ... Z35: =SUM(Z5:Z34)

Sheet 6-牆
A1: 牆 數量計算表
A2: 雙面雙向x1.15搭接。可選鋼絲網。
A3: 預設鋼筋長度 (m): | B3: 6 | C3: ← 可調整
A4: No | B4: 樓層 | C4: 牆編號 | D4: ▼型式 | E4: L (mm) | F4: H (mm) | G4: T (mm) | H4: 數量 | I4: ▼縱筋 | J4: 間距 (mm) | K4: ▼橫筋 | L4: 間距 (mm) | M4: ▼鋼絲網 | N4: 混凝土 (m3) | O4: 鋼筋 (kg) | P4: 鋼絲網 (kg) | Q4: 模板 (m2) | R4: SD280 (kg) | S4: SD420 (kg)
A5: 1 | N5: =IF(AND(E5<>"",F5<>"",G5<>"",H5<>""),E5*F5*G5/1000000000*H5,0) | O5: =IF(AND(I5<>"",J5<>"",K5<>"",L5<>"",E5<>"",F5<>"",H5<>""),(VLOOKUP(I5,'1-專案資訊'!A25:I33,4,0)*(E5/J5)*(F5/1000)+VLOOKUP(K5,'1-專案資訊'!A25:I33,4,0)*(F5/L5)*(E5/1000))*2*1.15*H5,0) | P5: =IF(AND(M5<>"",M5<>"無",E5<>"",F5<>"",H5<>""),VLOOKUP(M5,'1-專案資訊'!A38:B48,2,0)*E5*F5/1000000*2*H5,0) | Q5: =IF(AND(E5<>"",F5<>"",H5<>""),2*E5*F5/1000000*H5,0) | R5: =IF(OR(I5="#3 (D10)",I5="#4 (D13)",I5="#5 (D16)"),O5,0) | S5: =IF(AND(I5<>"",I5<>"#3 (D10)",I5<>"#4 (D13)",I5<>"#5 (D16)"),O5,0)
A6: 2 | N6: =IF(AND(E6<>"",F6<>"",G6<>"",H6<>""),E6*F6*G6/1000000000*H6,0) | O6: =IF(AND(I6<>"",J6<>"",K6<>"",L6<>"",E6<>"",F6<>"",H6<>""),(VLOOKUP(I6,'1-專案資訊'!A25:I33,4,0)*(E6/J6)*(F6/1000)+VLOOKUP(K6,'1-專案資訊'!A25:I33,4,0)*(F6/L6)*(E6/1000))*2*1.15*H6,0) | P6: =IF(AND(M6<>"",M6<>"無",E6<>"",F6<>"",H6<>""),VLOOKUP(M6,'1-專案資訊'!A38:B48,2,0)*E6*F6/1000000*2*H6,0) | Q6: =IF(AND(E6<>"",F6<>"",H6<>""),2*E6*F6/1000000*H6,0) | R6: =IF(OR(I6="#3 (D10)",I6="#4 (D13)",I6="#5 (D16)"),O6,0) | S6: =IF(AND(I6<>"",I6<>"#3 (D10)",I6<>"#4 (D13)",I6<>"#5 (D16)"),O6,0)
A7: 3 | N7: =IF(AND(E7<>"",F7<>"",G7<>"",H7<>""),E7*F7*G7/1000000000*H7,0) | O7: =IF(AND(I7<>"",J7<>"",K7<>"",L7<>"",E7<>"",F7<>"",H7<>""),(VLOOKUP(I7,'1-專案資訊'!A25:I33,4,0)*(E7/J7)*(F7/1000)+VLOOKUP(K7,'1-專案資訊'!A25:I33,4,0)*(F7/L7)*(E7/1000))*2*1.15*H7,0) | P7: =IF(AND(M7<>"",M7<>"無",E7<>"",F7<>"",H7<>""),VLOOKUP(M7,'1-專案資訊'!A38:B48,2,0)*E7*F7/1000000*2*H7,0) | Q7: =IF(AND(E7<>"",F7<>"",H7<>""),2*E7*F7/1000000*H7,0) | R7: =IF(OR(I7="#3 (D10)",I7="#4 (D13)",I7="#5 (D16)"),O7,0) | S7: =IF(AND(I7<>"",I7<>"#3 (D10)",I7<>"#4 (D13)",I7<>"#5 (D16)"),O7,0)
A8: 4 | N8: =IF(AND(E8<>"",F8<>"",G8<>"",H8<>""),E8*F8*G8/1000000000*H8,0) | O8: =IF(AND(I8<>"",J8<>"",K8<>"",L8<>"",E8<>"",F8<>"",H8<>""),(VLOOKUP(I8,'1-專案資訊'!A25:I33,4,0)*(E8/J8)*(F8/1000)+VLOOKUP(K8,'1-專案資訊'!A25:I33,4,0)*(F8/L8)*(E8/1000))*2*1.15*H8,0) | P8: =IF(AND(M8<>"",M8<>"無",E8<>"",F8<>"",H8<>""),VLOOKUP(M8,'1-專案資訊'!A38:B48,2,0)*E8*F8/1000000*2*H8,0) | Q8: =IF(AND(E8<>"",F8<>"",H8<>""),2*E8*F8/1000000*H8,0) | R8: =IF(OR(I8="#3 (D10)",I8="#4 (D13)",I8="#5 (D16)"),O8,0) | S8: =IF(AND(I8<>"",I8<>"#3 (D10)",I8<>"#4 (D13)",I8<>"#5 (D16)"),O8,0)
A9: 5 | N9: =IF(AND(E9<>"",F9<>"",G9<>"",H9<>""),E9*F9*G9/1000000000*H9,0) | O9: =IF(AND(I9<>"",J9<>"",K9<>"",L9<>"",E9<>"",F9<>"",H9<>""),(VLOOKUP(I9,'1-專案資訊'!A25:I33,4,0)*(E9/J9)*(F9/1000)+VLOOKUP(K9,'1-專案資訊'!A25:I33,4,0)*(F9/L9)*(E9/1000))*2*1.15*H9,0) | P9: =IF(AND(M9<>"",M9<>"無",E9<>"",F9<>"",H9<>""),VLOOKUP(M9,'1-專案資訊'!A38:B48,2,0)*E9*F9/1000000*2*H9,0) | Q9: =IF(AND(E9<>"",F9<>"",H9<>""),2*E9*F9/1000000*H9,0) | R9: =IF(OR(I9="#3 (D10)",I9="#4 (D13)",I9="#5 (D16)"),O9,0) | S9: =IF(AND(I9<>"",I9<>"#3 (D10)",I9<>"#4 (D13)",I9<>"#5 (D16)"),O9,0)
A10: 6 | N10: =IF(AND(E10<>"",F10<>"",G10<>"",H10<>""),E10*F10*G10/1000000000*H10,0) | O10: =IF(AND(I10<>"",J10<>"",K10<>"",L10<>"",E10<>"",F10<>"",H10<>""),(VLOOKUP(I10,'1-專案資訊'!A25:I33,4,0)*(E10/J10)*(F10/1000)+VLOOKUP(K10,'1-專案資訊'!A25:I33,4,0)*(F10/L10)*(E10/1000))*2*1.15*H10,0) | P10: =IF(AND(M10<>"",M10<>"無",E10<>"",F10<>"",H10<>""),VLOOKUP(M10,'1-專案資訊'!A38:B48,2,0)*E10*F10/1000000*2*H10,0) | Q10: =IF(AND(E10<>"",F10<>"",H10<>""),2*E10*F10/1000000*H10,0) | R10: =IF(OR(I10="#3 (D10)",I10="#4 (D13)",I10="#5 (D16)"),O10,0) | S10: =IF(AND(I10<>"",I10<>"#3 (D10)",I10<>"#4 (D13)",I10<>"#5 (D16)"),O10,0)
A11: 7 | N11: =IF(AND(E11<>"",F11<>"",G11<>"",H11<>""),E11*F11*G11/1000000000*H11,0) | O11: =IF(AND(I11<>"",J11<>"",K11<>"",L11<>"",E11<>"",F11<>"",H11<>""),(VLOOKUP(I11,'1-專案資訊'!A25:I33,4,0)*(E11/J11)*(F11/1000)+VLOOKUP(K11,'1-專案資訊'!A25:I33,4,0)*(F11/L11)*(E11/1000))*2*1.15*H11,0) | P11: =IF(AND(M11<>"",M11<>"無",E11<>"",F11<>"",H11<>""),VLOOKUP(M11,'1-專案資訊'!A38:B48,2,0)*E11*F11/1000000*2*H11,0) | Q11: =IF(AND(E11<>"",F11<>"",H11<>""),2*E11*F11/1000000*H11,0) | R11: =IF(OR(I11="#3 (D10)",I11="#4 (D13)",I11="#5 (D16)"),O11,0) | S11: =IF(AND(I11<>"",I11<>"#3 (D10)",I11<>"#4 (D13)",I11<>"#5 (D16)"),O11,0)
A12: 8 | N12: =IF(AND(E12<>"",F12<>"",G12<>"",H12<>""),E12*F12*G12/1000000000*H12,0) | O12: =IF(AND(I12<>"",J12<>"",K12<>"",L12<>"",E12<>"",F12<>"",H12<>""),(VLOOKUP(I12,'1-專案資訊'!A25:I33,4,0)*(E12/J12)*(F12/1000)+VLOOKUP(K12,'1-專案資訊'!A25:I33,4,0)*(F12/L12)*(E12/1000))*2*1.15*H12,0) | P12: =IF(AND(M12<>"",M12<>"無",E12<>"",F12<>"",H12<>""),VLOOKUP(M12,'1-專案資訊'!A38:B48,2,0)*E12*F12/1000000*2*H12,0) | Q12: =IF(AND(E12<>"",F12<>"",H12<>""),2*E12*F12/1000000*H12,0) | R12: =IF(OR(I12="#3 (D10)",I12="#4 (D13)",I12="#5 (D16)"),O12,0) | S12: =IF(AND(I12<>"",I12<>"#3 (D10)",I12<>"#4 (D13)",I12<>"#5 (D16)"),O12,0)
A13: 9 | N13: =IF(AND(E13<>"",F13<>"",G13<>"",H13<>""),E13*F13*G13/1000000000*H13,0) | O13: =IF(AND(I13<>"",J13<>"",K13<>"",L13<>"",E13<>"",F13<>"",H13<>""),(VLOOKUP(I13,'1-專案資訊'!A25:I33,4,0)*(E13/J13)*(F13/1000)+VLOOKUP(K13,'1-專案資訊'!A25:I33,4,0)*(F13/L13)*(E13/1000))*2*1.15*H13,0) | P13: =IF(AND(M13<>"",M13<>"無",E13<>"",F13<>"",H13<>""),VLOOKUP(M13,'1-專案資訊'!A38:B48,2,0)*E13*F13/1000000*2*H13,0) | Q13: =IF(AND(E13<>"",F13<>"",H13<>""),2*E13*F13/1000000*H13,0) | R13: =IF(OR(I13="#3 (D10)",I13="#4 (D13)",I13="#5 (D16)"),O13,0) | S13: =IF(AND(I13<>"",I13<>"#3 (D10)",I13<>"#4 (D13)",I13<>"#5 (D16)"),O13,0)
A14: 10 | N14: =IF(AND(E14<>"",F14<>"",G14<>"",H14<>""),E14*F14*G14/1000000000*H14,0) | O14: =IF(AND(I14<>"",J14<>"",K14<>"",L14<>"",E14<>"",F14<>"",H14<>""),(VLOOKUP(I14,'1-專案資訊'!A25:I33,4,0)*(E14/J14)*(F14/1000)+VLOOKUP(K14,'1-專案資訊'!A25:I33,4,0)*(F14/L14)*(E14/1000))*2*1.15*H14,0) | P14: =IF(AND(M14<>"",M14<>"無",E14<>"",F14<>"",H14<>""),VLOOKUP(M14,'1-專案資訊'!A38:B48,2,0)*E14*F14/1000000*2*H14,0) | Q14: =IF(AND(E14<>"",F14<>"",H14<>""),2*E14*F14/1000000*H14,0) | R14: =IF(OR(I14="#3 (D10)",I14="#4 (D13)",I14="#5 (D16)"),O14,0) | S14: =IF(AND(I14<>"",I14<>"#3 (D10)",I14<>"#4 (D13)",I14<>"#5 (D16)"),O14,0)
A15: 11 | N15: =IF(AND(E15<>"",F15<>"",G15<>"",H15<>""),E15*F15*G15/1000000000*H15,0) | O15: =IF(AND(I15<>"",J15<>"",K15<>"",L15<>"",E15<>"",F15<>"",H15<>""),(VLOOKUP(I15,'1-專案資訊'!A25:I33,4,0)*(E15/J15)*(F15/1000)+VLOOKUP(K15,'1-專案資訊'!A25:I33,4,0)*(F15/L15)*(E15/1000))*2*1.15*H15,0) | P15: =IF(AND(M15<>"",M15<>"無",E15<>"",F15<>"",H15<>""),VLOOKUP(M15,'1-專案資訊'!A38:B48,2,0)*E15*F15/1000000*2*H15,0) | Q15: =IF(AND(E15<>"",F15<>"",H15<>""),2*E15*F15/1000000*H15,0) | R15: =IF(OR(I15="#3 (D10)",I15="#4 (D13)",I15="#5 (D16)"),O15,0) | S15: =IF(AND(I15<>"",I15<>"#3 (D10)",I15<>"#4 (D13)",I15<>"#5 (D16)"),O15,0)
A16: 12 | N16: =IF(AND(E16<>"",F16<>"",G16<>"",H16<>""),E16*F16*G16/1000000000*H16,0) | O16: =IF(AND(I16<>"",J16<>"",K16<>"",L16<>"",E16<>"",F16<>"",H16<>""),(VLOOKUP(I16,'1-專案資訊'!A25:I33,4,0)*(E16/J16)*(F16/1000)+VLOOKUP(K16,'1-專案資訊'!A25:I33,4,0)*(F16/L16)*(E16/1000))*2*1.15*H16,0) | P16: =IF(AND(M16<>"",M16<>"無",E16<>"",F16<>"",H16<>""),VLOOKUP(M16,'1-專案資訊'!A38:B48,2,0)*E16*F16/1000000*2*H16,0) | Q16: =IF(AND(E16<>"",F16<>"",H16<>""),2*E16*F16/1000000*H16,0) | R16: =IF(OR(I16="#3 (D10)",I16="#4 (D13)",I16="#5 (D16)"),O16,0) | S16: =IF(AND(I16<>"",I16<>"#3 (D10)",I16<>"#4 (D13)",I16<>"#5 (D16)"),O16,0)
A17: 13 | N17: =IF(AND(E17<>"",F17<>"",G17<>"",H17<>""),E17*F17*G17/1000000000*H17,0) | O17: =IF(AND(I17<>"",J17<>"",K17<>"",L17<>"",E17<>"",F17<>"",H17<>""),(VLOOKUP(I17,'1-專案資訊'!A25:I33,4,0)*(E17/J17)*(F17/1000)+VLOOKUP(K17,'1-專案資訊'!A25:I33,4,0)*(F17/L17)*(E17/1000))*2*1.15*H17,0) | P17: =IF(AND(M17<>"",M17<>"無",E17<>"",F17<>"",H17<>""),VLOOKUP(M17,'1-專案資訊'!A38:B48,2,0)*E17*F17/1000000*2*H17,0) | Q17: =IF(AND(E17<>"",F17<>"",H17<>""),2*E17*F17/1000000*H17,0) | R17: =IF(OR(I17="#3 (D10)",I17="#4 (D13)",I17="#5 (D16)"),O17,0) | S17: =IF(AND(I17<>"",I17<>"#3 (D10)",I17<>"#4 (D13)",I17<>"#5 (D16)"),O17,0)
A18: 14 | N18: =IF(AND(E18<>"",F18<>"",G18<>"",H18<>""),E18*F18*G18/1000000000*H18,0) | O18: =IF(AND(I18<>"",J18<>"",K18<>"",L18<>"",E18<>"",F18<>"",H18<>""),(VLOOKUP(I18,'1-專案資訊'!A25:I33,4,0)*(E18/J18)*(F18/1000)+VLOOKUP(K18,'1-專案資訊'!A25:I33,4,0)*(F18/L18)*(E18/1000))*2*1.15*H18,0) | P18: =IF(AND(M18<>"",M18<>"無",E18<>"",F18<>"",H18<>""),VLOOKUP(M18,'1-專案資訊'!A38:B48,2,0)*E18*F18/1000000*2*H18,0) | Q18: =IF(AND(E18<>"",F18<>"",H18<>""),2*E18*F18/1000000*H18,0) | R18: =IF(OR(I18="#3 (D10)",I18="#4 (D13)",I18="#5 (D16)"),O18,0) | S18: =IF(AND(I18<>"",I18<>"#3 (D10)",I18<>"#4 (D13)",I18<>"#5 (D16)"),O18,0)
A19: 15 | N19: =IF(AND(E19<>"",F19<>"",G19<>"",H19<>""),E19*F19*G19/1000000000*H19,0) | O19: =IF(AND(I19<>"",J19<>"",K19<>"",L19<>"",E19<>"",F19<>"",H19<>""),(VLOOKUP(I19,'1-專案資訊'!A25:I33,4,0)*(E19/J19)*(F19/1000)+VLOOKUP(K19,'1-專案資訊'!A25:I33,4,0)*(F19/L19)*(E19/1000))*2*1.15*H19,0) | P19: =IF(AND(M19<>"",M19<>"無",E19<>"",F19<>"",H19<>""),VLOOKUP(M19,'1-專案資訊'!A38:B48,2,0)*E19*F19/1000000*2*H19,0) | Q19: =IF(AND(E19<>"",F19<>"",H19<>""),2*E19*F19/1000000*H19,0) | R19: =IF(OR(I19="#3 (D10)",I19="#4 (D13)",I19="#5 (D16)"),O19,0) | S19: =IF(AND(I19<>"",I19<>"#3 (D10)",I19<>"#4 (D13)",I19<>"#5 (D16)"),O19,0)
A20: 16 | N20: =IF(AND(E20<>"",F20<>"",G20<>"",H20<>""),E20*F20*G20/1000000000*H20,0) | O20: =IF(AND(I20<>"",J20<>"",K20<>"",L20<>"",E20<>"",F20<>"",H20<>""),(VLOOKUP(I20,'1-專案資訊'!A25:I33,4,0)*(E20/J20)*(F20/1000)+VLOOKUP(K20,'1-專案資訊'!A25:I33,4,0)*(F20/L20)*(E20/1000))*2*1.15*H20,0) | P20: =IF(AND(M20<>"",M20<>"無",E20<>"",F20<>"",H20<>""),VLOOKUP(M20,'1-專案資訊'!A38:B48,2,0)*E20*F20/1000000*2*H20,0) | Q20: =IF(AND(E20<>"",F20<>"",H20<>""),2*E20*F20/1000000*H20,0) | R20: =IF(OR(I20="#3 (D10)",I20="#4 (D13)",I20="#5 (D16)"),O20,0) | S20: =IF(AND(I20<>"",I20<>"#3 (D10)",I20<>"#4 (D13)",I20<>"#5 (D16)"),O20,0)
A21: 17 | N21: =IF(AND(E21<>"",F21<>"",G21<>"",H21<>""),E21*F21*G21/1000000000*H21,0) | O21: =IF(AND(I21<>"",J21<>"",K21<>"",L21<>"",E21<>"",F21<>"",H21<>""),(VLOOKUP(I21,'1-專案資訊'!A25:I33,4,0)*(E21/J21)*(F21/1000)+VLOOKUP(K21,'1-專案資訊'!A25:I33,4,0)*(F21/L21)*(E21/1000))*2*1.15*H21,0) | P21: =IF(AND(M21<>"",M21<>"無",E21<>"",F21<>"",H21<>""),VLOOKUP(M21,'1-專案資訊'!A38:B48,2,0)*E21*F21/1000000*2*H21,0) | Q21: =IF(AND(E21<>"",F21<>"",H21<>""),2*E21*F21/1000000*H21,0) | R21: =IF(OR(I21="#3 (D10)",I21="#4 (D13)",I21="#5 (D16)"),O21,0) | S21: =IF(AND(I21<>"",I21<>"#3 (D10)",I21<>"#4 (D13)",I21<>"#5 (D16)"),O21,0)
A22: 18 | N22: =IF(AND(E22<>"",F22<>"",G22<>"",H22<>""),E22*F22*G22/1000000000*H22,0) | O22: =IF(AND(I22<>"",J22<>"",K22<>"",L22<>"",E22<>"",F22<>"",H22<>""),(VLOOKUP(I22,'1-專案資訊'!A25:I33,4,0)*(E22/J22)*(F22/1000)+VLOOKUP(K22,'1-專案資訊'!A25:I33,4,0)*(F22/L22)*(E22/1000))*2*1.15*H22,0) | P22: =IF(AND(M22<>"",M22<>"無",E22<>"",F22<>"",H22<>""),VLOOKUP(M22,'1-專案資訊'!A38:B48,2,0)*E22*F22/1000000*2*H22,0) | Q22: =IF(AND(E22<>"",F22<>"",H22<>""),2*E22*F22/1000000*H22,0) | R22: =IF(OR(I22="#3 (D10)",I22="#4 (D13)",I22="#5 (D16)"),O22,0) | S22: =IF(AND(I22<>"",I22<>"#3 (D10)",I22<>"#4 (D13)",I22<>"#5 (D16)"),O22,0)
A23: 19 | N23: =IF(AND(E23<>"",F23<>"",G23<>"",H23<>""),E23*F23*G23/1000000000*H23,0) | O23: =IF(AND(I23<>"",J23<>"",K23<>"",L23<>"",E23<>"",F23<>"",H23<>""),(VLOOKUP(I23,'1-專案資訊'!A25:I33,4,0)*(E23/J23)*(F23/1000)+VLOOKUP(K23,'1-專案資訊'!A25:I33,4,0)*(F23/L23)*(E23/1000))*2*1.15*H23,0) | P23: =IF(AND(M23<>"",M23<>"無",E23<>"",F23<>"",H23<>""),VLOOKUP(M23,'1-專案資訊'!A38:B48,2,0)*E23*F23/1000000*2*H23,0) | Q23: =IF(AND(E23<>"",F23<>"",H23<>""),2*E23*F23/1000000*H23,0) | R23: =IF(OR(I23="#3 (D10)",I23="#4 (D13)",I23="#5 (D16)"),O23,0) | S23: =IF(AND(I23<>"",I23<>"#3 (D10)",I23<>"#4 (D13)",I23<>"#5 (D16)"),O23,0)
A24: 20 | N24: =IF(AND(E24<>"",F24<>"",G24<>"",H24<>""),E24*F24*G24/1000000000*H24,0) | O24: =IF(AND(I24<>"",J24<>"",K24<>"",L24<>"",E24<>"",F24<>"",H24<>""),(VLOOKUP(I24,'1-專案資訊'!A25:I33,4,0)*(E24/J24)*(F24/1000)+VLOOKUP(K24,'1-專案資訊'!A25:I33,4,0)*(F24/L24)*(E24/1000))*2*1.15*H24,0) | P24: =IF(AND(M24<>"",M24<>"無",E24<>"",F24<>"",H24<>""),VLOOKUP(M24,'1-專案資訊'!A38:B48,2,0)*E24*F24/1000000*2*H24,0) | Q24: =IF(AND(E24<>"",F24<>"",H24<>""),2*E24*F24/1000000*H24,0) | R24: =IF(OR(I24="#3 (D10)",I24="#4 (D13)",I24="#5 (D16)"),O24,0) | S24: =IF(AND(I24<>"",I24<>"#3 (D10)",I24<>"#4 (D13)",I24<>"#5 (D16)"),O24,0)
A25: 21 | N25: =IF(AND(E25<>"",F25<>"",G25<>"",H25<>""),E25*F25*G25/1000000000*H25,0) | O25: =IF(AND(I25<>"",J25<>"",K25<>"",L25<>"",E25<>"",F25<>"",H25<>""),(VLOOKUP(I25,'1-專案資訊'!A25:I33,4,0)*(E25/J25)*(F25/1000)+VLOOKUP(K25,'1-專案資訊'!A25:I33,4,0)*(F25/L25)*(E25/1000))*2*1.15*H25,0) | P25: =IF(AND(M25<>"",M25<>"無",E25<>"",F25<>"",H25<>""),VLOOKUP(M25,'1-專案資訊'!A38:B48,2,0)*E25*F25/1000000*2*H25,0) | Q25: =IF(AND(E25<>"",F25<>"",H25<>""),2*E25*F25/1000000*H25,0) | R25: =IF(OR(I25="#3 (D10)",I25="#4 (D13)",I25="#5 (D16)"),O25,0) | S25: =IF(AND(I25<>"",I25<>"#3 (D10)",I25<>"#4 (D13)",I25<>"#5 (D16)"),O25,0)
A26: 22 | N26: =IF(AND(E26<>"",F26<>"",G26<>"",H26<>""),E26*F26*G26/1000000000*H26,0) | O26: =IF(AND(I26<>"",J26<>"",K26<>"",L26<>"",E26<>"",F26<>"",H26<>""),(VLOOKUP(I26,'1-專案資訊'!A25:I33,4,0)*(E26/J26)*(F26/1000)+VLOOKUP(K26,'1-專案資訊'!A25:I33,4,0)*(F26/L26)*(E26/1000))*2*1.15*H26,0) | P26: =IF(AND(M26<>"",M26<>"無",E26<>"",F26<>"",H26<>""),VLOOKUP(M26,'1-專案資訊'!A38:B48,2,0)*E26*F26/1000000*2*H26,0) | Q26: =IF(AND(E26<>"",F26<>"",H26<>""),2*E26*F26/1000000*H26,0) | R26: =IF(OR(I26="#3 (D10)",I26="#4 (D13)",I26="#5 (D16)"),O26,0) | S26: =IF(AND(I26<>"",I26<>"#3 (D10)",I26<>"#4 (D13)",I26<>"#5 (D16)"),O26,0)
A27: 23 | N27: =IF(AND(E27<>"",F27<>"",G27<>"",H27<>""),E27*F27*G27/1000000000*H27,0) | O27: =IF(AND(I27<>"",J27<>"",K27<>"",L27<>"",E27<>"",F27<>"",H27<>""),(VLOOKUP(I27,'1-專案資訊'!A25:I33,4,0)*(E27/J27)*(F27/1000)+VLOOKUP(K27,'1-專案資訊'!A25:I33,4,0)*(F27/L27)*(E27/1000))*2*1.15*H27,0) | P27: =IF(AND(M27<>"",M27<>"無",E27<>"",F27<>"",H27<>""),VLOOKUP(M27,'1-專案資訊'!A38:B48,2,0)*E27*F27/1000000*2*H27,0) | Q27: =IF(AND(E27<>"",F27<>"",H27<>""),2*E27*F27/1000000*H27,0) | R27: =IF(OR(I27="#3 (D10)",I27="#4 (D13)",I27="#5 (D16)"),O27,0) | S27: =IF(AND(I27<>"",I27<>"#3 (D10)",I27<>"#4 (D13)",I27<>"#5 (D16)"),O27,0)
A28: 24 | N28: =IF(AND(E28<>"",F28<>"",G28<>"",H28<>""),E28*F28*G28/1000000000*H28,0) | O28: =IF(AND(I28<>"",J28<>"",K28<>"",L28<>"",E28<>"",F28<>"",H28<>""),(VLOOKUP(I28,'1-專案資訊'!A25:I33,4,0)*(E28/J28)*(F28/1000)+VLOOKUP(K28,'1-專案資訊'!A25:I33,4,0)*(F28/L28)*(E28/1000))*2*1.15*H28,0) | P28: =IF(AND(M28<>"",M28<>"無",E28<>"",F28<>"",H28<>""),VLOOKUP(M28,'1-專案資訊'!A38:B48,2,0)*E28*F28/1000000*2*H28,0) | Q28: =IF(AND(E28<>"",F28<>"",H28<>""),2*E28*F28/1000000*H28,0) | R28: =IF(OR(I28="#3 (D10)",I28="#4 (D13)",I28="#5 (D16)"),O28,0) | S28: =IF(AND(I28<>"",I28<>"#3 (D10)",I28<>"#4 (D13)",I28<>"#5 (D16)"),O28,0)
A29: 25 | N29: =IF(AND(E29<>"",F29<>"",G29<>"",H29<>""),E29*F29*G29/1000000000*H29,0) | O29: =IF(AND(I29<>"",J29<>"",K29<>"",L29<>"",E29<>"",F29<>"",H29<>""),(VLOOKUP(I29,'1-專案資訊'!A25:I33,4,0)*(E29/J29)*(F29/1000)+VLOOKUP(K29,'1-專案資訊'!A25:I33,4,0)*(F29/L29)*(E29/1000))*2*1.15*H29,0) | P29: =IF(AND(M29<>"",M29<>"無",E29<>"",F29<>"",H29<>""),VLOOKUP(M29,'1-專案資訊'!A38:B48,2,0)*E29*F29/1000000*2*H29,0) | Q29: =IF(AND(E29<>"",F29<>"",H29<>""),2*E29*F29/1000000*H29,0) | R29: =IF(OR(I29="#3 (D10)",I29="#4 (D13)",I29="#5 (D16)"),O29,0) | S29: =IF(AND(I29<>"",I29<>"#3 (D10)",I29<>"#4 (D13)",I29<>"#5 (D16)"),O29,0)
A30: 26 | N30: =IF(AND(E30<>"",F30<>"",G30<>"",H30<>""),E30*F30*G30/1000000000*H30,0) | O30: =IF(AND(I30<>"",J30<>"",K30<>"",L30<>"",E30<>"",F30<>"",H30<>""),(VLOOKUP(I30,'1-專案資訊'!A25:I33,4,0)*(E30/J30)*(F30/1000)+VLOOKUP(K30,'1-專案資訊'!A25:I33,4,0)*(F30/L30)*(E30/1000))*2*1.15*H30,0) | P30: =IF(AND(M30<>"",M30<>"無",E30<>"",F30<>"",H30<>""),VLOOKUP(M30,'1-專案資訊'!A38:B48,2,0)*E30*F30/1000000*2*H30,0) | Q30: =IF(AND(E30<>"",F30<>"",H30<>""),2*E30*F30/1000000*H30,0) | R30: =IF(OR(I30="#3 (D10)",I30="#4 (D13)",I30="#5 (D16)"),O30,0) | S30: =IF(AND(I30<>"",I30<>"#3 (D10)",I30<>"#4 (D13)",I30<>"#5 (D16)"),O30,0)
A31: 27 | N31: =IF(AND(E31<>"",F31<>"",G31<>"",H31<>""),E31*F31*G31/1000000000*H31,0) | O31: =IF(AND(I31<>"",J31<>"",K31<>"",L31<>"",E31<>"",F31<>"",H31<>""),(VLOOKUP(I31,'1-專案資訊'!A25:I33,4,0)*(E31/J31)*(F31/1000)+VLOOKUP(K31,'1-專案資訊'!A25:I33,4,0)*(F31/L31)*(E31/1000))*2*1.15*H31,0) | P31: =IF(AND(M31<>"",M31<>"無",E31<>"",F31<>"",H31<>""),VLOOKUP(M31,'1-專案資訊'!A38:B48,2,0)*E31*F31/1000000*2*H31,0) | Q31: =IF(AND(E31<>"",F31<>"",H31<>""),2*E31*F31/1000000*H31,0) | R31: =IF(OR(I31="#3 (D10)",I31="#4 (D13)",I31="#5 (D16)"),O31,0) | S31: =IF(AND(I31<>"",I31<>"#3 (D10)",I31<>"#4 (D13)",I31<>"#5 (D16)"),O31,0)
A32: 28 | N32: =IF(AND(E32<>"",F32<>"",G32<>"",H32<>""),E32*F32*G32/1000000000*H32,0) | O32: =IF(AND(I32<>"",J32<>"",K32<>"",L32<>"",E32<>"",F32<>"",H32<>""),(VLOOKUP(I32,'1-專案資訊'!A25:I33,4,0)*(E32/J32)*(F32/1000)+VLOOKUP(K32,'1-專案資訊'!A25:I33,4,0)*(F32/L32)*(E32/1000))*2*1.15*H32,0) | P32: =IF(AND(M32<>"",M32<>"無",E32<>"",F32<>"",H32<>""),VLOOKUP(M32,'1-專案資訊'!A38:B48,2,0)*E32*F32/1000000*2*H32,0) | Q32: =IF(AND(E32<>"",F32<>"",H32<>""),2*E32*F32/1000000*H32,0) | R32: =IF(OR(I32="#3 (D10)",I32="#4 (D13)",I32="#5 (D16)"),O32,0) | S32: =IF(AND(I32<>"",I32<>"#3 (D10)",I32<>"#4 (D13)",I32<>"#5 (D16)"),O32,0)
A33: 29 | N33: =IF(AND(E33<>"",F33<>"",G33<>"",H33<>""),E33*F33*G33/1000000000*H33,0) | O33: =IF(AND(I33<>"",J33<>"",K33<>"",L33<>"",E33<>"",F33<>"",H33<>""),(VLOOKUP(I33,'1-專案資訊'!A25:I33,4,0)*(E33/J33)*(F33/1000)+VLOOKUP(K33,'1-專案資訊'!A25:I33,4,0)*(F33/L33)*(E33/1000))*2*1.15*H33,0) | P33: =IF(AND(M33<>"",M33<>"無",E33<>"",F33<>"",H33<>""),VLOOKUP(M33,'1-專案資訊'!A38:B48,2,0)*E33*F33/1000000*2*H33,0) | Q33: =IF(AND(E33<>"",F33<>"",H33<>""),2*E33*F33/1000000*H33,0) | R33: =IF(OR(I33="#3 (D10)",I33="#4 (D13)",I33="#5 (D16)"),O33,0) | S33: =IF(AND(I33<>"",I33<>"#3 (D10)",I33<>"#4 (D13)",I33<>"#5 (D16)"),O33,0)
A34: 30 | N34: =IF(AND(E34<>"",F34<>"",G34<>"",H34<>""),E34*F34*G34/1000000000*H34,0) | O34: =IF(AND(I34<>"",J34<>"",K34<>"",L34<>"",E34<>"",F34<>"",H34<>""),(VLOOKUP(I34,'1-專案資訊'!A25:I33,4,0)*(E34/J34)*(F34/1000)+VLOOKUP(K34,'1-專案資訊'!A25:I33,4,0)*(F34/L34)*(E34/1000))*2*1.15*H34,0) | P34: =IF(AND(M34<>"",M34<>"無",E34<>"",F34<>"",H34<>""),VLOOKUP(M34,'1-專案資訊'!A38:B48,2,0)*E34*F34/1000000*2*H34,0) | Q34: =IF(AND(E34<>"",F34<>"",H34<>""),2*E34*F34/1000000*H34,0) | R34: =IF(OR(I34="#3 (D10)",I34="#4 (D13)",I34="#5 (D16)"),O34,0) | S34: =IF(AND(I34<>"",I34<>"#3 (D10)",I34<>"#4 (D13)",I34<>"#5 (D16)"),O34,0)
B35: 合計 | N35: =SUM(N5:N34) | O35: =SUM(O5:O34) | P35: =SUM(P5:P34) | Q35: =SUM(Q5:Q34) | R35: =SUM(R5:R34) | S35: =SUM(S5:S34)

Sheet 7-地坪
A1: 地坪 數量計算表
A2: 含開挖/PC/回填/粉光。混凝土fc'=210。
A3: 預設鋼筋長度 (m): | B3: 6 | C3: ← 可調整
A4: No | B4: 樓層 | C4: 區域 | D4: ▼型式 | E4: 長 (cm) | F4: 寬 (cm) | G4: 面積 (m2) | H4: 厚度 (cm) | I4: 開挖深 (cm) | J4: PC厚 (cm) | K4: 數量 | L4: ▼配筋方式 | M4: ▼層數 | N4: ▼上層筋 | O4: 上間距 (cm) | P4: ▼下層筋 | Q4: 下間距 (cm) | R4: ▼鋼絲網 | S4: 開挖 (m3) | T4: PC (m3) | U4: 混凝土 (m3) | V4: 回填 (m3) | W4: 上筋重 (kg) | X4: 下筋重 (kg) | Y4: 鋼絲網 (kg) | Z4: 模板 (m2) | AA4: 粉光 (m2) | AB4: SD280 (kg) | AC4: SD420 (kg)
A5: 1 | G5: =IF(AND(E5<>"",F5<>""),E5*F5/10000,"") | S5: =IF(AND(G5<>"",I5<>"",K5<>""),G5*I5/100*K5,0) | T5: =IF(AND(G5<>"",J5<>"",K5<>""),G5*J5/100*K5,0) | U5: =IF(AND(G5<>"",H5<>"",K5<>""),G5*H5/100*K5,0) | V5: =IF(S5>0,S5-T5-U5,0) | W5: =IF(AND(L5="鋼筋",M5=2,N5<>"",O5<>"",G5<>"",K5<>""),VLOOKUP(N5,'1-專案資訊'!A25:I33,4,0)/(O5/100)*2*1.15*G5*K5,0) | X5: =IF(AND(L5="鋼筋",P5<>"",Q5<>"",G5<>"",K5<>""),VLOOKUP(P5,'1-專案資訊'!A25:I33,4,0)/(Q5/100)*2*1.15*G5*K5,0) | Y5: =IF(AND(L5="鋼絲網",R5<>"",G5<>"",K5<>""),VLOOKUP(R5,'1-專案資訊'!A38:B48,2,0)*G5*K5,0) | Z5: =0 | AA5: =IF(AND(G5<>"",K5<>""),G5*K5,0) | AB5: =IF(OR(N5="#3 (D10)",N5="#4 (D13)",N5="#5 (D16)"),W5,0)+IF(OR(P5="#3 (D10)",P5="#4 (D13)",P5="#5 (D16)"),X5,0) | AC5: =IF(AND(N5<>"",N5<>"#3 (D10)",N5<>"#4 (D13)",N5<>"#5 (D16)"),W5,0)+IF(AND(P5<>"",P5<>"#3 (D10)",P5<>"#4 (D13)",P5<>"#5 (D16)"),X5,0)
A6: 2 | G6: =IF(AND(E6<>"",F6<>""),E6*F6/10000,"") | S6: =IF(AND(G6<>"",I6<>"",K6<>""),G6*I6/100*K6,0) | T6: =IF(AND(G6<>"",J6<>"",K6<>""),G6*J6/100*K6,0) | U6: =IF(AND(G6<>"",H6<>"",K6<>""),G6*H6/100*K6,0) | V6: =IF(S6>0,S6-T6-U6,0) | W6: =IF(AND(L6="鋼筋",M6=2,N6<>"",O6<>"",G6<>"",K6<>""),VLOOKUP(N6,'1-專案資訊'!A25:I33,4,0)/(O6/100)*2*1.15*G6*K6,0) | X6: =IF(AND(L6="鋼筋",P6<>"",Q6<>"",G6<>"",K6<>""),VLOOKUP(P6,'1-專案資訊'!A25:I33,4,0)/(Q6/100)*2*1.15*G6*K6,0) | Y6: =IF(AND(L6="鋼絲網",R6<>"",G6<>"",K6<>""),VLOOKUP(R6,'1-專案資訊'!A38:B48,2,0)*G6*K6,0) | Z6: =0 | AA6: =IF(AND(G6<>"",K6<>""),G6*K6,0) | AB6: =IF(OR(N6="#3 (D10)",N6="#4 (D13)",N6="#5 (D16)"),W6,0)+IF(OR(P6="#3 (D10)",P6="#4 (D13)",P6="#5 (D16)"),X6,0) | AC6: =IF(AND(N6<>"",N6<>"#3 (D10)",N6<>"#4 (D13)",N6<>"#5 (D16)"),W6,0)+IF(AND(P6<>"",P6<>"#3 (D10)",P6<>"#4 (D13)",P6<>"#5 (D16)"),X6,0)
A7: 3 | G7: =IF(AND(E7<>"",F7<>""),E7*F7/10000,"") | S7: =IF(AND(G7<>"",I7<>"",K7<>""),G7*I7/100*K7,0) | T7: =IF(AND(G7<>"",J7<>"",K7<>""),G7*J7/100*K7,0) | U7: =IF(AND(G7<>"",H7<>"",K7<>""),G7*H7/100*K7,0) | V7: =IF(S7>0,S7-T7-U7,0) | W7: =IF(AND(L7="鋼筋",M7=2,N7<>"",O7<>"",G7<>"",K7<>""),VLOOKUP(N7,'1-專案資訊'!A25:I33,4,0)/(O7/100)*2*1.15*G7*K7,0) | X7: =IF(AND(L7="鋼筋",P7<>"",Q7<>"",G7<>"",K7<>""),VLOOKUP(P7,'1-專案資訊'!A25:I33,4,0)/(Q7/100)*2*1.15*G7*K7,0) | Y7: =IF(AND(L7="鋼絲網",R7<>"",G7<>"",K7<>""),VLOOKUP(R7,'1-專案資訊'!A38:B48,2,0)*G7*K7,0) | Z7: =0 | AA7: =IF(AND(G7<>"",K7<>""),G7*K7,0) | AB7: =IF(OR(N7="#3 (D10)",N7="#4 (D13)",N7="#5 (D16)"),W7,0)+IF(OR(P7="#3 (D10)",P7="#4 (D13)",P7="#5 (D16)"),X7,0) | AC7: =IF(AND(N7<>"",N7<>"#3 (D10)",N7<>"#4 (D13)",N7<>"#5 (D16)"),W7,0)+IF(AND(P7<>"",P7<>"#3 (D10)",P7<>"#4 (D13)",P7<>"#5 (D16)"),X7,0)
A8: 4 | G8: =IF(AND(E8<>"",F8<>""),E8*F8/10000,"") | S8: =IF(AND(G8<>"",I8<>"",K8<>""),G8*I8/100*K8,0) | T8: =IF(AND(G8<>"",J8<>"",K8<>""),G8*J8/100*K8,0) | U8: =IF(AND(G8<>"",H8<>"",K8<>""),G8*H8/100*K8,0) | V8: =IF(S8>0,S8-T8-U8,0) | W8: =IF(AND(L8="鋼筋",M8=2,N8<>"",O8<>"",G8<>"",K8<>""),VLOOKUP(N8,'1-專案資訊'!A25:I33,4,0)/(O8/100)*2*1.15*G8*K8,0) | X8: =IF(AND(L8="鋼筋",P8<>"",Q8<>"",G8<>"",K8<>""),VLOOKUP(P8,'1-專案資訊'!A25:I33,4,0)/(Q8/100)*2*1.15*G8*K8,0) | Y8: =IF(AND(L8="鋼絲網",R8<>"",G8<>"",K8<>""),VLOOKUP(R8,'1-專案資訊'!A38:B48,2,0)*G8*K8,0) | Z8: =0 | AA8: =IF(AND(G8<>"",K8<>""),G8*K8,0) | AB8: =IF(OR(N8="#3 (D10)",N8="#4 (D13)",N8="#5 (D16)"),W8,0)+IF(OR(P8="#3 (D10)",P8="#4 (D13)",P8="#5 (D16)"),X8,0) | AC8: =IF(AND(N8<>"",N8<>"#3 (D10)",N8<>"#4 (D13)",N8<>"#5 (D16)"),W8,0)+IF(AND(P8<>"",P8<>"#3 (D10)",P8<>"#4 (D13)",P8<>"#5 (D16)"),X8,0)
A9: 5 | G9: =IF(AND(E9<>"",F9<>""),E9*F9/10000,"") | S9: =IF(AND(G9<>"",I9<>"",K9<>""),G9*I9/100*K9,0) | T9: =IF(AND(G9<>"",J9<>"",K9<>""),G9*J9/100*K9,0) | U9: =IF(AND(G9<>"",H9<>"",K9<>""),G9*H9/100*K9,0) | V9: =IF(S9>0,S9-T9-U9,0) | W9: =IF(AND(L9="鋼筋",M9=2,N9<>"",O9<>"",G9<>"",K9<>""),VLOOKUP(N9,'1-專案資訊'!A25:I33,4,0)/(O9/100)*2*1.15*G9*K9,0) | X9: =IF(AND(L9="鋼筋",P9<>"",Q9<>"",G9<>"",K9<>""),VLOOKUP(P9,'1-專案資訊'!A25:I33,4,0)/(Q9/100)*2*1.15*G9*K9,0) | Y9: =IF(AND(L9="鋼絲網",R9<>"",G9<>"",K9<>""),VLOOKUP(R9,'1-專案資訊'!A38:B48,2,0)*G9*K9,0) | Z9: =0 | AA9: =IF(AND(G9<>"",K9<>""),G9*K9,0) | AB9: =IF(OR(N9="#3 (D10)",N9="#4 (D13)",N9="#5 (D16)"),W9,0)+IF(OR(P9="#3 (D10)",P9="#4 (D13)",P9="#5 (D16)"),X9,0) | AC9: =IF(AND(N9<>"",N9<>"#3 (D10)",N9<>"#4 (D13)",N9<>"#5 (D16)"),W9,0)+IF(AND(P9<>"",P9<>"#3 (D10)",P9<>"#4 (D13)",P9<>"#5 (D16)"),X9,0)
A10: 6 | G10: =IF(AND(E10<>"",F10<>""),E10*F10/10000,"") | S10: =IF(AND(G10<>"",I10<>"",K10<>""),G10*I10/100*K10,0) | T10: =IF(AND(G10<>"",J10<>"",K10<>""),G10*J10/100*K10,0) | U10: =IF(AND(G10<>"",H10<>"",K10<>""),G10*H10/100*K10,0) | V10: =IF(S10>0,S10-T10-U10,0) | W10: =IF(AND(L10="鋼筋",M10=2,N10<>"",O10<>"",G10<>"",K10<>""),VLOOKUP(N10,'1-專案資訊'!A25:I33,4,0)/(O10/100)*2*1.15*G10*K10,0) | X10: =IF(AND(L10="鋼筋",P10<>"",Q10<>"",G10<>"",K10<>""),VLOOKUP(P10,'1-專案資訊'!A25:I33,4,0)/(Q10/100)*2*1.15*G10*K10,0) | Y10: =IF(AND(L10="鋼絲網",R10<>"",G10<>"",K10<>""),VLOOKUP(R10,'1-專案資訊'!A38:B48,2,0)*G10*K10,0) | Z10: =0 | AA10: =IF(AND(G10<>"",K10<>""),G10*K10,0) | AB10: =IF(OR(N10="#3 (D10)",N10="#4 (D13)",N10="#5 (D16)"),W10,0)+IF(OR(P10="#3 (D10)",P10="#4 (D13)",P10="#5 (D16)"),X10,0) | AC10: =IF(AND(N10<>"",N10<>"#3 (D10)",N10<>"#4 (D13)",N10<>"#5 (D16)"),W10,0)+IF(AND(P10<>"",P10<>"#3 (D10)",P10<>"#4 (D13)",P10<>"#5 (D16)"),X10,0)
A11: 7 | G11: =IF(AND(E11<>"",F11<>""),E11*F11/10000,"") | S11: =IF(AND(G11<>"",I11<>"",K11<>""),G11*I11/100*K11,0) | T11: =IF(AND(G11<>"",J11<>"",K11<>""),G11*J11/100*K11,0) | U11: =IF(AND(G11<>"",H11<>"",K11<>""),G11*H11/100*K11,0) | V11: =IF(S11>0,S11-T11-U11,0) | W11: =IF(AND(L11="鋼筋",M11=2,N11<>"",O11<>"",G11<>"",K11<>""),VLOOKUP(N11,'1-專案資訊'!A25:I33,4,0)/(O11/100)*2*1.15*G11*K11,0) | X11: =IF(AND(L11="鋼筋",P11<>"",Q11<>"",G11<>"",K11<>""),VLOOKUP(P11,'1-專案資訊'!A25:I33,4,0)/(Q11/100)*2*1.15*G11*K11,0) | Y11: =IF(AND(L11="鋼絲網",R11<>"",G11<>"",K11<>""),VLOOKUP(R11,'1-專案資訊'!A38:B48,2,0)*G11*K11,0) | Z11: =0 | AA11: =IF(AND(G11<>"",K11<>""),G11*K11,0) | AB11: =IF(OR(N11="#3 (D10)",N11="#4 (D13)",N11="#5 (D16)"),W11,0)+IF(OR(P11="#3 (D10)",P11="#4 (D13)",P11="#5 (D16)"),X11,0) | AC11: =IF(AND(N11<>"",N11<>"#3 (D10)",N11<>"#4 (D13)",N11<>"#5 (D16)"),W11,0)+IF(AND(P11<>"",P11<>"#3 (D10)",P11<>"#4 (D13)",P11<>"#5 (D16)"),X11,0)
A12: 8 | G12: =IF(AND(E12<>"",F12<>""),E12*F12/10000,"") | S12: =IF(AND(G12<>"",I12<>"",K12<>""),G12*I12/100*K12,0) | T12: =IF(AND(G12<>"",J12<>"",K12<>""),G12*J12/100*K12,0) | U12: =IF(AND(G12<>"",H12<>"",K12<>""),G12*H12/100*K12,0) | V12: =IF(S12>0,S12-T12-U12,0) | W12: =IF(AND(L12="鋼筋",M12=2,N12<>"",O12<>"",G12<>"",K12<>""),VLOOKUP(N12,'1-專案資訊'!A25:I33,4,0)/(O12/100)*2*1.15*G12*K12,0) | X12: =IF(AND(L12="鋼筋",P12<>"",Q12<>"",G12<>"",K12<>""),VLOOKUP(P12,'1-專案資訊'!A25:I33,4,0)/(Q12/100)*2*1.15*G12*K12,0) | Y12: =IF(AND(L12="鋼絲網",R12<>"",G12<>"",K12<>""),VLOOKUP(R12,'1-專案資訊'!A38:B48,2,0)*G12*K12,0) | Z12: =0 | AA12: =IF(AND(G12<>"",K12<>""),G12*K12,0) | AB12: =IF(OR(N12="#3 (D10)",N12="#4 (D13)",N12="#5 (D16)"),W12,0)+IF(OR(P12="#3 (D10)",P12="#4 (D13)",P12="#5 (D16)"),X12,0) | AC12: =IF(AND(N12<>"",N12<>"#3 (D10)",N12<>"#4 (D13)",N12<>"#5 (D16)"),W12,0)+IF(AND(P12<>"",P12<>"#3 (D10)",P12<>"#4 (D13)",P12<>"#5 (D16)"),X12,0)
A13: 9 | G13: =IF(AND(E13<>"",F13<>""),E13*F13/10000,"") | S13: =IF(AND(G13<>"",I13<>"",K13<>""),G13*I13/100*K13,0) | T13: =IF(AND(G13<>"",J13<>"",K13<>""),G13*J13/100*K13,0) | U13: =IF(AND(G13<>"",H13<>"",K13<>""),G13*H13/100*K13,0) | V13: =IF(S13>0,S13-T13-U13,0) | W13: =IF(AND(L13="鋼筋",M13=2,N13<>"",O13<>"",G13<>"",K13<>""),VLOOKUP(N13,'1-專案資訊'!A25:I33,4,0)/(O13/100)*2*1.15*G13*K13,0) | X13: =IF(AND(L13="鋼筋",P13<>"",Q13<>"",G13<>"",K13<>""),VLOOKUP(P13,'1-專案資訊'!A25:I33,4,0)/(Q13/100)*2*1.15*G13*K13,0) | Y13: =IF(AND(L13="鋼絲網",R13<>"",G13<>"",K13<>""),VLOOKUP(R13,'1-專案資訊'!A38:B48,2,0)*G13*K13,0) | Z13: =0 | AA13: =IF(AND(G13<>"",K13<>""),G13*K13,0) | AB13: =IF(OR(N13="#3 (D10)",N13="#4 (D13)",N13="#5 (D16)"),W13,0)+IF(OR(P13="#3 (D10)",P13="#4 (D13)",P13="#5 (D16)"),X13,0) | AC13: =IF(AND(N13<>"",N13<>"#3 (D10)",N13<>"#4 (D13)",N13<>"#5 (D16)"),W13,0)+IF(AND(P13<>"",P13<>"#3 (D10)",P13<>"#4 (D13)",P13<>"#5 (D16)"),X13,0)
A14: 10 | G14: =IF(AND(E14<>"",F14<>""),E14*F14/10000,"") | S14: =IF(AND(G14<>"",I14<>"",K14<>""),G14*I14/100*K14,0) | T14: =IF(AND(G14<>"",J14<>"",K14<>""),G14*J14/100*K14,0) | U14: =IF(AND(G14<>"",H14<>"",K14<>""),G14*H14/100*K14,0) | V14: =IF(S14>0,S14-T14-U14,0) | W14: =IF(AND(L14="鋼筋",M14=2,N14<>"",O14<>"",G14<>"",K14<>""),VLOOKUP(N14,'1-專案資訊'!A25:I33,4,0)/(O14/100)*2*1.15*G14*K14,0) | X14: =IF(AND(L14="鋼筋",P14<>"",Q14<>"",G14<>"",K14<>""),VLOOKUP(P14,'1-專案資訊'!A25:I33,4,0)/(Q14/100)*2*1.15*G14*K14,0) | Y14: =IF(AND(L14="鋼絲網",R14<>"",G14<>"",K14<>""),VLOOKUP(R14,'1-專案資訊'!A38:B48,2,0)*G14*K14,0) | Z14: =0 | AA14: =IF(AND(G14<>"",K14<>""),G14*K14,0) | AB14: =IF(OR(N14="#3 (D10)",N14="#4 (D13)",N14="#5 (D16)"),W14,0)+IF(OR(P14="#3 (D10)",P14="#4 (D13)",P14="#5 (D16)"),X14,0) | AC14: =IF(AND(N14<>"",N14<>"#3 (D10)",N14<>"#4 (D13)",N14<>"#5 (D16)"),W14,0)+IF(AND(P14<>"",P14<>"#3 (D10)",P14<>"#4 (D13)",P14<>"#5 (D16)"),X14,0)
A15: 11 | G15: =IF(AND(E15<>"",F15<>""),E15*F15/10000,"") | S15: =IF(AND(G15<>"",I15<>"",K15<>""),G15*I15/100*K15,0) | T15: =IF(AND(G15<>"",J15<>"",K15<>""),G15*J15/100*K15,0) | U15: =IF(AND(G15<>"",H15<>"",K15<>""),G15*H15/100*K15,0) | V15: =IF(S15>0,S15-T15-U15,0) | W15: =IF(AND(L15="鋼筋",M15=2,N15<>"",O15<>"",G15<>"",K15<>""),VLOOKUP(N15,'1-專案資訊'!A25:I33,4,0)/(O15/100)*2*1.15*G15*K15,0) | X15: =IF(AND(L15="鋼筋",P15<>"",Q15<>"",G15<>"",K15<>""),VLOOKUP(P15,'1-專案資訊'!A25:I33,4,0)/(Q15/100)*2*1.15*G15*K15,0) | Y15: =IF(AND(L15="鋼絲網",R15<>"",G15<>"",K15<>""),VLOOKUP(R15,'1-專案資訊'!A38:B48,2,0)*G15*K15,0) | Z15: =0 | AA15: =IF(AND(G15<>"",K15<>""),G15*K15,0) | AB15: =IF(OR(N15="#3 (D10)",N15="#4 (D13)",N15="#5 (D16)"),W15,0)+IF(OR(P15="#3 (D10)",P15="#4 (D13)",P15="#5 (D16)"),X15,0) | AC15: =IF(AND(N15<>"",N15<>"#3 (D10)",N15<>"#4 (D13)",N15<>"#5 (D16)"),W15,0)+IF(AND(P15<>"",P15<>"#3 (D10)",P15<>"#4 (D13)",P15<>"#5 (D16)"),X15,0)
A16: 12 | G16: =IF(AND(E16<>"",F16<>""),E16*F16/10000,"") | S16: =IF(AND(G16<>"",I16<>"",K16<>""),G16*I16/100*K16,0) | T16: =IF(AND(G16<>"",J16<>"",K16<>""),G16*J16/100*K16,0) | U16: =IF(AND(G16<>"",H16<>"",K16<>""),G16*H16/100*K16,0) | V16: =IF(S16>0,S16-T16-U16,0) | W16: =IF(AND(L16="鋼筋",M16=2,N16<>"",O16<>"",G16<>"",K16<>""),VLOOKUP(N16,'1-專案資訊'!A25:I33,4,0)/(O16/100)*2*1.15*G16*K16,0) | X16: =IF(AND(L16="鋼筋",P16<>"",Q16<>"",G16<>"",K16<>""),VLOOKUP(P16,'1-專案資訊'!A25:I33,4,0)/(Q16/100)*2*1.15*G16*K16,0) | Y16: =IF(AND(L16="鋼絲網",R16<>"",G16<>"",K16<>""),VLOOKUP(R16,'1-專案資訊'!A38:B48,2,0)*G16*K16,0) | Z16: =0 | AA16: =IF(AND(G16<>"",K16<>""),G16*K16,0) | AB16: =IF(OR(N16="#3 (D10)",N16="#4 (D13)",N16="#5 (D16)"),W16,0)+IF(OR(P16="#3 (D10)",P16="#4 (D13)",P16="#5 (D16)"),X16,0) | AC16: =IF(AND(N16<>"",N16<>"#3 (D10)",N16<>"#4 (D13)",N16<>"#5 (D16)"),W16,0)+IF(AND(P16<>"",P16<>"#3 (D10)",P16<>"#4 (D13)",P16<>"#5 (D16)"),X16,0)
A17: 13 | G17: =IF(AND(E17<>"",F17<>""),E17*F17/10000,"") | S17: =IF(AND(G17<>"",I17<>"",K17<>""),G17*I17/100*K17,0) | T17: =IF(AND(G17<>"",J17<>"",K17<>""),G17*J17/100*K17,0) | U17: =IF(AND(G17<>"",H17<>"",K17<>""),G17*H17/100*K17,0) | V17: =IF(S17>0,S17-T17-U17,0) | W17: =IF(AND(L17="鋼筋",M17=2,N17<>"",O17<>"",G17<>"",K17<>""),VLOOKUP(N17,'1-專案資訊'!A25:I33,4,0)/(O17/100)*2*1.15*G17*K17,0) | X17: =IF(AND(L17="鋼筋",P17<>"",Q17<>"",G17<>"",K17<>""),VLOOKUP(P17,'1-專案資訊'!A25:I33,4,0)/(Q17/100)*2*1.15*G17*K17,0) | Y17: =IF(AND(L17="鋼絲網",R17<>"",G17<>"",K17<>""),VLOOKUP(R17,'1-專案資訊'!A38:B48,2,0)*G17*K17,0) | Z17: =0 | AA17: =IF(AND(G17<>"",K17<>""),G17*K17,0) | AB17: =IF(OR(N17="#3 (D10)",N17="#4 (D13)",N17="#5 (D16)"),W17,0)+IF(OR(P17="#3 (D10)",P17="#4 (D13)",P17="#5 (D16)"),X17,0) | AC17: =IF(AND(N17<>"",N17<>"#3 (D10)",N17<>"#4 (D13)",N17<>"#5 (D16)"),W17,0)+IF(AND(P17<>"",P17<>"#3 (D10)",P17<>"#4 (D13)",P17<>"#5 (D16)"),X17,0)
A18: 14 | G18: =IF(AND(E18<>"",F18<>""),E18*F18/10000,"") | S18: =IF(AND(G18<>"",I18<>"",K18<>""),G18*I18/100*K18,0) | T18: =IF(AND(G18<>"",J18<>"",K18<>""),G18*J18/100*K18,0) | U18: =IF(AND(G18<>"",H18<>"",K18<>""),G18*H18/100*K18,0) | V18: =IF(S18>0,S18-T18-U18,0) | W18: =IF(AND(L18="鋼筋",M18=2,N18<>"",O18<>"",G18<>"",K18<>""),VLOOKUP(N18,'1-專案資訊'!A25:I33,4,0)/(O18/100)*2*1.15*G18*K18,0) | X18: =IF(AND(L18="鋼筋",P18<>"",Q18<>"",G18<>"",K18<>""),VLOOKUP(P18,'1-專案資訊'!A25:I33,4,0)/(Q18/100)*2*1.15*G18*K18,0) | Y18: =IF(AND(L18="鋼絲網",R18<>"",G18<>"",K18<>""),VLOOKUP(R18,'1-專案資訊'!A38:B48,2,0)*G18*K18,0) | Z18: =0 | AA18: =IF(AND(G18<>"",K18<>""),G18*K18,0) | AB18: =IF(OR(N18="#3 (D10)",N18="#4 (D13)",N18="#5 (D16)"),W18,0)+IF(OR(P18="#3 (D10)",P18="#4 (D13)",P18="#5 (D16)"),X18,0) | AC18: =IF(AND(N18<>"",N18<>"#3 (D10)",N18<>"#4 (D13)",N18<>"#5 (D16)"),W18,0)+IF(AND(P18<>"",P18<>"#3 (D10)",P18<>"#4 (D13)",P18<>"#5 (D16)"),X18,0)
A19: 15 | G19: =IF(AND(E19<>"",F19<>""),E19*F19/10000,"") | S19: =IF(AND(G19<>"",I19<>"",K19<>""),G19*I19/100*K19,0) | T19: =IF(AND(G19<>"",J19<>"",K19<>""),G19*J19/100*K19,0) | U19: =IF(AND(G19<>"",H19<>"",K19<>""),G19*H19/100*K19,0) | V19: =IF(S19>0,S19-T19-U19,0) | W19: =IF(AND(L19="鋼筋",M19=2,N19<>"",O19<>"",G19<>"",K19<>""),VLOOKUP(N19,'1-專案資訊'!A25:I33,4,0)/(O19/100)*2*1.15*G19*K19,0) | X19: =IF(AND(L19="鋼筋",P19<>"",Q19<>"",G19<>"",K19<>""),VLOOKUP(P19,'1-專案資訊'!A25:I33,4,0)/(Q19/100)*2*1.15*G19*K19,0) | Y19: =IF(AND(L19="鋼絲網",R19<>"",G19<>"",K19<>""),VLOOKUP(R19,'1-專案資訊'!A38:B48,2,0)*G19*K19,0) | Z19: =0 | AA19: =IF(AND(G19<>"",K19<>""),G19*K19,0) | AB19: =IF(OR(N19="#3 (D10)",N19="#4 (D13)",N19="#5 (D16)"),W19,0)+IF(OR(P19="#3 (D10)",P19="#4 (D13)",P19="#5 (D16)"),X19,0) | AC19: =IF(AND(N19<>"",N19<>"#3 (D10)",N19<>"#4 (D13)",N19<>"#5 (D16)"),W19,0)+IF(AND(P19<>"",P19<>"#3 (D10)",P19<>"#4 (D13)",P19<>"#5 (D16)"),X19,0)
A20: 16 | G20: =IF(AND(E20<>"",F20<>""),E20*F20/10000,"") | S20: =IF(AND(G20<>"",I20<>"",K20<>""),G20*I20/100*K20,0) | T20: =IF(AND(G20<>"",J20<>"",K20<>""),G20*J20/100*K20,0) | U20: =IF(AND(G20<>"",H20<>"",K20<>""),G20*H20/100*K20,0) | V20: =IF(S20>0,S20-T20-U20,0) | W20: =IF(AND(L20="鋼筋",M20=2,N20<>"",O20<>"",G20<>"",K20<>""),VLOOKUP(N20,'1-專案資訊'!A25:I33,4,0)/(O20/100)*2*1.15*G20*K20,0) | X20: =IF(AND(L20="鋼筋",P20<>"",Q20<>"",G20<>"",K20<>""),VLOOKUP(P20,'1-專案資訊'!A25:I33,4,0)/(Q20/100)*2*1.15*G20*K20,0) | Y20: =IF(AND(L20="鋼絲網",R20<>"",G20<>"",K20<>""),VLOOKUP(R20,'1-專案資訊'!A38:B48,2,0)*G20*K20,0) | Z20: =0 | AA20: =IF(AND(G20<>"",K20<>""),G20*K20,0) | AB20: =IF(OR(N20="#3 (D10)",N20="#4 (D13)",N20="#5 (D16)"),W20,0)+IF(OR(P20="#3 (D10)",P20="#4 (D13)",P20="#5 (D16)"),X20,0) | AC20: =IF(AND(N20<>"",N20<>"#3 (D10)",N20<>"#4 (D13)",N20<>"#5 (D16)"),W20,0)+IF(AND(P20<>"",P20<>"#3 (D10)",P20<>"#4 (D13)",P20<>"#5 (D16)"),X20,0)
A21: 17 | G21: =IF(AND(E21<>"",F21<>""),E21*F21/10000,"") | S21: =IF(AND(G21<>"",I21<>"",K21<>""),G21*I21/100*K21,0) | T21: =IF(AND(G21<>"",J21<>"",K21<>""),G21*J21/100*K21,0) | U21: =IF(AND(G21<>"",H21<>"",K21<>""),G21*H21/100*K21,0) | V21: =IF(S21>0,S21-T21-U21,0) | W21: =IF(AND(L21="鋼筋",M21=2,N21<>"",O21<>"",G21<>"",K21<>""),VLOOKUP(N21,'1-專案資訊'!A25:I33,4,0)/(O21/100)*2*1.15*G21*K21,0) | X21: =IF(AND(L21="鋼筋",P21<>"",Q21<>"",G21<>"",K21<>""),VLOOKUP(P21,'1-專案資訊'!A25:I33,4,0)/(Q21/100)*2*1.15*G21*K21,0) | Y21: =IF(AND(L21="鋼絲網",R21<>"",G21<>"",K21<>""),VLOOKUP(R21,'1-專案資訊'!A38:B48,2,0)*G21*K21,0) | Z21: =0 | AA21: =IF(AND(G21<>"",K21<>""),G21*K21,0) | AB21: =IF(OR(N21="#3 (D10)",N21="#4 (D13)",N21="#5 (D16)"),W21,0)+IF(OR(P21="#3 (D10)",P21="#4 (D13)",P21="#5 (D16)"),X21,0) | AC21: =IF(AND(N21<>"",N21<>"#3 (D10)",N21<>"#4 (D13)",N21<>"#5 (D16)"),W21,0)+IF(AND(P21<>"",P21<>"#3 (D10)",P21<>"#4 (D13)",P21<>"#5 (D16)"),X21,0)
A22: 18 | G22: =IF(AND(E22<>"",F22<>""),E22*F22/10000,"") | S22: =IF(AND(G22<>"",I22<>"",K22<>""),G22*I22/100*K22,0) | T22: =IF(AND(G22<>"",J22<>"",K22<>""),G22*J22/100*K22,0) | U22: =IF(AND(G22<>"",H22<>"",K22<>""),G22*H22/100*K22,0) | V22: =IF(S22>0,S22-T22-U22,0) | W22: =IF(AND(L22="鋼筋",M22=2,N22<>"",O22<>"",G22<>"",K22<>""),VLOOKUP(N22,'1-專案資訊'!A25:I33,4,0)/(O22/100)*2*1.15*G22*K22,0) | X22: =IF(AND(L22="鋼筋",P22<>"",Q22<>"",G22<>"",K22<>""),VLOOKUP(P22,'1-專案資訊'!A25:I33,4,0)/(Q22/100)*2*1.15*G22*K22,0) | Y22: =IF(AND(L22="鋼絲網",R22<>"",G22<>"",K22<>""),VLOOKUP(R22,'1-專案資訊'!A38:B48,2,0)*G22*K22,0) | Z22: =0 | AA22: =IF(AND(G22<>"",K22<>""),G22*K22,0) | AB22: =IF(OR(N22="#3 (D10)",N22="#4 (D13)",N22="#5 (D16)"),W22,0)+IF(OR(P22="#3 (D10)",P22="#4 (D13)",P22="#5 (D16)"),X22,0) | AC22: =IF(AND(N22<>"",N22<>"#3 (D10)",N22<>"#4 (D13)",N22<>"#5 (D16)"),W22,0)+IF(AND(P22<>"",P22<>"#3 (D10)",P22<>"#4 (D13)",P22<>"#5 (D16)"),X22,0)
A23: 19 | G23: =IF(AND(E23<>"",F23<>""),E23*F23/10000,"") | S23: =IF(AND(G23<>"",I23<>"",K23<>""),G23*I23/100*K23,0) | T23: =IF(AND(G23<>"",J23<>"",K23<>""),G23*J23/100*K23,0) | U23: =IF(AND(G23<>"",H23<>"",K23<>""),G23*H23/100*K23,0) | V23: =IF(S23>0,S23-T23-U23,0) | W23: =IF(AND(L23="鋼筋",M23=2,N23<>"",O23<>"",G23<>"",K23<>""),VLOOKUP(N23,'1-專案資訊'!A25:I33,4,0)/(O23/100)*2*1.15*G23*K23,0) | X23: =IF(AND(L23="鋼筋",P23<>"",Q23<>"",G23<>"",K23<>""),VLOOKUP(P23,'1-專案資訊'!A25:I33,4,0)/(Q23/100)*2*1.15*G23*K23,0) | Y23: =IF(AND(L23="鋼絲網",R23<>"",G23<>"",K23<>""),VLOOKUP(R23,'1-專案資訊'!A38:B48,2,0)*G23*K23,0) | Z23: =0 | AA23: =IF(AND(G23<>"",K23<>""),G23*K23,0) | AB23: =IF(OR(N23="#3 (D10)",N23="#4 (D13)",N23="#5 (D16)"),W23,0)+IF(OR(P23="#3 (D10)",P23="#4 (D13)",P23="#5 (D16)"),X23,0) | AC23: =IF(AND(N23<>"",N23<>"#3 (D10)",N23<>"#4 (D13)",N23<>"#5 (D16)"),W23,0)+IF(AND(P23<>"",P23<>"#3 (D10)",P23<>"#4 (D13)",P23<>"#5 (D16)"),X23,0)
A24: 20 | G24: =IF(AND(E24<>"",F24<>""),E24*F24/10000,"") | S24: =IF(AND(G24<>"",I24<>"",K24<>""),G24*I24/100*K24,0) | T24: =IF(AND(G24<>"",J24<>"",K24<>""),G24*J24/100*K24,0) | U24: =IF(AND(G24<>"",H24<>"",K24<>""),G24*H24/100*K24,0) | V24: =IF(S24>0,S24-T24-U24,0) | W24: =IF(AND(L24="鋼筋",M24=2,N24<>"",O24<>"",G24<>"",K24<>""),VLOOKUP(N24,'1-專案資訊'!A25:I33,4,0)/(O24/100)*2*1.15*G24*K24,0) | X24: =IF(AND(L24="鋼筋",P24<>"",Q24<>"",G24<>"",K24<>""),VLOOKUP(P24,'1-專案資訊'!A25:I33,4,0)/(Q24/100)*2*1.15*G24*K24,0) | Y24: =IF(AND(L24="鋼絲網",R24<>"",G24<>"",K24<>""),VLOOKUP(R24,'1-專案資訊'!A38:B48,2,0)*G24*K24,0) | Z24: =0 | AA24: =IF(AND(G24<>"",K24<>""),G24*K24,0) | AB24: =IF(OR(N24="#3 (D10)",N24="#4 (D13)",N24="#5 (D16)"),W24,0)+IF(OR(P24="#3 (D10)",P24="#4 (D13)",P24="#5 (D16)"),X24,0) | AC24: =IF(AND(N24<>"",N24<>"#3 (D10)",N24<>"#4 (D13)",N24<>"#5 (D16)"),W24,0)+IF(AND(P24<>"",P24<>"#3 (D10)",P24<>"#4 (D13)",P24<>"#5 (D16)"),X24,0)
A25: 21 | G25: =IF(AND(E25<>"",F25<>""),E25*F25/10000,"") | S25: =IF(AND(G25<>"",I25<>"",K25<>""),G25*I25/100*K25,0) | T25: =IF(AND(G25<>"",J25<>"",K25<>""),G25*J25/100*K25,0) | U25: =IF(AND(G25<>"",H25<>"",K25<>""),G25*H25/100*K25,0) | V25: =IF(S25>0,S25-T25-U25,0) | W25: =IF(AND(L25="鋼筋",M25=2,N25<>"",O25<>"",G25<>"",K25<>""),VLOOKUP(N25,'1-專案資訊'!A25:I33,4,0)/(O25/100)*2*1.15*G25*K25,0) | X25: =IF(AND(L25="鋼筋",P25<>"",Q25<>"",G25<>"",K25<>""),VLOOKUP(P25,'1-專案資訊'!A25:I33,4,0)/(Q25/100)*2*1.15*G25*K25,0) | Y25: =IF(AND(L25="鋼絲網",R25<>"",G25<>"",K25<>""),VLOOKUP(R25,'1-專案資訊'!A38:B48,2,0)*G25*K25,0) | Z25: =0 | AA25: =IF(AND(G25<>"",K25<>""),G25*K25,0) | AB25: =IF(OR(N25="#3 (D10)",N25="#4 (D13)",N25="#5 (D16)"),W25,0)+IF(OR(P25="#3 (D10)",P25="#4 (D13)",P25="#5 (D16)"),X25,0) | AC25: =IF(AND(N25<>"",N25<>"#3 (D10)",N25<>"#4 (D13)",N25<>"#5 (D16)"),W25,0)+IF(AND(P25<>"",P25<>"#3 (D10)",P25<>"#4 (D13)",P25<>"#5 (D16)"),X25,0)
A26: 22 | G26: =IF(AND(E26<>"",F26<>""),E26*F26/10000,"") | S26: =IF(AND(G26<>"",I26<>"",K26<>""),G26*I26/100*K26,0) | T26: =IF(AND(G26<>"",J26<>"",K26<>""),G26*J26/100*K26,0) | U26: =IF(AND(G26<>"",H26<>"",K26<>""),G26*H26/100*K26,0) | V26: =IF(S26>0,S26-T26-U26,0) | W26: =IF(AND(L26="鋼筋",M26=2,N26<>"",O26<>"",G26<>"",K26<>""),VLOOKUP(N26,'1-專案資訊'!A25:I33,4,0)/(O26/100)*2*1.15*G26*K26,0) | X26: =IF(AND(L26="鋼筋",P26<>"",Q26<>"",G26<>"",K26<>""),VLOOKUP(P26,'1-專案資訊'!A25:I33,4,0)/(Q26/100)*2*1.15*G26*K26,0) | Y26: =IF(AND(L26="鋼絲網",R26<>"",G26<>"",K26<>""),VLOOKUP(R26,'1-專案資訊'!A38:B48,2,0)*G26*K26,0) | Z26: =0 | AA26: =IF(AND(G26<>"",K26<>""),G26*K26,0) | AB26: =IF(OR(N26="#3 (D10)",N26="#4 (D13)",N26="#5 (D16)"),W26,0)+IF(OR(P26="#3 (D10)",P26="#4 (D13)",P26="#5 (D16)"),X26,0) | AC26: =IF(AND(N26<>"",N26<>"#3 (D10)",N26<>"#4 (D13)",N26<>"#5 (D16)"),W26,0)+IF(AND(P26<>"",P26<>"#3 (D10)",P26<>"#4 (D13)",P26<>"#5 (D16)"),X26,0)
A27: 23 | G27: =IF(AND(E27<>"",F27<>""),E27*F27/10000,"") | S27: =IF(AND(G27<>"",I27<>"",K27<>""),G27*I27/100*K27,0) | T27: =IF(AND(G27<>"",J27<>"",K27<>""),G27*J27/100*K27,0) | U27: =IF(AND(G27<>"",H27<>"",K27<>""),G27*H27/100*K27,0) | V27: =IF(S27>0,S27-T27-U27,0) | W27: =IF(AND(L27="鋼筋",M27=2,N27<>"",O27<>"",G27<>"",K27<>""),VLOOKUP(N27,'1-專案資訊'!A25:I33,4,0)/(O27/100)*2*1.15*G27*K27,0) | X27: =IF(AND(L27="鋼筋",P27<>"",Q27<>"",G27<>"",K27<>""),VLOOKUP(P27,'1-專案資訊'!A25:I33,4,0)/(Q27/100)*2*1.15*G27*K27,0) | Y27: =IF(AND(L27="鋼絲網",R27<>"",G27<>"",K27<>""),VLOOKUP(R27,'1-專案資訊'!A38:B48,2,0)*G27*K27,0) | Z27: =0 | AA27: =IF(AND(G27<>"",K27<>""),G27*K27,0) | AB27: =IF(OR(N27="#3 (D10)",N27="#4 (D13)",N27="#5 (D16)"),W27,0)+IF(OR(P27="#3 (D10)",P27="#4 (D13)",P27="#5 (D16)"),X27,0) | AC27: =IF(AND(N27<>"",N27<>"#3 (D10)",N27<>"#4 (D13)",N27<>"#5 (D16)"),W27,0)+IF(AND(P27<>"",P27<>"#3 (D10)",P27<>"#4 (D13)",P27<>"#5 (D16)"),X27,0)
A28: 24 | G28: =IF(AND(E28<>"",F28<>""),E28*F28/10000,"") | S28: =IF(AND(G28<>"",I28<>"",K28<>""),G28*I28/100*K28,0) | T28: =IF(AND(G28<>"",J28<>"",K28<>""),G28*J28/100*K28,0) | U28: =IF(AND(G28<>"",H28<>"",K28<>""),G28*H28/100*K28,0) | V28: =IF(S28>0,S28-T28-U28,0) | W28: =IF(AND(L28="鋼筋",M28=2,N28<>"",O28<>"",G28<>"",K28<>""),VLOOKUP(N28,'1-專案資訊'!A25:I33,4,0)/(O28/100)*2*1.15*G28*K28,0) | X28: =IF(AND(L28="鋼筋",P28<>"",Q28<>"",G28<>"",K28<>""),VLOOKUP(P28,'1-專案資訊'!A25:I33,4,0)/(Q28/100)*2*1.15*G28*K28,0) | Y28: =IF(AND(L28="鋼絲網",R28<>"",G28<>"",K28<>""),VLOOKUP(R28,'1-專案資訊'!A38:B48,2,0)*G28*K28,0) | Z28: =0 | AA28: =IF(AND(G28<>"",K28<>""),G28*K28,0) | AB28: =IF(OR(N28="#3 (D10)",N28="#4 (D13)",N28="#5 (D16)"),W28,0)+IF(OR(P28="#3 (D10)",P28="#4 (D13)",P28="#5 (D16)"),X28,0) | AC28: =IF(AND(N28<>"",N28<>"#3 (D10)",N28<>"#4 (D13)",N28<>"#5 (D16)"),W28,0)+IF(AND(P28<>"",P28<>"#3 (D10)",P28<>"#4 (D13)",P28<>"#5 (D16)"),X28,0)
A29: 25 | G29: =IF(AND(E29<>"",F29<>""),E29*F29/10000,"") | S29: =IF(AND(G29<>"",I29<>"",K29<>""),G29*I29/100*K29,0) | T29: =IF(AND(G29<>"",J29<>"",K29<>""),G29*J29/100*K29,0) | U29: =IF(AND(G29<>"",H29<>"",K29<>""),G29*H29/100*K29,0) | V29: =IF(S29>0,S29-T29-U29,0) | W29: =IF(AND(L29="鋼筋",M29=2,N29<>"",O29<>"",G29<>"",K29<>""),VLOOKUP(N29,'1-專案資訊'!A25:I33,4,0)/(O29/100)*2*1.15*G29*K29,0) | X29: =IF(AND(L29="鋼筋",P29<>"",Q29<>"",G29<>"",K29<>""),VLOOKUP(P29,'1-專案資訊'!A25:I33,4,0)/(Q29/100)*2*1.15*G29*K29,0) | Y29: =IF(AND(L29="鋼絲網",R29<>"",G29<>"",K29<>""),VLOOKUP(R29,'1-專案資訊'!A38:B48,2,0)*G29*K29,0) | Z29: =0 | AA29: =IF(AND(G29<>"",K29<>""),G29*K29,0) | AB29: =IF(OR(N29="#3 (D10)",N29="#4 (D13)",N29="#5 (D16)"),W29,0)+IF(OR(P29="#3 (D10)",P29="#4 (D13)",P29="#5 (D16)"),X29,0) | AC29: =IF(AND(N29<>"",N29<>"#3 (D10)",N29<>"#4 (D13)",N29<>"#5 (D16)"),W29,0)+IF(AND(P29<>"",P29<>"#3 (D10)",P29<>"#4 (D13)",P29<>"#5 (D16)"),X29,0)
A30: 26 | G30: =IF(AND(E30<>"",F30<>""),E30*F30/10000,"") | S30: =IF(AND(G30<>"",I30<>"",K30<>""),G30*I30/100*K30,0) | T30: =IF(AND(G30<>"",J30<>"",K30<>""),G30*J30/100*K30,0) | U30: =IF(AND(G30<>"",H30<>"",K30<>""),G30*H30/100*K30,0) | V30: =IF(S30>0,S30-T30-U30,0) | W30: =IF(AND(L30="鋼筋",M30=2,N30<>"",O30<>"",G30<>"",K30<>""),VLOOKUP(N30,'1-專案資訊'!A25:I33,4,0)/(O30/100)*2*1.15*G30*K30,0) | X30: =IF(AND(L30="鋼筋",P30<>"",Q30<>"",G30<>"",K30<>""),VLOOKUP(P30,'1-專案資訊'!A25:I33,4,0)/(Q30/100)*2*1.15*G30*K30,0) | Y30: =IF(AND(L30="鋼絲網",R30<>"",G30<>"",K30<>""),VLOOKUP(R30,'1-專案資訊'!A38:B48,2,0)*G30*K30,0) | Z30: =0 | AA30: =IF(AND(G30<>"",K30<>""),G30*K30,0) | AB30: =IF(OR(N30="#3 (D10)",N30="#4 (D13)",N30="#5 (D16)"),W30,0)+IF(OR(P30="#3 (D10)",P30="#4 (D13)",P30="#5 (D16)"),X30,0) | AC30: =IF(AND(N30<>"",N30<>"#3 (D10)",N30<>"#4 (D13)",N30<>"#5 (D16)"),W30,0)+IF(AND(P30<>"",P30<>"#3 (D10)",P30<>"#4 (D13)",P30<>"#5 (D16)"),X30,0)
A31: 27 | G31: =IF(AND(E31<>"",F31<>""),E31*F31/10000,"") | S31: =IF(AND(G31<>"",I31<>"",K31<>""),G31*I31/100*K31,0) | T31: =IF(AND(G31<>"",J31<>"",K31<>""),G31*J31/100*K31,0) | U31: =IF(AND(G31<>"",H31<>"",K31<>""),G31*H31/100*K31,0) | V31: =IF(S31>0,S31-T31-U31,0) | W31: =IF(AND(L31="鋼筋",M31=2,N31<>"",O31<>"",G31<>"",K31<>""),VLOOKUP(N31,'1-專案資訊'!A25:I33,4,0)/(O31/100)*2*1.15*G31*K31,0) | X31: =IF(AND(L31="鋼筋",P31<>"",Q31<>"",G31<>"",K31<>""),VLOOKUP(P31,'1-專案資訊'!A25:I33,4,0)/(Q31/100)*2*1.15*G31*K31,0) | Y31: =IF(AND(L31="鋼絲網",R31<>"",G31<>"",K31<>""),VLOOKUP(R31,'1-專案資訊'!A38:B48,2,0)*G31*K31,0) | Z31: =0 | AA31: =IF(AND(G31<>"",K31<>""),G31*K31,0) | AB31: =IF(OR(N31="#3 (D10)",N31="#4 (D13)",N31="#5 (D16)"),W31,0)+IF(OR(P31="#3 (D10)",P31="#4 (D13)",P31="#5 (D16)"),X31,0) | AC31: =IF(AND(N31<>"",N31<>"#3 (D10)",N31<>"#4 (D13)",N31<>"#5 (D16)"),W31,0)+IF(AND(P31<>"",P31<>"#3 (D10)",P31<>"#4 (D13)",P31<>"#5 (D16)"),X31,0)
A32: 28 | G32: =IF(AND(E32<>"",F32<>""),E32*F32/10000,"") | S32: =IF(AND(G32<>"",I32<>"",K32<>""),G32*I32/100*K32,0) | T32: =IF(AND(G32<>"",J32<>"",K32<>""),G32*J32/100*K32,0) | U32: =IF(AND(G32<>"",H32<>"",K32<>""),G32*H32/100*K32,0) | V32: =IF(S32>0,S32-T32-U32,0) | W32: =IF(AND(L32="鋼筋",M32=2,N32<>"",O32<>"",G32<>"",K32<>""),VLOOKUP(N32,'1-專案資訊'!A25:I33,4,0)/(O32/100)*2*1.15*G32*K32,0) | X32: =IF(AND(L32="鋼筋",P32<>"",Q32<>"",G32<>"",K32<>""),VLOOKUP(P32,'1-專案資訊'!A25:I33,4,0)/(Q32/100)*2*1.15*G32*K32,0) | Y32: =IF(AND(L32="鋼絲網",R32<>"",G32<>"",K32<>""),VLOOKUP(R32,'1-專案資訊'!A38:B48,2,0)*G32*K32,0) | Z32: =0 | AA32: =IF(AND(G32<>"",K32<>""),G32*K32,0) | AB32: =IF(OR(N32="#3 (D10)",N32="#4 (D13)",N32="#5 (D16)"),W32,0)+IF(OR(P32="#3 (D10)",P32="#4 (D13)",P32="#5 (D16)"),X32,0) | AC32: =IF(AND(N32<>"",N32<>"#3 (D10)",N32<>"#4 (D13)",N32<>"#5 (D16)"),W32,0)+IF(AND(P32<>"",P32<>"#3 (D10)",P32<>"#4 (D13)",P32<>"#5 (D16)"),X32,0)
A33: 29 | G33: =IF(AND(E33<>"",F33<>""),E33*F33/10000,"") | S33: =IF(AND(G33<>"",I33<>"",K33<>""),G33*I33/100*K33,0) | T33: =IF(AND(G33<>"",J33<>"",K33<>""),G33*J33/100*K33,0) | U33: =IF(AND(G33<>"",H33<>"",K33<>""),G33*H33/100*K33,0) | V33: =IF(S33>0,S33-T33-U33,0) | W33: =IF(AND(L33="鋼筋",M33=2,N33<>"",O33<>"",G33<>"",K33<>""),VLOOKUP(N33,'1-專案資訊'!A25:I33,4,0)/(O33/100)*2*1.15*G33*K33,0) | X33: =IF(AND(L33="鋼筋",P33<>"",Q33<>"",G33<>"",K33<>""),VLOOKUP(P33,'1-專案資訊'!A25:I33,4,0)/(Q33/100)*2*1.15*G33*K33,0) | Y33: =IF(AND(L33="鋼絲網",R33<>"",G33<>"",K33<>""),VLOOKUP(R33,'1-專案資訊'!A38:B48,2,0)*G33*K33,0) | Z33: =0 | AA33: =IF(AND(G33<>"",K33<>""),G33*K33,0) | AB33: =IF(OR(N33="#3 (D10)",N33="#4 (D13)",N33="#5 (D16)"),W33,0)+IF(OR(P33="#3 (D10)",P33="#4 (D13)",P33="#5 (D16)"),X33,0) | AC33: =IF(AND(N33<>"",N33<>"#3 (D10)",N33<>"#4 (D13)",N33<>"#5 (D16)"),W33,0)+IF(AND(P33<>"",P33<>"#3 (D10)",P33<>"#4 (D13)",P33<>"#5 (D16)"),X33,0)
A34: 30 | G34: =IF(AND(E34<>"",F34<>""),E34*F34/10000,"") | S34: =IF(AND(G34<>"",I34<>"",K34<>""),G34*I34/100*K34,0) | T34: =IF(AND(G34<>"",J34<>"",K34<>""),G34*J34/100*K34,0) | U34: =IF(AND(G34<>"",H34<>"",K34<>""),G34*H34/100*K34,0) | V34: =IF(S34>0,S34-T34-U34,0) | W34: =IF(AND(L34="鋼筋",M34=2,N34<>"",O34<>"",G34<>"",K34<>""),VLOOKUP(N34,'1-專案資訊'!A25:I33,4,0)/(O34/100)*2*1.15*G34*K34,0) | X34: =IF(AND(L34="鋼筋",P34<>"",Q34<>"",G34<>"",K34<>""),VLOOKUP(P34,'1-專案資訊'!A25:I33,4,0)/(Q34/100)*2*1.15*G34*K34,0) | Y34: =IF(AND(L34="鋼絲網",R34<>"",G34<>"",K34<>""),VLOOKUP(R34,'1-專案資訊'!A38:B48,2,0)*G34*K34,0) | Z34: =0 | AA34: =IF(AND(G34<>"",K34<>""),G34*K34,0) | AB34: =IF(OR(N34="#3 (D10)",N34="#4 (D13)",N34="#5 (D16)"),W34,0)+IF(OR(P34="#3 (D10)",P34="#4 (D13)",P34="#5 (D16)"),X34,0) | AC34: =IF(AND(N34<>"",N34<>"#3 (D10)",N34<>"#4 (D13)",N34<>"#5 (D16)"),W34,0)+IF(AND(P34<>"",P34<>"#3 (D10)",P34<>"#4 (D13)",P34<>"#5 (D16)"),X34,0)
S35: =SUM(S5:S34) | T35: =SUM(T5:T34) | U35: =SUM(U5:U34) | V35: =SUM(V5:V34) | W35: =SUM(W5:W34) | X35: =SUM(X5:X34) | Y35: =SUM(Y5:Y34) | Z35: =SUM(Z5:Z34) | ... AC35: =SUM(AC5:AC34)

Sheet 8-基礎
A1: 基礎 數量計算表
A2: 含開挖(+工作寬)/PC/回填。fc'=280。
A3: 預設鋼筋長度 (m): | B3: 6 | C3: ← 可調整
A4: No | B4: 樓層 | C4: 基礎編號 | D4: ▼型式 | E4: L (mm) | F4: B (mm) | G4: D (mm) | H4: PC厚 (mm) | I4: 工作寬 (mm) | J4: 數量 | K4: ▼底筋 | L4: 間距 (mm) | M4: 開挖 (m3) | N4: PC (m3) | O4: 混凝土 (m3) | P4: 回填 (m3) | Q4: 鋼筋 (kg) | R4: 模板 (m2) | S4: SD280 (kg) | T4: SD420 (kg)
A5: 1 | M5: =IF(AND(E5<>"",F5<>"",G5<>"",H5<>"",I5<>"",J5<>""),(E5+2*I5)*(F5+2*I5)*(G5+H5)/1000000000*J5,0) | N5: =IF(AND(E5<>"",F5<>"",H5<>"",I5<>"",J5<>""),(E5+2*I5)*(F5+2*I5)*H5/1000000000*J5,0) | O5: =IF(AND(E5<>"",F5<>"",G5<>"",J5<>""),E5*F5*G5/1000000000*J5,0) | P5: =IF(M5>0,M5-N5-O5,0) | Q5: =IF(AND(K5<>"",L5<>"",E5<>"",F5<>"",J5<>""),VLOOKUP(K5,'1-專案資訊'!A25:I33,4,0)*((E5/1000/L5*1000*F5/1000)+(F5/1000/L5*1000*E5/1000))*1.2*J5,0) | R5: =IF(AND(E5<>"",F5<>"",G5<>"",J5<>""),2*(E5+F5)*G5/1000000*J5,0) | S5: =IF(OR(K5="#3 (D10)",K5="#4 (D13)",K5="#5 (D16)"),Q5,0) | T5: =IF(AND(K5<>"",K5<>"#3 (D10)",K5<>"#4 (D13)",K5<>"#5 (D16)"),Q5,0)
A6: 2 | M6: =IF(AND(E6<>"",F6<>"",G6<>"",H6<>"",I6<>"",J6<>""),(E6+2*I6)*(F6+2*I6)*(G6+H6)/1000000000*J6,0) | N6: =IF(AND(E6<>"",F6<>"",H6<>"",I6<>"",J6<>""),(E6+2*I6)*(F6+2*I6)*H6/1000000000*J6,0) | O6: =IF(AND(E6<>"",F6<>"",G6<>"",J6<>""),E6*F6*G6/1000000000*J6,0) | P6: =IF(M6>0,M6-N6-O6,0) | Q6: =IF(AND(K6<>"",L6<>"",E6<>"",F6<>"",J6<>""),VLOOKUP(K6,'1-專案資訊'!A25:I33,4,0)*((E6/1000/L6*1000*F6/1000)+(F6/1000/L6*1000*E6/1000))*1.2*J6,0) | R6: =IF(AND(E6<>"",F6<>"",G6<>"",J6<>""),2*(E6+F6)*G6/1000000*J6,0) | S6: =IF(OR(K6="#3 (D10)",K6="#4 (D13)",K6="#5 (D16)"),Q6,0) | T6: =IF(AND(K6<>"",K6<>"#3 (D10)",K6<>"#4 (D13)",K6<>"#5 (D16)"),Q6,0)
A7: 3 | M7: =IF(AND(E7<>"",F7<>"",G7<>"",H7<>"",I7<>"",J7<>""),(E7+2*I7)*(F7+2*I7)*(G7+H7)/1000000000*J7,0) | N7: =IF(AND(E7<>"",F7<>"",H7<>"",I7<>"",J7<>""),(E7+2*I7)*(F7+2*I7)*H7/1000000000*J7,0) | O7: =IF(AND(E7<>"",F7<>"",G7<>"",J7<>""),E7*F7*G7/1000000000*J7,0) | P7: =IF(M7>0,M7-N7-O7,0) | Q7: =IF(AND(K7<>"",L7<>"",E7<>"",F7<>"",J7<>""),VLOOKUP(K7,'1-專案資訊'!A25:I33,4,0)*((E7/1000/L7*1000*F7/1000)+(F7/1000/L7*1000*E7/1000))*1.2*J7,0) | R7: =IF(AND(E7<>"",F7<>"",G7<>"",J7<>""),2*(E7+F7)*G7/1000000*J7,0) | S7: =IF(OR(K7="#3 (D10)",K7="#4 (D13)",K7="#5 (D16)"),Q7,0) | T7: =IF(AND(K7<>"",K7<>"#3 (D10)",K7<>"#4 (D13)",K7<>"#5 (D16)"),Q7,0)
A8: 4 | M8: =IF(AND(E8<>"",F8<>"",G8<>"",H8<>"",I8<>"",J8<>""),(E8+2*I8)*(F8+2*I8)*(G8+H8)/1000000000*J8,0) | N8: =IF(AND(E8<>"",F8<>"",H8<>"",I8<>"",J8<>""),(E8+2*I8)*(F8+2*I8)*H8/1000000000*J8,0) | O8: =IF(AND(E8<>"",F8<>"",G8<>"",J8<>""),E8*F8*G8/1000000000*J8,0) | P8: =IF(M8>0,M8-N8-O8,0) | Q8: =IF(AND(K8<>"",L8<>"",E8<>"",F8<>"",J8<>""),VLOOKUP(K8,'1-專案資訊'!A25:I33,4,0)*((E8/1000/L8*1000*F8/1000)+(F8/1000/L8*1000*E8/1000))*1.2*J8,0) | R8: =IF(AND(E8<>"",F8<>"",G8<>"",J8<>""),2*(E8+F8)*G8/1000000*J8,0) | S8: =IF(OR(K8="#3 (D10)",K8="#4 (D13)",K8="#5 (D16)"),Q8,0) | T8: =IF(AND(K8<>"",K8<>"#3 (D10)",K8<>"#4 (D13)",K8<>"#5 (D16)"),Q8,0)
A9: 5 | M9: =IF(AND(E9<>"",F9<>"",G9<>"",H9<>"",I9<>"",J9<>""),(E9+2*I9)*(F9+2*I9)*(G9+H9)/1000000000*J9,0) | N9: =IF(AND(E9<>"",F9<>"",H9<>"",I9<>"",J9<>""),(E9+2*I9)*(F9+2*I9)*H9/1000000000*J9,0) | O9: =IF(AND(E9<>"",F9<>"",G9<>"",J9<>""),E9*F9*G9/1000000000*J9,0) | P9: =IF(M9>0,M9-N9-O9,0) | Q9: =IF(AND(K9<>"",L9<>"",E9<>"",F9<>"",J9<>""),VLOOKUP(K9,'1-專案資訊'!A25:I33,4,0)*((E9/1000/L9*1000*F9/1000)+(F9/1000/L9*1000*E9/1000))*1.2*J9,0) | R9: =IF(AND(E9<>"",F9<>"",G9<>"",J9<>""),2*(E9+F9)*G9/1000000*J9,0) | S9: =IF(OR(K9="#3 (D10)",K9="#4 (D13)",K9="#5 (D16)"),Q9,0) | T9: =IF(AND(K9<>"",K9<>"#3 (D10)",K9<>"#4 (D13)",K9<>"#5 (D16)"),Q9,0)
A10: 6 | M10: =IF(AND(E10<>"",F10<>"",G10<>"",H10<>"",I10<>"",J10<>""),(E10+2*I10)*(F10+2*I10)*(G10+H10)/1000000000*J10,0) | N10: =IF(AND(E10<>"",F10<>"",H10<>"",I10<>"",J10<>""),(E10+2*I10)*(F10+2*I10)*H10/1000000000*J10,0) | O10: =IF(AND(E10<>"",F10<>"",G10<>"",J10<>""),E10*F10*G10/1000000000*J10,0) | P10: =IF(M10>0,M10-N10-O10,0) | Q10: =IF(AND(K10<>"",L10<>"",E10<>"",F10<>"",J10<>""),VLOOKUP(K10,'1-專案資訊'!A25:I33,4,0)*((E10/1000/L10*1000*F10/1000)+(F10/1000/L10*1000*E10/1000))*1.2*J10,0) | R10: =IF(AND(E10<>"",F10<>"",G10<>"",J10<>""),2*(E10+F10)*G10/1000000*J10,0) | S10: =IF(OR(K10="#3 (D10)",K10="#4 (D13)",K10="#5 (D16)"),Q10,0) | T10: =IF(AND(K10<>"",K10<>"#3 (D10)",K10<>"#4 (D13)",K10<>"#5 (D16)"),Q10,0)
A11: 7 | M11: =IF(AND(E11<>"",F11<>"",G11<>"",H11<>"",I11<>"",J11<>""),(E11+2*I11)*(F11+2*I11)*(G11+H11)/1000000000*J11,0) | N11: =IF(AND(E11<>"",F11<>"",H11<>"",I11<>"",J11<>""),(E11+2*I11)*(F11+2*I11)*H11/1000000000*J11,0) | O11: =IF(AND(E11<>"",F11<>"",G11<>"",J11<>""),E11*F11*G11/1000000000*J11,0) | P11: =IF(M11>0,M11-N11-O11,0) | Q11: =IF(AND(K11<>"",L11<>"",E11<>"",F11<>"",J11<>""),VLOOKUP(K11,'1-專案資訊'!A25:I33,4,0)*((E11/1000/L11*1000*F11/1000)+(F11/1000/L11*1000*E11/1000))*1.2*J11,0) | R11: =IF(AND(E11<>"",F11<>"",G11<>"",J11<>""),2*(E11+F11)*G11/1000000*J11,0) | S11: =IF(OR(K11="#3 (D10)",K11="#4 (D13)",K11="#5 (D16)"),Q11,0) | T11: =IF(AND(K11<>"",K11<>"#3 (D10)",K11<>"#4 (D13)",K11<>"#5 (D16)"),Q11,0)
A12: 8 | M12: =IF(AND(E12<>"",F12<>"",G12<>"",H12<>"",I12<>"",J12<>""),(E12+2*I12)*(F12+2*I12)*(G12+H12)/1000000000*J12,0) | N12: =IF(AND(E12<>"",F12<>"",H12<>"",I12<>"",J12<>""),(E12+2*I12)*(F12+2*I12)*H12/1000000000*J12,0) | O12: =IF(AND(E12<>"",F12<>"",G12<>"",J12<>""),E12*F12*G12/1000000000*J12,0) | P12: =IF(M12>0,M12-N12-O12,0) | Q12: =IF(AND(K12<>"",L12<>"",E12<>"",F12<>"",J12<>""),VLOOKUP(K12,'1-專案資訊'!A25:I33,4,0)*((E12/1000/L12*1000*F12/1000)+(F12/1000/L12*1000*E12/1000))*1.2*J12,0) | R12: =IF(AND(E12<>"",F12<>"",G12<>"",J12<>""),2*(E12+F12)*G12/1000000*J12,0) | S12: =IF(OR(K12="#3 (D10)",K12="#4 (D13)",K12="#5 (D16)"),Q12,0) | T12: =IF(AND(K12<>"",K12<>"#3 (D10)",K12<>"#4 (D13)",K12<>"#5 (D16)"),Q12,0)
A13: 9 | M13: =IF(AND(E13<>"",F13<>"",G13<>"",H13<>"",I13<>"",J13<>""),(E13+2*I13)*(F13+2*I13)*(G13+H13)/1000000000*J13,0) | N13: =IF(AND(E13<>"",F13<>"",H13<>"",I13<>"",J13<>""),(E13+2*I13)*(F13+2*I13)*H13/1000000000*J13,0) | O13: =IF(AND(E13<>"",F13<>"",G13<>"",J13<>""),E13*F13*G13/1000000000*J13,0) | P13: =IF(M13>0,M13-N13-O13,0) | Q13: =IF(AND(K13<>"",L13<>"",E13<>"",F13<>"",J13<>""),VLOOKUP(K13,'1-專案資訊'!A25:I33,4,0)*((E13/1000/L13*1000*F13/1000)+(F13/1000/L13*1000*E13/1000))*1.2*J13,0) | R13: =IF(AND(E13<>"",F13<>"",G13<>"",J13<>""),2*(E13+F13)*G13/1000000*J13,0) | S13: =IF(OR(K13="#3 (D10)",K13="#4 (D13)",K13="#5 (D16)"),Q13,0) | T13: =IF(AND(K13<>"",K13<>"#3 (D10)",K13<>"#4 (D13)",K13<>"#5 (D16)"),Q13,0)
A14: 10 | M14: =IF(AND(E14<>"",F14<>"",G14<>"",H14<>"",I14<>"",J14<>""),(E14+2*I14)*(F14+2*I14)*(G14+H14)/1000000000*J14,0) | N14: =IF(AND(E14<>"",F14<>"",H14<>"",I14<>"",J14<>""),(E14+2*I14)*(F14+2*I14)*H14/1000000000*J14,0) | O14: =IF(AND(E14<>"",F14<>"",G14<>"",J14<>""),E14*F14*G14/1000000000*J14,0) | P14: =IF(M14>0,M14-N14-O14,0) | Q14: =IF(AND(K14<>"",L14<>"",E14<>"",F14<>"",J14<>""),VLOOKUP(K14,'1-專案資訊'!A25:I33,4,0)*((E14/1000/L14*1000*F14/1000)+(F14/1000/L14*1000*E14/1000))*1.2*J14,0) | R14: =IF(AND(E14<>"",F14<>"",G14<>"",J14<>""),2*(E14+F14)*G14/1000000*J14,0) | S14: =IF(OR(K14="#3 (D10)",K14="#4 (D13)",K14="#5 (D16)"),Q14,0) | T14: =IF(AND(K14<>"",K14<>"#3 (D10)",K14<>"#4 (D13)",K14<>"#5 (D16)"),Q14,0)
A15: 11 | M15: =IF(AND(E15<>"",F15<>"",G15<>"",H15<>"",I15<>"",J15<>""),(E15+2*I15)*(F15+2*I15)*(G15+H15)/1000000000*J15,0) | N15: =IF(AND(E15<>"",F15<>"",H15<>"",I15<>"",J15<>""),(E15+2*I15)*(F15+2*I15)*H15/1000000000*J15,0) | O15: =IF(AND(E15<>"",F15<>"",G15<>"",J15<>""),E15*F15*G15/1000000000*J15,0) | P15: =IF(M15>0,M15-N15-O15,0) | Q15: =IF(AND(K15<>"",L15<>"",E15<>"",F15<>"",J15<>""),VLOOKUP(K15,'1-專案資訊'!A25:I33,4,0)*((E15/1000/L15*1000*F15/1000)+(F15/1000/L15*1000*E15/1000))*1.2*J15,0) | R15: =IF(AND(E15<>"",F15<>"",G15<>"",J15<>""),2*(E15+F15)*G15/1000000*J15,0) | S15: =IF(OR(K15="#3 (D10)",K15="#4 (D13)",K15="#5 (D16)"),Q15,0) | T15: =IF(AND(K15<>"",K15<>"#3 (D10)",K15<>"#4 (D13)",K15<>"#5 (D16)"),Q15,0)
A16: 12 | M16: =IF(AND(E16<>"",F16<>"",G16<>"",H16<>"",I16<>"",J16<>""),(E16+2*I16)*(F16+2*I16)*(G16+H16)/1000000000*J16,0) | N16: =IF(AND(E16<>"",F16<>"",H16<>"",I16<>"",J16<>""),(E16+2*I16)*(F16+2*I16)*H16/1000000000*J16,0) | O16: =IF(AND(E16<>"",F16<>"",G16<>"",J16<>""),E16*F16*G16/1000000000*J16,0) | P16: =IF(M16>0,M16-N16-O16,0) | Q16: =IF(AND(K16<>"",L16<>"",E16<>"",F16<>"",J16<>""),VLOOKUP(K16,'1-專案資訊'!A25:I33,4,0)*((E16/1000/L16*1000*F16/1000)+(F16/1000/L16*1000*E16/1000))*1.2*J16,0) | R16: =IF(AND(E16<>"",F16<>"",G16<>"",J16<>""),2*(E16+F16)*G16/1000000*J16,0) | S16: =IF(OR(K16="#3 (D10)",K16="#4 (D13)",K16="#5 (D16)"),Q16,0) | T16: =IF(AND(K16<>"",K16<>"#3 (D10)",K16<>"#4 (D13)",K16<>"#5 (D16)"),Q16,0)
A17: 13 | M17: =IF(AND(E17<>"",F17<>"",G17<>"",H17<>"",I17<>"",J17<>""),(E17+2*I17)*(F17+2*I17)*(G17+H17)/1000000000*J17,0) | N17: =IF(AND(E17<>"",F17<>"",H17<>"",I17<>"",J17<>""),(E17+2*I17)*(F17+2*I17)*H17/1000000000*J17,0) | O17: =IF(AND(E17<>"",F17<>"",G17<>"",J17<>""),E17*F17*G17/1000000000*J17,0) | P17: =IF(M17>0,M17-N17-O17,0) | Q17: =IF(AND(K17<>"",L17<>"",E17<>"",F17<>"",J17<>""),VLOOKUP(K17,'1-專案資訊'!A25:I33,4,0)*((E17/1000/L17*1000*F17/1000)+(F17/1000/L17*1000*E17/1000))*1.2*J17,0) | R17: =IF(AND(E17<>"",F17<>"",G17<>"",J17<>""),2*(E17+F17)*G17/1000000*J17,0) | S17: =IF(OR(K17="#3 (D10)",K17="#4 (D13)",K17="#5 (D16)"),Q17,0) | T17: =IF(AND(K17<>"",K17<>"#3 (D10)",K17<>"#4 (D13)",K17<>"#5 (D16)"),Q17,0)
A18: 14 | M18: =IF(AND(E18<>"",F18<>"",G18<>"",H18<>"",I18<>"",J18<>""),(E18+2*I18)*(F18+2*I18)*(G18+H18)/1000000000*J18,0) | N18: =IF(AND(E18<>"",F18<>"",H18<>"",I18<>"",J18<>""),(E18+2*I18)*(F18+2*I18)*H18/1000000000*J18,0) | O18: =IF(AND(E18<>"",F18<>"",G18<>"",J18<>""),E18*F18*G18/1000000000*J18,0) | P18: =IF(M18>0,M18-N18-O18,0) | Q18: =IF(AND(K18<>"",L18<>"",E18<>"",F18<>"",J18<>""),VLOOKUP(K18,'1-專案資訊'!A25:I33,4,0)*((E18/1000/L18*1000*F18/1000)+(F18/1000/L18*1000*E18/1000))*1.2*J18,0) | R18: =IF(AND(E18<>"",F18<>"",G18<>"",J18<>""),2*(E18+F18)*G18/1000000*J18,0) | S18: =IF(OR(K18="#3 (D10)",K18="#4 (D13)",K18="#5 (D16)"),Q18,0) | T18: =IF(AND(K18<>"",K18<>"#3 (D10)",K18<>"#4 (D13)",K18<>"#5 (D16)"),Q18,0)
A19: 15 | M19: =IF(AND(E19<>"",F19<>"",G19<>"",H19<>"",I19<>"",J19<>""),(E19+2*I19)*(F19+2*I19)*(G19+H19)/1000000000*J19,0) | N19: =IF(AND(E19<>"",F19<>"",H19<>"",I19<>"",J19<>""),(E19+2*I19)*(F19+2*I19)*H19/1000000000*J19,0) | O19: =IF(AND(E19<>"",F19<>"",G19<>"",J19<>""),E19*F19*G19/1000000000*J19,0) | P19: =IF(M19>0,M19-N19-O19,0) | Q19: =IF(AND(K19<>"",L19<>"",E19<>"",F19<>"",J19<>""),VLOOKUP(K19,'1-專案資訊'!A25:I33,4,0)*((E19/1000/L19*1000*F19/1000)+(F19/1000/L19*1000*E19/1000))*1.2*J19,0) | R19: =IF(AND(E19<>"",F19<>"",G19<>"",J19<>""),2*(E19+F19)*G19/1000000*J19,0) | S19: =IF(OR(K19="#3 (D10)",K19="#4 (D13)",K19="#5 (D16)"),Q19,0) | T19: =IF(AND(K19<>"",K19<>"#3 (D10)",K19<>"#4 (D13)",K19<>"#5 (D16)"),Q19,0)
A20: 16 | M20: =IF(AND(E20<>"",F20<>"",G20<>"",H20<>"",I20<>"",J20<>""),(E20+2*I20)*(F20+2*I20)*(G20+H20)/1000000000*J20,0) | N20: =IF(AND(E20<>"",F20<>"",H20<>"",I20<>"",J20<>""),(E20+2*I20)*(F20+2*I20)*H20/1000000000*J20,0) | O20: =IF(AND(E20<>"",F20<>"",G20<>"",J20<>""),E20*F20*G20/1000000000*J20,0) | P20: =IF(M20>0,M20-N20-O20,0) | Q20: =IF(AND(K20<>"",L20<>"",E20<>"",F20<>"",J20<>""),VLOOKUP(K20,'1-專案資訊'!A25:I33,4,0)*((E20/1000/L20*1000*F20/1000)+(F20/1000/L20*1000*E20/1000))*1.2*J20,0) | R20: =IF(AND(E20<>"",F20<>"",G20<>"",J20<>""),2*(E20+F20)*G20/1000000*J20,0) | S20: =IF(OR(K20="#3 (D10)",K20="#4 (D13)",K20="#5 (D16)"),Q20,0) | T20: =IF(AND(K20<>"",K20<>"#3 (D10)",K20<>"#4 (D13)",K20<>"#5 (D16)"),Q20,0)
A21: 17 | M21: =IF(AND(E21<>"",F21<>"",G21<>"",H21<>"",I21<>"",J21<>""),(E21+2*I21)*(F21+2*I21)*(G21+H21)/1000000000*J21,0) | N21: =IF(AND(E21<>"",F21<>"",H21<>"",I21<>"",J21<>""),(E21+2*I21)*(F21+2*I21)*H21/1000000000*J21,0) | O21: =IF(AND(E21<>"",F21<>"",G21<>"",J21<>""),E21*F21*G21/1000000000*J21,0) | P21: =IF(M21>0,M21-N21-O21,0) | Q21: =IF(AND(K21<>"",L21<>"",E21<>"",F21<>"",J21<>""),VLOOKUP(K21,'1-專案資訊'!A25:I33,4,0)*((E21/1000/L21*1000*F21/1000)+(F21/1000/L21*1000*E21/1000))*1.2*J21,0) | R21: =IF(AND(E21<>"",F21<>"",G21<>"",J21<>""),2*(E21+F21)*G21/1000000*J21,0) | S21: =IF(OR(K21="#3 (D10)",K21="#4 (D13)",K21="#5 (D16)"),Q21,0) | T21: =IF(AND(K21<>"",K21<>"#3 (D10)",K21<>"#4 (D13)",K21<>"#5 (D16)"),Q21,0)
A22: 18 | M22: =IF(AND(E22<>"",F22<>"",G22<>"",H22<>"",I22<>"",J22<>""),(E22+2*I22)*(F22+2*I22)*(G22+H22)/1000000000*J22,0) | N22: =IF(AND(E22<>"",F22<>"",H22<>"",I22<>"",J22<>""),(E22+2*I22)*(F22+2*I22)*H22/1000000000*J22,0) | O22: =IF(AND(E22<>"",F22<>"",G22<>"",J22<>""),E22*F22*G22/1000000000*J22,0) | P22: =IF(M22>0,M22-N22-O22,0) | Q22: =IF(AND(K22<>"",L22<>"",E22<>"",F22<>"",J22<>""),VLOOKUP(K22,'1-專案資訊'!A25:I33,4,0)*((E22/1000/L22*1000*F22/1000)+(F22/1000/L22*1000*E22/1000))*1.2*J22,0) | R22: =IF(AND(E22<>"",F22<>"",G22<>"",J22<>""),2*(E22+F22)*G22/1000000*J22,0) | S22: =IF(OR(K22="#3 (D10)",K22="#4 (D13)",K22="#5 (D16)"),Q22,0) | T22: =IF(AND(K22<>"",K22<>"#3 (D10)",K22<>"#4 (D13)",K22<>"#5 (D16)"),Q22,0)
A23: 19 | M23: =IF(AND(E23<>"",F23<>"",G23<>"",H23<>"",I23<>"",J23<>""),(E23+2*I23)*(F23+2*I23)*(G23+H23)/1000000000*J23,0) | N23: =IF(AND(E23<>"",F23<>"",H23<>"",I23<>"",J23<>""),(E23+2*I23)*(F23+2*I23)*H23/1000000000*J23,0) | O23: =IF(AND(E23<>"",F23<>"",G23<>"",J23<>""),E23*F23*G23/1000000000*J23,0) | P23: =IF(M23>0,M23-N23-O23,0) | Q23: =IF(AND(K23<>"",L23<>"",E23<>"",F23<>"",J23<>""),VLOOKUP(K23,'1-專案資訊'!A25:I33,4,0)*((E23/1000/L23*1000*F23/1000)+(F23/1000/L23*1000*E23/1000))*1.2*J23,0) | R23: =IF(AND(E23<>"",F23<>"",G23<>"",J23<>""),2*(E23+F23)*G23/1000000*J23,0) | S23: =IF(OR(K23="#3 (D10)",K23="#4 (D13)",K23="#5 (D16)"),Q23,0) | T23: =IF(AND(K23<>"",K23<>"#3 (D10)",K23<>"#4 (D13)",K23<>"#5 (D16)"),Q23,0)
A24: 20 | M24: =IF(AND(E24<>"",F24<>"",G24<>"",H24<>"",I24<>"",J24<>""),(E24+2*I24)*(F24+2*I24)*(G24+H24)/1000000000*J24,0) | N24: =IF(AND(E24<>"",F24<>"",H24<>"",I24<>"",J24<>""),(E24+2*I24)*(F24+2*I24)*H24/1000000000*J24,0) | O24: =IF(AND(E24<>"",F24<>"",G24<>"",J24<>""),E24*F24*G24/1000000000*J24,0) | P24: =IF(M24>0,M24-N24-O24,0) | Q24: =IF(AND(K24<>"",L24<>"",E24<>"",F24<>"",J24<>""),VLOOKUP(K24,'1-專案資訊'!A25:I33,4,0)*((E24/1000/L24*1000*F24/1000)+(F24/1000/L24*1000*E24/1000))*1.2*J24,0) | R24: =IF(AND(E24<>"",F24<>"",G24<>"",J24<>""),2*(E24+F24)*G24/1000000*J24,0) | S24: =IF(OR(K24="#3 (D10)",K24="#4 (D13)",K24="#5 (D16)"),Q24,0) | T24: =IF(AND(K24<>"",K24<>"#3 (D10)",K24<>"#4 (D13)",K24<>"#5 (D16)"),Q24,0)
A25: 21 | M25: =IF(AND(E25<>"",F25<>"",G25<>"",H25<>"",I25<>"",J25<>""),(E25+2*I25)*(F25+2*I25)*(G25+H25)/1000000000*J25,0) | N25: =IF(AND(E25<>"",F25<>"",H25<>"",I25<>"",J25<>""),(E25+2*I25)*(F25+2*I25)*H25/1000000000*J25,0) | O25: =IF(AND(E25<>"",F25<>"",G25<>"",J25<>""),E25*F25*G25/1000000000*J25,0) | P25: =IF(M25>0,M25-N25-O25,0) | Q25: =IF(AND(K25<>"",L25<>"",E25<>"",F25<>"",J25<>""),VLOOKUP(K25,'1-專案資訊'!A25:I33,4,0)*((E25/1000/L25*1000*F25/1000)+(F25/1000/L25*1000*E25/1000))*1.2*J25,0) | R25: =IF(AND(E25<>"",F25<>"",G25<>"",J25<>""),2*(E25+F25)*G25/1000000*J25,0) | S25: =IF(OR(K25="#3 (D10)",K25="#4 (D13)",K25="#5 (D16)"),Q25,0) | T25: =IF(AND(K25<>"",K25<>"#3 (D10)",K25<>"#4 (D13)",K25<>"#5 (D16)"),Q25,0)
A26: 22 | M26: =IF(AND(E26<>"",F26<>"",G26<>"",H26<>"",I26<>"",J26<>""),(E26+2*I26)*(F26+2*I26)*(G26+H26)/1000000000*J26,0) | N26: =IF(AND(E26<>"",F26<>"",H26<>"",I26<>"",J26<>""),(E26+2*I26)*(F26+2*I26)*H26/1000000000*J26,0) | O26: =IF(AND(E26<>"",F26<>"",G26<>"",J26<>""),E26*F26*G26/1000000000*J26,0) | P26: =IF(M26>0,M26-N26-O26,0) | Q26: =IF(AND(K26<>"",L26<>"",E26<>"",F26<>"",J26<>""),VLOOKUP(K26,'1-專案資訊'!A25:I33,4,0)*((E26/1000/L26*1000*F26/1000)+(F26/1000/L26*1000*E26/1000))*1.2*J26,0) | R26: =IF(AND(E26<>"",F26<>"",G26<>"",J26<>""),2*(E26+F26)*G26/1000000*J26,0) | S26: =IF(OR(K26="#3 (D10)",K26="#4 (D13)",K26="#5 (D16)"),Q26,0) | T26: =IF(AND(K26<>"",K26<>"#3 (D10)",K26<>"#4 (D13)",K26<>"#5 (D16)"),Q26,0)
A27: 23 | M27: =IF(AND(E27<>"",F27<>"",G27<>"",H27<>"",I27<>"",J27<>""),(E27+2*I27)*(F27+2*I27)*(G27+H27)/1000000000*J27,0) | N27: =IF(AND(E27<>"",F27<>"",H27<>"",I27<>"",J27<>""),(E27+2*I27)*(F27+2*I27)*H27/1000000000*J27,0) | O27: =IF(AND(E27<>"",F27<>"",G27<>"",J27<>""),E27*F27*G27/1000000000*J27,0) | P27: =IF(M27>0,M27-N27-O27,0) | Q27: =IF(AND(K27<>"",L27<>"",E27<>"",F27<>"",J27<>""),VLOOKUP(K27,'1-專案資訊'!A25:I33,4,0)*((E27/1000/L27*1000*F27/1000)+(F27/1000/L27*1000*E27/1000))*1.2*J27,0) | R27: =IF(AND(E27<>"",F27<>"",G27<>"",J27<>""),2*(E27+F27)*G27/1000000*J27,0) | S27: =IF(OR(K27="#3 (D10)",K27="#4 (D13)",K27="#5 (D16)"),Q27,0) | T27: =IF(AND(K27<>"",K27<>"#3 (D10)",K27<>"#4 (D13)",K27<>"#5 (D16)"),Q27,0)
A28: 24 | M28: =IF(AND(E28<>"",F28<>"",G28<>"",H28<>"",I28<>"",J28<>""),(E28+2*I28)*(F28+2*I28)*(G28+H28)/1000000000*J28,0) | N28: =IF(AND(E28<>"",F28<>"",H28<>"",I28<>"",J28<>""),(E28+2*I28)*(F28+2*I28)*H28/1000000000*J28,0) | O28: =IF(AND(E28<>"",F28<>"",G28<>"",J28<>""),E28*F28*G28/1000000000*J28,0) | P28: =IF(M28>0,M28-N28-O28,0) | Q28: =IF(AND(K28<>"",L28<>"",E28<>"",F28<>"",J28<>""),VLOOKUP(K28,'1-專案資訊'!A25:I33,4,0)*((E28/1000/L28*1000*F28/1000)+(F28/1000/L28*1000*E28/1000))*1.2*J28,0) | R28: =IF(AND(E28<>"",F28<>"",G28<>"",J28<>""),2*(E28+F28)*G28/1000000*J28,0) | S28: =IF(OR(K28="#3 (D10)",K28="#4 (D13)",K28="#5 (D16)"),Q28,0) | T28: =IF(AND(K28<>"",K28<>"#3 (D10)",K28<>"#4 (D13)",K28<>"#5 (D16)"),Q28,0)
A29: 25 | M29: =IF(AND(E29<>"",F29<>"",G29<>"",H29<>"",I29<>"",J29<>""),(E29+2*I29)*(F29+2*I29)*(G29+H29)/1000000000*J29,0) | N29: =IF(AND(E29<>"",F29<>"",H29<>"",I29<>"",J29<>""),(E29+2*I29)*(F29+2*I29)*H29/1000000000*J29,0) | O29: =IF(AND(E29<>"",F29<>"",G29<>"",J29<>""),E29*F29*G29/1000000000*J29,0) | P29: =IF(M29>0,M29-N29-O29,0) | Q29: =IF(AND(K29<>"",L29<>"",E29<>"",F29<>"",J29<>""),VLOOKUP(K29,'1-專案資訊'!A25:I33,4,0)*((E29/1000/L29*1000*F29/1000)+(F29/1000/L29*1000*E29/1000))*1.2*J29,0) | R29: =IF(AND(E29<>"",F29<>"",G29<>"",J29<>""),2*(E29+F29)*G29/1000000*J29,0) | S29: =IF(OR(K29="#3 (D10)",K29="#4 (D13)",K29="#5 (D16)"),Q29,0) | T29: =IF(AND(K29<>"",K29<>"#3 (D10)",K29<>"#4 (D13)",K29<>"#5 (D16)"),Q29,0)
A30: 26 | M30: =IF(AND(E30<>"",F30<>"",G30<>"",H30<>"",I30<>"",J30<>""),(E30+2*I30)*(F30+2*I30)*(G30+H30)/1000000000*J30,0) | N30: =IF(AND(E30<>"",F30<>"",H30<>"",I30<>"",J30<>""),(E30+2*I30)*(F30+2*I30)*H30/1000000000*J30,0) | O30: =IF(AND(E30<>"",F30<>"",G30<>"",J30<>""),E30*F30*G30/1000000000*J30,0) | P30: =IF(M30>0,M30-N30-O30,0) | Q30: =IF(AND(K30<>"",L30<>"",E30<>"",F30<>"",J30<>""),VLOOKUP(K30,'1-專案資訊'!A25:I33,4,0)*((E30/1000/L30*1000*F30/1000)+(F30/1000/L30*1000*E30/1000))*1.2*J30,0) | R30: =IF(AND(E30<>"",F30<>"",G30<>"",J30<>""),2*(E30+F30)*G30/1000000*J30,0) | S30: =IF(OR(K30="#3 (D10)",K30="#4 (D13)",K30="#5 (D16)"),Q30,0) | T30: =IF(AND(K30<>"",K30<>"#3 (D10)",K30<>"#4 (D13)",K30<>"#5 (D16)"),Q30,0)
A31: 27 | M31: =IF(AND(E31<>"",F31<>"",G31<>"",H31<>"",I31<>"",J31<>""),(E31+2*I31)*(F31+2*I31)*(G31+H31)/1000000000*J31,0) | N31: =IF(AND(E31<>"",F31<>"",H31<>"",I31<>"",J31<>""),(E31+2*I31)*(F31+2*I31)*H31/1000000000*J31,0) | O31: =IF(AND(E31<>"",F31<>"",G31<>"",J31<>""),E31*F31*G31/1000000000*J31,0) | P31: =IF(M31>0,M31-N31-O31,0) | Q31: =IF(AND(K31<>"",L31<>"",E31<>"",F31<>"",J31<>""),VLOOKUP(K31,'1-專案資訊'!A25:I33,4,0)*((E31/1000/L31*1000*F31/1000)+(F31/1000/L31*1000*E31/1000))*1.2*J31,0) | R31: =IF(AND(E31<>"",F31<>"",G31<>"",J31<>""),2*(E31+F31)*G31/1000000*J31,0) | S31: =IF(OR(K31="#3 (D10)",K31="#4 (D13)",K31="#5 (D16)"),Q31,0) | T31: =IF(AND(K31<>"",K31<>"#3 (D10)",K31<>"#4 (D13)",K31<>"#5 (D16)"),Q31,0)
A32: 28 | M32: =IF(AND(E32<>"",F32<>"",G32<>"",H32<>"",I32<>"",J32<>""),(E32+2*I32)*(F32+2*I32)*(G32+H32)/1000000000*J32,0) | N32: =IF(AND(E32<>"",F32<>"",H32<>"",I32<>"",J32<>""),(E32+2*I32)*(F32+2*I32)*H32/1000000000*J32,0) | O32: =IF(AND(E32<>"",F32<>"",G32<>"",J32<>""),E32*F32*G32/1000000000*J32,0) | P32: =IF(M32>0,M32-N32-O32,0) | Q32: =IF(AND(K32<>"",L32<>"",E32<>"",F32<>"",J32<>""),VLOOKUP(K32,'1-專案資訊'!A25:I33,4,0)*((E32/1000/L32*1000*F32/1000)+(F32/1000/L32*1000*E32/1000))*1.2*J32,0) | R32: =IF(AND(E32<>"",F32<>"",G32<>"",J32<>""),2*(E32+F32)*G32/1000000*J32,0) | S32: =IF(OR(K32="#3 (D10)",K32="#4 (D13)",K32="#5 (D16)"),Q32,0) | T32: =IF(AND(K32<>"",K32<>"#3 (D10)",K32<>"#4 (D13)",K32<>"#5 (D16)"),Q32,0)
A33: 29 | M33: =IF(AND(E33<>"",F33<>"",G33<>"",H33<>"",I33<>"",J33<>""),(E33+2*I33)*(F33+2*I33)*(G33+H33)/1000000000*J33,0) | N33: =IF(AND(E33<>"",F33<>"",H33<>"",I33<>"",J33<>""),(E33+2*I33)*(F33+2*I33)*H33/1000000000*J33,0) | O33: =IF(AND(E33<>"",F33<>"",G33<>"",J33<>""),E33*F33*G33/1000000000*J33,0) | P33: =IF(M33>0,M33-N33-O33,0) | Q33: =IF(AND(K33<>"",L33<>"",E33<>"",F33<>"",J33<>""),VLOOKUP(K33,'1-專案資訊'!A25:I33,4,0)*((E33/1000/L33*1000*F33/1000)+(F33/1000/L33*1000*E33/1000))*1.2*J33,0) | R33: =IF(AND(E33<>"",F33<>"",G33<>"",J33<>""),2*(E33+F33)*G33/1000000*J33,0) | S33: =IF(OR(K33="#3 (D10)",K33="#4 (D13)",K33="#5 (D16)"),Q33,0) | T33: =IF(AND(K33<>"",K33<>"#3 (D10)",K33<>"#4 (D13)",K33<>"#5 (D16)"),Q33,0)
A34: 30 | M34: =IF(AND(E34<>"",F34<>"",G34<>"",H34<>"",I34<>"",J34<>""),(E34+2*I34)*(F34+2*I34)*(G34+H34)/1000000000*J34,0) | N34: =IF(AND(E34<>"",F34<>"",H34<>"",I34<>"",J34<>""),(E34+2*I34)*(F34+2*I34)*H34/1000000000*J34,0) | O34: =IF(AND(E34<>"",F34<>"",G34<>"",J34<>""),E34*F34*G34/1000000000*J34,0) | P34: =IF(M34>0,M34-N34-O34,0) | Q34: =IF(AND(K34<>"",L34<>"",E34<>"",F34<>"",J34<>""),VLOOKUP(K34,'1-專案資訊'!A25:I33,4,0)*((E34/1000/L34*1000*F34/1000)+(F34/1000/L34*1000*E34/1000))*1.2*J34,0) | R34: =IF(AND(E34<>"",F34<>"",G34<>"",J34<>""),2*(E34+F34)*G34/1000000*J34,0) | S34: =IF(OR(K34="#3 (D10)",K34="#4 (D13)",K34="#5 (D16)"),Q34,0) | T34: =IF(AND(K34<>"",K34<>"#3 (D10)",K34<>"#4 (D13)",K34<>"#5 (D16)"),Q34,0)
B35: 合計 | M35: =SUM(M5:M34) | N35: =SUM(N5:N34) | O35: =SUM(O5:O34) | P35: =SUM(P5:P34) | Q35: =SUM(Q5:Q34) | R35: =SUM(R5:R34) | S35: =SUM(S5:S34) | T35: =SUM(T5:T34)

Sheet 9-設備基礎
A1: 設備基礎 數量計算表
A2: 小型=設備重x3 / 大型=設備重x5且50%埋土下
A4: No | B4: 樓層 | C4: 設備名稱 | D4: ▼型式 | E4: ▼大小型 | F4: 設備重 (kg) | G4: L (mm) | H4: B (mm) | I4: D (mm) | J4: 工作寬 (mm) | K4: 數量 | L4: PC厚 (mm) | M4: 開挖 (m3) | N4: PC (m3) | O4: 混凝土 (m3) | P4: 基礎重 (kg) | Q4: 需求重 (kg) | R4: 檢核 | S4: 鋼筋 (kg) | T4: 鋼絲網 (kg) | U4: 回填 (m3) | V4: 模板 (m2) | W4: 粉光 (m2) | X4: SD280 (kg) | Y4: SD420 (kg)
A5: 1 | M5: =IF(AND(E5<>"",G5<>"",H5<>"",I5<>"",J5<>"",K5<>"",L5<>""),IF(E5="大型",(G5+2*J5)*(H5+2*J5)*(I5*0.5+L5)/1000000000*K5,(G5+2*J5)*(H5+2*J5)*(I5+L5)/1000000000*K5),0) | N5: =IF(AND(G5<>"",H5<>"",J5<>"",K5<>"",L5<>""),(G5+2*J5)*(H5+2*J5)*L5/1000000000*K5,0) | O5: =IF(AND(G5<>"",H5<>"",I5<>"",K5<>""),G5*H5*I5/1000000000*K5,0) | P5: =IF(O5>0,O5*2400,0) | Q5: =IF(AND(E5<>"",F5<>""),IF(E5="大型",F5*5,F5*3),0) | R5: =IF(AND(P5>0,Q5>0),IF(P5>=Q5,"OK","NG"),"") | S5: =IF(O5>0,O5*80,0) | T5: =IF(AND(G5<>"",H5<>"",I5<>"",K5<>""),1.65*(G5*H5/1000000+2*(G5+H5)*I5/1000000)*K5,0) | U5: =IF(M5>0,M5-N5-O5,0) | V5: =IF(AND(G5<>"",H5<>"",I5<>"",K5<>""),2*(G5+H5)*I5/1000000*K5,0) | W5: =IF(AND(G5<>"",H5<>"",K5<>""),G5*H5/1000000*K5,0) | X5: =0 | Y5: =S5
A6: 2 | M6: =IF(AND(E6<>"",G6<>"",H6<>"",I6<>"",J6<>"",K6<>"",L6<>""),IF(E6="大型",(G6+2*J6)*(H6+2*J6)*(I6*0.5+L6)/1000000000*K6,(G6+2*J6)*(H6+2*J6)*(I6+L6)/1000000000*K6),0) | N6: =IF(AND(G6<>"",H6<>"",J6<>"",K6<>"",L6<>""),(G6+2*J6)*(H6+2*J6)*L6/1000000000*K6,0) | O6: =IF(AND(G6<>"",H6<>"",I6<>"",K6<>""),G6*H6*I6/1000000000*K6,0) | P6: =IF(O6>0,O6*2400,0) | Q6: =IF(AND(E6<>"",F6<>""),IF(E6="大型",F6*5,F6*3),0) | R6: =IF(AND(P6>0,Q6>0),IF(P6>=Q6,"OK","NG"),"") | S6: =IF(O6>0,O6*80,0) | T6: =IF(AND(G6<>"",H6<>"",I6<>"",K6<>""),1.65*(G6*H6/1000000+2*(G6+H6)*I6/1000000)*K6,0) | U6: =IF(M6>0,M6-N6-O6,0) | V6: =IF(AND(G6<>"",H6<>"",I6<>"",K6<>""),2*(G6+H6)*I6/1000000*K6,0) | W6: =IF(AND(G6<>"",H6<>"",K6<>""),G6*H6/1000000*K6,0) | X6: =0 | Y6: =S6
A7: 3 | M7: =IF(AND(E7<>"",G7<>"",H7<>"",I7<>"",J7<>"",K7<>"",L7<>""),IF(E7="大型",(G7+2*J7)*(H7+2*J7)*(I7*0.5+L7)/1000000000*K7,(G7+2*J7)*(H7+2*J7)*(I7+L7)/1000000000*K7),0) | N7: =IF(AND(G7<>"",H7<>"",J7<>"",K7<>"",L7<>""),(G7+2*J7)*(H7+2*J7)*L7/1000000000*K7,0) | O7: =IF(AND(G7<>"",H7<>"",I7<>"",K7<>""),G7*H7*I7/1000000000*K7,0) | P7: =IF(O7>0,O7*2400,0) | Q7: =IF(AND(E7<>"",F7<>""),IF(E7="大型",F7*5,F7*3),0) | R7: =IF(AND(P7>0,Q7>0),IF(P7>=Q7,"OK","NG"),"") | S7: =IF(O7>0,O7*80,0) | T7: =IF(AND(G7<>"",H7<>"",I7<>"",K7<>""),1.65*(G7*H7/1000000+2*(G7+H7)*I7/1000000)*K7,0) | U7: =IF(M7>0,M7-N7-O7,0) | V7: =IF(AND(G7<>"",H7<>"",I7<>"",K7<>""),2*(G7+H7)*I7/1000000*K7,0) | W7: =IF(AND(G7<>"",H7<>"",K7<>""),G7*H7/1000000*K7,0) | X7: =0 | Y7: =S7
A8: 4 | M8: =IF(AND(E8<>"",G8<>"",H8<>"",I8<>"",J8<>"",K8<>"",L8<>""),IF(E8="大型",(G8+2*J8)*(H8+2*J8)*(I8*0.5+L8)/1000000000*K8,(G8+2*J8)*(H8+2*J8)*(I8+L8)/1000000000*K8),0) | N8: =IF(AND(G8<>"",H8<>"",J8<>"",K8<>"",L8<>""),(G8+2*J8)*(H8+2*J8)*L8/1000000000*K8,0) | O8: =IF(AND(G8<>"",H8<>"",I8<>"",K8<>""),G8*H8*I8/1000000000*K8,0) | P8: =IF(O8>0,O8*2400,0) | Q8: =IF(AND(E8<>"",F8<>""),IF(E8="大型",F8*5,F8*3),0) | R8: =IF(AND(P8>0,Q8>0),IF(P8>=Q8,"OK","NG"),"") | S8: =IF(O8>0,O8*80,0) | T8: =IF(AND(G8<>"",H8<>"",I8<>"",K8<>""),1.65*(G8*H8/1000000+2*(G8+H8)*I8/1000000)*K8,0) | U8: =IF(M8>0,M8-N8-O8,0) | V8: =IF(AND(G8<>"",H8<>"",I8<>"",K8<>""),2*(G8+H8)*I8/1000000*K8,0) | W8: =IF(AND(G8<>"",H8<>"",K8<>""),G8*H8/1000000*K8,0) | X8: =0 | Y8: =S8
A9: 5 | M9: =IF(AND(E9<>"",G9<>"",H9<>"",I9<>"",J9<>"",K9<>"",L9<>""),IF(E9="大型",(G9+2*J9)*(H9+2*J9)*(I9*0.5+L9)/1000000000*K9,(G9+2*J9)*(H9+2*J9)*(I9+L9)/1000000000*K9),0) | N9: =IF(AND(G9<>"",H9<>"",J9<>"",K9<>"",L9<>""),(G9+2*J9)*(H9+2*J9)*L9/1000000000*K9,0) | O9: =IF(AND(G9<>"",H9<>"",I9<>"",K9<>""),G9*H9*I9/1000000000*K9,0) | P9: =IF(O9>0,O9*2400,0) | Q9: =IF(AND(E9<>"",F9<>""),IF(E9="大型",F9*5,F9*3),0) | R9: =IF(AND(P9>0,Q9>0),IF(P9>=Q9,"OK","NG"),"") | S9: =IF(O9>0,O9*80,0) | T9: =IF(AND(G9<>"",H9<>"",I9<>"",K9<>""),1.65*(G9*H9/1000000+2*(G9+H9)*I9/1000000)*K9,0) | U9: =IF(M9>0,M9-N9-O9,0) | V9: =IF(AND(G9<>"",H9<>"",I9<>"",K9<>""),2*(G9+H9)*I9/1000000*K9,0) | W9: =IF(AND(G9<>"",H9<>"",K9<>""),G9*H9/1000000*K9,0) | X9: =0 | Y9: =S9
A10: 6 | M10: =IF(AND(E10<>"",G10<>"",H10<>"",I10<>"",J10<>"",K10<>"",L10<>""),IF(E10="大型",(G10+2*J10)*(H10+2*J10)*(I10*0.5+L10)/1000000000*K10,(G10+2*J10)*(H10+2*J10)*(I10+L10)/1000000000*K10),0) | N10: =IF(AND(G10<>"",H10<>"",J10<>"",K10<>"",L10<>""),(G10+2*J10)*(H10+2*J10)*L10/1000000000*K10,0) | O10: =IF(AND(G10<>"",H10<>"",I10<>"",K10<>""),G10*H10*I10/1000000000*K10,0) | P10: =IF(O10>0,O10*2400,0) | Q10: =IF(AND(E10<>"",F10<>""),IF(E10="大型",F10*5,F10*3),0) | R10: =IF(AND(P10>0,Q10>0),IF(P10>=Q10,"OK","NG"),"") | S10: =IF(O10>0,O10*80,0) | T10: =IF(AND(G10<>"",H10<>"",I10<>"",K10<>""),1.65*(G10*H10/1000000+2*(G10+H10)*I10/1000000)*K10,0) | U10: =IF(M10>0,M10-N10-O10,0) | V10: =IF(AND(G10<>"",H10<>"",I10<>"",K10<>""),2*(G10+H10)*I10/1000000*K10,0) | W10: =IF(AND(G10<>"",H10<>"",K10<>""),G10*H10/1000000*K10,0) | X10: =0 | Y10: =S10
A11: 7 | M11: =IF(AND(E11<>"",G11<>"",H11<>"",I11<>"",J11<>"",K11<>"",L11<>""),IF(E11="大型",(G11+2*J11)*(H11+2*J11)*(I11*0.5+L11)/1000000000*K11,(G11+2*J11)*(H11+2*J11)*(I11+L11)/1000000000*K11),0) | N11: =IF(AND(G11<>"",H11<>"",J11<>"",K11<>"",L11<>""),(G11+2*J11)*(H11+2*J11)*L11/1000000000*K11,0) | O11: =IF(AND(G11<>"",H11<>"",I11<>"",K11<>""),G11*H11*I11/1000000000*K11,0) | P11: =IF(O11>0,O11*2400,0) | Q11: =IF(AND(E11<>"",F11<>""),IF(E11="大型",F11*5,F11*3),0) | R11: =IF(AND(P11>0,Q11>0),IF(P11>=Q11,"OK","NG"),"") | S11: =IF(O11>0,O11*80,0) | T11: =IF(AND(G11<>"",H11<>"",I11<>"",K11<>""),1.65*(G11*H11/1000000+2*(G11+H11)*I11/1000000)*K11,0) | U11: =IF(M11>0,M11-N11-O11,0) | V11: =IF(AND(G11<>"",H11<>"",I11<>"",K11<>""),2*(G11+H11)*I11/1000000*K11,0) | W11: =IF(AND(G11<>"",H11<>"",K11<>""),G11*H11/1000000*K11,0) | X11: =0 | Y11: =S11
A12: 8 | M12: =IF(AND(E12<>"",G12<>"",H12<>"",I12<>"",J12<>"",K12<>"",L12<>""),IF(E12="大型",(G12+2*J12)*(H12+2*J12)*(I12*0.5+L12)/1000000000*K12,(G12+2*J12)*(H12+2*J12)*(I12+L12)/1000000000*K12),0) | N12: =IF(AND(G12<>"",H12<>"",J12<>"",K12<>"",L12<>""),(G12+2*J12)*(H12+2*J12)*L12/1000000000*K12,0) | O12: =IF(AND(G12<>"",H12<>"",I12<>"",K12<>""),G12*H12*I12/1000000000*K12,0) | P12: =IF(O12>0,O12*2400,0) | Q12: =IF(AND(E12<>"",F12<>""),IF(E12="大型",F12*5,F12*3),0) | R12: =IF(AND(P12>0,Q12>0),IF(P12>=Q12,"OK","NG"),"") | S12: =IF(O12>0,O12*80,0) | T12: =IF(AND(G12<>"",H12<>"",I12<>"",K12<>""),1.65*(G12*H12/1000000+2*(G12+H12)*I12/1000000)*K12,0) | U12: =IF(M12>0,M12-N12-O12,0) | V12: =IF(AND(G12<>"",H12<>"",I12<>"",K12<>""),2*(G12+H12)*I12/1000000*K12,0) | W12: =IF(AND(G12<>"",H12<>"",K12<>""),G12*H12/1000000*K12,0) | X12: =0 | Y12: =S12
A13: 9 | M13: =IF(AND(E13<>"",G13<>"",H13<>"",I13<>"",J13<>"",K13<>"",L13<>""),IF(E13="大型",(G13+2*J13)*(H13+2*J13)*(I13*0.5+L13)/1000000000*K13,(G13+2*J13)*(H13+2*J13)*(I13+L13)/1000000000*K13),0) | N13: =IF(AND(G13<>"",H13<>"",J13<>"",K13<>"",L13<>""),(G13+2*J13)*(H13+2*J13)*L13/1000000000*K13,0) | O13: =IF(AND(G13<>"",H13<>"",I13<>"",K13<>""),G13*H13*I13/1000000000*K13,0) | P13: =IF(O13>0,O13*2400,0) | Q13: =IF(AND(E13<>"",F13<>""),IF(E13="大型",F13*5,F13*3),0) | R13: =IF(AND(P13>0,Q13>0),IF(P13>=Q13,"OK","NG"),"") | S13: =IF(O13>0,O13*80,0) | T13: =IF(AND(G13<>"",H13<>"",I13<>"",K13<>""),1.65*(G13*H13/1000000+2*(G13+H13)*I13/1000000)*K13,0) | U13: =IF(M13>0,M13-N13-O13,0) | V13: =IF(AND(G13<>"",H13<>"",I13<>"",K13<>""),2*(G13+H13)*I13/1000000*K13,0) | W13: =IF(AND(G13<>"",H13<>"",K13<>""),G13*H13/1000000*K13,0) | X13: =0 | Y13: =S13
A14: 10 | M14: =IF(AND(E14<>"",G14<>"",H14<>"",I14<>"",J14<>"",K14<>"",L14<>""),IF(E14="大型",(G14+2*J14)*(H14+2*J14)*(I14*0.5+L14)/1000000000*K14,(G14+2*J14)*(H14+2*J14)*(I14+L14)/1000000000*K14),0) | N14: =IF(AND(G14<>"",H14<>"",J14<>"",K14<>"",L14<>""),(G14+2*J14)*(H14+2*J14)*L14/1000000000*K14,0) | O14: =IF(AND(G14<>"",H14<>"",I14<>"",K14<>""),G14*H14*I14/1000000000*K14,0) | P14: =IF(O14>0,O14*2400,0) | Q14: =IF(AND(E14<>"",F14<>""),IF(E14="大型",F14*5,F14*3),0) | R14: =IF(AND(P14>0,Q14>0),IF(P14>=Q14,"OK","NG"),"") | S14: =IF(O14>0,O14*80,0) | T14: =IF(AND(G14<>"",H14<>"",I14<>"",K14<>""),1.65*(G14*H14/1000000+2*(G14+H14)*I14/1000000)*K14,0) | U14: =IF(M14>0,M14-N14-O14,0) | V14: =IF(AND(G14<>"",H14<>"",I14<>"",K14<>""),2*(G14+H14)*I14/1000000*K14,0) | W14: =IF(AND(G14<>"",H14<>"",K14<>""),G14*H14/1000000*K14,0) | X14: =0 | Y14: =S14
A15: 11 | M15: =IF(AND(E15<>"",G15<>"",H15<>"",I15<>"",J15<>"",K15<>"",L15<>""),IF(E15="大型",(G15+2*J15)*(H15+2*J15)*(I15*0.5+L15)/1000000000*K15,(G15+2*J15)*(H15+2*J15)*(I15+L15)/1000000000*K15),0) | N15: =IF(AND(G15<>"",H15<>"",J15<>"",K15<>"",L15<>""),(G15+2*J15)*(H15+2*J15)*L15/1000000000*K15,0) | O15: =IF(AND(G15<>"",H15<>"",I15<>"",K15<>""),G15*H15*I15/1000000000*K15,0) | P15: =IF(O15>0,O15*2400,0) | Q15: =IF(AND(E15<>"",F15<>""),IF(E15="大型",F15*5,F15*3),0) | R15: =IF(AND(P15>0,Q15>0),IF(P15>=Q15,"OK","NG"),"") | S15: =IF(O15>0,O15*80,0) | T15: =IF(AND(G15<>"",H15<>"",I15<>"",K15<>""),1.65*(G15*H15/1000000+2*(G15+H15)*I15/1000000)*K15,0) | U15: =IF(M15>0,M15-N15-O15,0) | V15: =IF(AND(G15<>"",H15<>"",I15<>"",K15<>""),2*(G15+H15)*I15/1000000*K15,0) | W15: =IF(AND(G15<>"",H15<>"",K15<>""),G15*H15/1000000*K15,0) | X15: =0 | Y15: =S15
A16: 12 | M16: =IF(AND(E16<>"",G16<>"",H16<>"",I16<>"",J16<>"",K16<>"",L16<>""),IF(E16="大型",(G16+2*J16)*(H16+2*J16)*(I16*0.5+L16)/1000000000*K16,(G16+2*J16)*(H16+2*J16)*(I16+L16)/1000000000*K16),0) | N16: =IF(AND(G16<>"",H16<>"",J16<>"",K16<>"",L16<>""),(G16+2*J16)*(H16+2*J16)*L16/1000000000*K16,0) | O16: =IF(AND(G16<>"",H16<>"",I16<>"",K16<>""),G16*H16*I16/1000000000*K16,0) | P16: =IF(O16>0,O16*2400,0) | Q16: =IF(AND(E16<>"",F16<>""),IF(E16="大型",F16*5,F16*3),0) | R16: =IF(AND(P16>0,Q16>0),IF(P16>=Q16,"OK","NG"),"") | S16: =IF(O16>0,O16*80,0) | T16: =IF(AND(G16<>"",H16<>"",I16<>"",K16<>""),1.65*(G16*H16/1000000+2*(G16+H16)*I16/1000000)*K16,0) | U16: =IF(M16>0,M16-N16-O16,0) | V16: =IF(AND(G16<>"",H16<>"",I16<>"",K16<>""),2*(G16+H16)*I16/1000000*K16,0) | W16: =IF(AND(G16<>"",H16<>"",K16<>""),G16*H16/1000000*K16,0) | X16: =0 | Y16: =S16
... A34: 30 | M34: =IF(AND(E34<>"",G34<>"",H34<>"",I34<>"",J34<>"",K34<>"",L34<>""),IF(E34="大型",(G34+2*J34)*(H34+2*J34)*(I34*0.5+L34)/1000000000*K34,(G34+2*J34)*(H34+2*J34)*(I34+L34)/1000000000*K34),0) | N34: =IF(AND(G34<>"",H34<>"",J34<>"",K34<>"",L34<>""),(G34+2*J34)*(H34+2*J34)*L34/1000000000*K34,0) | O34: =IF(AND(G34<>"",H34<>"",I34<>"",K34<>""),G34*H34*I34/1000000000*K34,0) | P34: =IF(O34>0,O34*2400,0) | Q34: =IF(AND(E34<>"",F34<>""),IF(E34="大型",F34*5,F34*3),0) | R34: =IF(AND(P34>0,Q34>0),IF(P34>=Q34,"OK","NG"),"") | S34: =IF(O34>0,O34*80,0) | T34: =IF(AND(G34<>"",H34<>"",I34<>"",K34<>""),1.65*(G34*H34/1000000+2*(G34+H34)*I34/1000000)*K34,0) | U34: =IF(M34>0,M34-N34-O34,0) | V34: =IF(AND(G34<>"",H34<>"",I34<>"",K34<>""),2*(G34+H34)*I34/1000000*K34,0) | W34: =IF(AND(G34<>"",H34<>"",K34<>""),G34*H34/1000000*K34,0) | X34: =0 | Y34: =S34
K35: 合計 | M35: =SUM(M5:M34) | N35: =SUM(N5:N34) | O35: =SUM(O5:O34) | P35: =SUM(P5:P34) | Q35: =SUM(Q5:Q34) | S35: =SUM(S5:S34) | T35: =SUM(T5:T34) | U35: =SUM(U5:U34) | V35: =SUM(V5:V34) | W35: =SUM(W5:W34) | X35: =SUM(X5:X34) | Y35: =SUM(Y5:Y34)

Sheet 10-樓梯
A1: 樓梯 數量計算表
A2: 梯段+平台合併填寫。斜長自動計算。含粉光(踏面+立面)。
A3: 預設鋼筋長度 (m): | B3: 6
A4: No | B4: 樓層 | C4: 樓梯編號 | D4: ▼型式 | E4: 梯寬 (mm) | F4: 級數 | G4: 級高 (mm) | H4: 級深 (mm) | I4: 板厚 (mm) | J4: 數量 | K4: ▼主筋 | L4: 間距 (mm) | M4: 斜長 (m) | N4: 混凝土 (m3) | O4: 主筋重 (kg) | P4: 分佈筋 (kg) | Q4: 模板 (m2) | R4: 粉光 (m2) | S4: SD280 (kg) | T4: SD420 (kg)
A5: 1 | M5: =IF(AND(F5<>"",G5<>"",H5<>""),SQRT((F5*G5)^2+(F5*H5)^2)/1000,0) | N5: =IF(AND(M5>0,E5<>"",I5<>"",J5<>""),(M5*E5/1000*I5/1000+F5*G5*H5*E5/2/1000000000)*J5,0) | O5: =IF(AND(K5<>"",L5<>"",M5>0,E5<>"",J5<>""),VLOOKUP(K5,'1-專案資訊'!A25:I33,4,0)*(M5+2*VLOOKUP(K5,'1-專案資訊'!A25:I33,8,0)/100)*(E5/L5)*J5,0) | P5: =IF(AND(M5>0,E5<>"",J5<>""),0.56/0.2*M5*(E5/1000)*J5,0) | Q5: =IF(AND(M5>0,E5<>"",J5<>""),M5*E5/1000*J5,0) | R5: =IF(AND(F5<>"",G5<>"",H5<>"",E5<>"",J5<>""),F5*(H5+G5)*E5/1000000*J5,0) | S5: =IF(OR(K5="#3 (D10)",K5="#4 (D13)",K5="#5 (D16)"),O5+P5,0) | T5: =IF(AND(K5<>"",K5<>"#3 (D10)",K5<>"#4 (D13)",K5<>"#5 (D16)"),O5+P5,0)
A6: 2 | M6: =IF(AND(F6<>"",G6<>"",H6<>""),SQRT((F6*G6)^2+(F6*H6)^2)/1000,0) | N6: =IF(AND(M6>0,E6<>"",I6<>"",J6<>""),(M6*E6/1000*I6/1000+F6*G6*H6*E6/2/1000000000)*J6,0) | O6: =IF(AND(K6<>"",L6<>"",M6>0,E6<>"",J6<>""),VLOOKUP(K6,'1-專案資訊'!A25:I33,4,0)*(M6+2*VLOOKUP(K6,'1-專案資訊'!A25:I33,8,0)/100)*(E6/L6)*J6,0) | P6: =IF(AND(M6>0,E6<>"",J6<>""),0.56/0.2*M6*(E6/1000)*J6,0) | Q6: =IF(AND(M6>0,E6<>"",J6<>""),M6*E6/1000*J6,0) | R6: =IF(AND(F6<>"",G6<>"",H6<>"",E6<>"",J6<>""),F6*(H6+G6)*E6/1000000*J6,0) | S6: =IF(OR(K6="#3 (D10)",K6="#4 (D13)",K6="#5 (D16)"),O6+P6,0) | T6: =IF(AND(K6<>"",K6<>"#3 (D10)",K6<>"#4 (D13)",K6<>"#5 (D16)"),O6+P6,0)
A7: 3 | M7: =IF(AND(F7<>"",G7<>"",H7<>""),SQRT((F7*G7)^2+(F7*H7)^2)/1000,0) | N7: =IF(AND(M7>0,E7<>"",I7<>"",J7<>""),(M7*E7/1000*I7/1000+F7*G7*H7*E7/2/1000000000)*J7,0) | O7: =IF(AND(K7<>"",L7<>"",M7>0,E7<>"",J7<>""),VLOOKUP(K7,'1-專案資訊'!A25:I33,4,0)*(M7+2*VLOOKUP(K7,'1-專案資訊'!A25:I33,8,0)/100)*(E7/L7)*J7,0) | P7: =IF(AND(M7>0,E7<>"",J7<>""),0.56/0.2*M7*(E7/1000)*J7,0) | Q7: =IF(AND(M7>0,E7<>"",J7<>""),M7*E7/1000*J7,0) | R7: =IF(AND(F7<>"",G7<>"",H7<>"",E7<>"",J7<>""),F7*(H7+G7)*E7/1000000*J7,0) | S7: =IF(OR(K7="#3 (D10)",K7="#4 (D13)",K7="#5 (D16)"),O7+P7,0) | T7: =IF(AND(K7<>"",K7<>"#3 (D10)",K7<>"#4 (D13)",K7<>"#5 (D16)"),O7+P7,0)
A8: 4 | M8: =IF(AND(F8<>"",G8<>"",H8<>""),SQRT((F8*G8)^2+(F8*H8)^2)/1000,0) | N8: =IF(AND(M8>0,E8<>"",I8<>"",J8<>""),(M8*E8/1000*I8/1000+F8*G8*H8*E8/2/1000000000)*J8,0) | O8: =IF(AND(K8<>"",L8<>"",M8>0,E8<>"",J8<>""),VLOOKUP(K8,'1-專案資訊'!A25:I33,4,0)*(M8+2*VLOOKUP(K8,'1-專案資訊'!A25:I33,8,0)/100)*(E8/L8)*J8,0) | P8: =IF(AND(M8>0,E8<>"",J8<>""),0.56/0.2*M8*(E8/1000)*J8,0) | Q8: =IF(AND(M8>0,E8<>"",J8<>""),M8*E8/1000*J8,0) | R8: =IF(AND(F8<>"",G8<>"",H8<>"",E8<>"",J8<>""),F8*(H8+G8)*E8/1000000*J8,0) | S8: =IF(OR(K8="#3 (D10)",K8="#4 (D13)",K8="#5 (D16)"),O8+P8,0) | T8: =IF(AND(K8<>"",K8<>"#3 (D10)",K8<>"#4 (D13)",K8<>"#5 (D16)"),O8+P8,0)
A9: 5 | M9: =IF(AND(F9<>"",G9<>"",H9<>""),SQRT((F9*G9)^2+(F9*H9)^2)/1000,0) | N9: =IF(AND(M9>0,E9<>"",I9<>"",J9<>""),(M9*E9/1000*I9/1000+F9*G9*H9*E9/2/1000000000)*J9,0) | O9: =IF(AND(K9<>"",L9<>"",M9>0,E9<>"",J9<>""),VLOOKUP(K9,'1-專案資訊'!A25:I33,4,0)*(M9+2*VLOOKUP(K9,'1-專案資訊'!A25:I33,8,0)/100)*(E9/L9)*J9,0) | P9: =IF(AND(M9>0,E9<>"",J9<>""),0.56/0.2*M9*(E9/1000)*J9,0) | Q9: =IF(AND(M9>0,E9<>"",J9<>""),M9*E9/1000*J9,0) | R9: =IF(AND(F9<>"",G9<>"",H9<>"",E9<>"",J9<>""),F9*(H9+G9)*E9/1000000*J9,0) | S9: =IF(OR(K9="#3 (D10)",K9="#4 (D13)",K9="#5 (D16)"),O9+P9,0) | T9: =IF(AND(K9<>"",K9<>"#3 (D10)",K9<>"#4 (D13)",K9<>"#5 (D16)"),O9+P9,0)
A10: 6 | M10: =IF(AND(F10<>"",G10<>"",H10<>""),SQRT((F10*G10)^2+(F10*H10)^2)/1000,0) | N10: =IF(AND(M10>0,E10<>"",I10<>"",J10<>""),(M10*E10/1000*I10/1000+F10*G10*H10*E10/2/1000000000)*J10,0) | O10: =IF(AND(K10<>"",L10<>"",M10>0,E10<>"",J10<>""),VLOOKUP(K10,'1-專案資訊'!A25:I33,4,0)*(M10+2*VLOOKUP(K10,'1-專案資訊'!A25:I33,8,0)/100)*(E10/L10)*J10,0) | P10: =IF(AND(M10>0,E10<>"",J10<>""),0.56/0.2*M10*(E10/1000)*J10,0) | Q10: =IF(AND(M10>0,E10<>"",J10<>""),M10*E10/1000*J10,0) | R10: =IF(AND(F10<>"",G10<>"",H10<>"",E10<>"",J10<>""),F10*(H10+G10)*E10/1000000*J10,0) | S10: =IF(OR(K10="#3 (D10)",K10="#4 (D13)",K10="#5 (D16)"),O10+P10,0) | T10: =IF(AND(K10<>"",K10<>"#3 (D10)",K10<>"#4 (D13)",K10<>"#5 (D16)"),O10+P10,0)
A11: 7 | M11: =IF(AND(F11<>"",G11<>"",H11<>""),SQRT((F11*G11)^2+(F11*H11)^2)/1000,0) | N11: =IF(AND(M11>0,E11<>"",I11<>"",J11<>""),(M11*E11/1000*I11/1000+F11*G11*H11*E11/2/1000000000)*J11,0) | O11: =IF(AND(K11<>"",L11<>"",M11>0,E11<>"",J11<>""),VLOOKUP(K11,'1-專案資訊'!A25:I33,4,0)*(M11+2*VLOOKUP(K11,'1-專案資訊'!A25:I33,8,0)/100)*(E11/L11)*J11,0) | P11: =IF(AND(M11>0,E11<>"",J11<>""),0.56/0.2*M11*(E11/1000)*J11,0) | Q11: =IF(AND(M11>0,E11<>"",J11<>""),M11*E11/1000*J11,0) | R11: =IF(AND(F11<>"",G11<>"",H11<>"",E11<>"",J11<>""),F11*(H11+G11)*E11/1000000*J11,0) | S11: =IF(OR(K11="#3 (D10)",K11="#4 (D13)",K11="#5 (D16)"),O11+P11,0) | T11: =IF(AND(K11<>"",K11<>"#3 (D10)",K11<>"#4 (D13)",K11<>"#5 (D16)"),O11+P11,0)
A12: 8 | M12: =IF(AND(F12<>"",G12<>"",H12<>""),SQRT((F12*G12)^2+(F12*H12)^2)/1000,0) | N12: =IF(AND(M12>0,E12<>"",I12<>"",J12<>""),(M12*E12/1000*I12/1000+F12*G12*H12*E12/2/1000000000)*J12,0) | O12: =IF(AND(K12<>"",L12<>"",M12>0,E12<>"",J12<>""),VLOOKUP(K12,'1-專案資訊'!A25:I33,4,0)*(M12+2*VLOOKUP(K12,'1-專案資訊'!A25:I33,8,0)/100)*(E12/L12)*J12,0) | P12: =IF(AND(M12>0,E12<>"",J12<>""),0.56/0.2*M12*(E12/1000)*J12,0) | Q12: =IF(AND(M12>0,E12<>"",J12<>""),M12*E12/1000*J12,0) | R12: =IF(AND(F12<>"",G12<>"",H12<>"",E12<>"",J12<>""),F12*(H12+G12)*E12/1000000*J12,0) | S12: =IF(OR(K12="#3 (D10)",K12="#4 (D13)",K12="#5 (D16)"),O12+P12,0) | T12: =IF(AND(K12<>"",K12<>"#3 (D10)",K12<>"#4 (D13)",K12<>"#5 (D16)"),O12+P12,0)
A13: 9 | M13: =IF(AND(F13<>"",G13<>"",H13<>""),SQRT((F13*G13)^2+(F13*H13)^2)/1000,0) | N13: =IF(AND(M13>0,E13<>"",I13<>"",J13<>""),(M13*E13/1000*I13/1000+F13*G13*H13*E13/2/1000000000)*J13,0) | O13: =IF(AND(K13<>"",L13<>"",M13>0,E13<>"",J13<>""),VLOOKUP(K13,'1-專案資訊'!A25:I33,4,0)*(M13+2*VLOOKUP(K13,'1-專案資訊'!A25:I33,8,0)/100)*(E13/L13)*J13,0) | P13: =IF(AND(M13>0,E13<>"",J13<>""),0.56/0.2*M13*(E13/1000)*J13,0) | Q13: =IF(AND(M13>0,E13<>"",J13<>""),M13*E13/1000*J13,0) | R13: =IF(AND(F13<>"",G13<>"",H13<>"",E13<>"",J13<>""),F13*(H13+G13)*E13/1000000*J13,0) | S13: =IF(OR(K13="#3 (D10)",K13="#4 (D13)",K13="#5 (D16)"),O13+P13,0) | T13: =IF(AND(K13<>"",K13<>"#3 (D10)",K13<>"#4 (D13)",K13<>"#5 (D16)"),O13+P13,0)
A14: 10 | M14: =IF(AND(F14<>"",G14<>"",H14<>""),SQRT((F14*G14)^2+(F14*H14)^2)/1000,0) | N14: =IF(AND(M14>0,E14<>"",I14<>"",J14<>""),(M14*E14/1000*I14/1000+F14*G14*H14*E14/2/1000000000)*J14,0) | O14: =IF(AND(K14<>"",L14<>"",M14>0,E14<>"",J14<>""),VLOOKUP(K14,'1-專案資訊'!A25:I33,4,0)*(M14+2*VLOOKUP(K14,'1-專案資訊'!A25:I33,8,0)/100)*(E14/L14)*J14,0) | P14: =IF(AND(M14>0,E14<>"",J14<>""),0.56/0.2*M14*(E14/1000)*J14,0) | Q14: =IF(AND(M14>0,E14<>"",J14<>""),M14*E14/1000*J14,0) | R14: =IF(AND(F14<>"",G14<>"",H14<>"",E14<>"",J14<>""),F14*(H14+G14)*E14/1000000*J14,0) | S14: =IF(OR(K14="#3 (D10)",K14="#4 (D13)",K14="#5 (D16)"),O14+P14,0) | T14: =IF(AND(K14<>"",K14<>"#3 (D10)",K14<>"#4 (D13)",K14<>"#5 (D16)"),O14+P14,0)
A15: 11 | M15: =IF(AND(F15<>"",G15<>"",H15<>""),SQRT((F15*G15)^2+(F15*H15)^2)/1000,0) | N15: =IF(AND(M15>0,E15<>"",I15<>"",J15<>""),(M15*E15/1000*I15/1000+F15*G15*H15*E15/2/1000000000)*J15,0) | O15: =IF(AND(K15<>"",L15<>"",M15>0,E15<>"",J15<>""),VLOOKUP(K15,'1-專案資訊'!A25:I33,4,0)*(M15+2*VLOOKUP(K15,'1-專案資訊'!A25:I33,8,0)/100)*(E15/L15)*J15,0) | P15: =IF(AND(M15>0,E15<>"",J15<>""),0.56/0.2*M15*(E15/1000)*J15,0) | Q15: =IF(AND(M15>0,E15<>"",J15<>""),M15*E15/1000*J15,0) | R15: =IF(AND(F15<>"",G15<>"",H15<>"",E15<>"",J15<>""),F15*(H15+G15)*E15/1000000*J15,0) | S15: =IF(OR(K15="#3 (D10)",K15="#4 (D13)",K15="#5 (D16)"),O15+P15,0) | T15: =IF(AND(K15<>"",K15<>"#3 (D10)",K15<>"#4 (D13)",K15<>"#5 (D16)"),O15+P15,0)
A16: 12 | M16: =IF(AND(F16<>"",G16<>"",H16<>""),SQRT((F16*G16)^2+(F16*H16)^2)/1000,0) | N16: =IF(AND(M16>0,E16<>"",I16<>"",J16<>""),(M16*E16/1000*I16/1000+F16*G16*H16*E16/2/1000000000)*J16,0) | O16: =IF(AND(K16<>"",L16<>"",M16>0,E16<>"",J16<>""),VLOOKUP(K16,'1-專案資訊'!A25:I33,4,0)*(M16+2*VLOOKUP(K16,'1-專案資訊'!A25:I33,8,0)/100)*(E16/L16)*J16,0) | P16: =IF(AND(M16>0,E16<>"",J16<>""),0.56/0.2*M16*(E16/1000)*J16,0) | Q16: =IF(AND(M16>0,E16<>"",J16<>""),M16*E16/1000*J16,0) | R16: =IF(AND(F16<>"",G16<>"",H16<>"",E16<>"",J16<>""),F16*(H16+G16)*E16/1000000*J16,0) | S16: =IF(OR(K16="#3 (D10)",K16="#4 (D13)",K16="#5 (D16)"),O16+P16,0) | T16: =IF(AND(K16<>"",K16<>"#3 (D10)",K16<>"#4 (D13)",K16<>"#5 (D16)"),O16+P16,0)
A17: 13 | M17: =IF(AND(F17<>"",G17<>"",H17<>""),SQRT((F17*G17)^2+(F17*H17)^2)/1000,0) | N17: =IF(AND(M17>0,E17<>"",I17<>"",J17<>""),(M17*E17/1000*I17/1000+F17*G17*H17*E17/2/1000000000)*J17,0) | O17: =IF(AND(K17<>"",L17<>"",M17>0,E17<>"",J17<>""),VLOOKUP(K17,'1-專案資訊'!A25:I33,4,0)*(M17+2*VLOOKUP(K17,'1-專案資訊'!A25:I33,8,0)/100)*(E17/L17)*J17,0) | P17: =IF(AND(M17>0,E17<>"",J17<>""),0.56/0.2*M17*(E17/1000)*J17,0) | Q17: =IF(AND(M17>0,E17<>"",J17<>""),M17*E17/1000*J17,0) | R17: =IF(AND(F17<>"",G17<>"",H17<>"",E17<>"",J17<>""),F17*(H17+G17)*E17/1000000*J17,0) | S17: =IF(OR(K17="#3 (D10)",K17="#4 (D13)",K17="#5 (D16)"),O17+P17,0) | T17: =IF(AND(K17<>"",K17<>"#3 (D10)",K17<>"#4 (D13)",K17<>"#5 (D16)"),O17+P17,0)
