Workbook

Sheet ❶ 專案資訊
A1: 鋼構重量 / 塗裝面積 計算模板 v6
A2: 黃色=手動輸入，藍色底+▼=下拉選單，灰色=自動計算
A4: 專案名稱 | B4: （範例）XX廠房新建工程
A5: 填表日期 | B5: 2025/01/01
A6: 填表人員
A8: ▎ 全域參數設定
A9: 附加重量係數 | B9: 0.1 | C9: 螺栓/銲接/補強板等
A10: 鋼材單價 (元/噸) | B10: 30000
A11: 油漆單價 (元/m²) | B11: 350
A12: 防火漆1hr單價 (元/m²) | B12: 600
A13: 防火漆2hr單價 (元/m²) | B13: 1000
A14: 防火批覆單價 (元/m²) | B14: 1200
A15: RC單價 (元/m³) | B15: 3500
A16: 粉光單價 (元/m²) | B16: 250
A17: WWM單價 (元/噸) | B17: 35000
A18: 底層筋單價 (元/噸) | B18: 28000
A20: ▎ 鋼料類別參考表
A21: 鋼料類別 | B21: 鈑厚t(mm) | C21: Fy(kg/c㎡) | D21: 備註
A22: SN400B | B22: t≦40 | C22: 2400 | D22: CNS SN400B or SM400
A23: SN400B | B23: t>40 | C23: 2200 | D23: CNS SN400B or SM400
A24: SN490B | C24: 3300 | D24: CNS SN490B
A25: A572 Gr.50 | C25: 3450 | D25: ASTM A572 Gr.50
A26: A36 | B26: C型鋼、角鋼 | C26: 2400

Sheet ❷ 區塊定義
A1: 黃色=手動輸入，藍色底+▼=下拉選單，灰色=自動。塗裝長度留空=全塗。
A3: ▎ 區塊 A — 標準梁柱(防火漆2hr)
A4: ▼快速篩選 | B4: 構件名稱 | C4: ▼規格 | D4: ▼材質 | E4: 長度(mm) | F4: 數量 | G4: ▼塗裝類型 | H4: 塗裝長度 (mm)空白=全塗 | I4: ▼扣梁上面積 | J4: 單位重 | K4: 表面積 (m²/m) | L4: 重量(kg) | M4: 塗裝面積 (m²)
A5: H | B5: 主梁X向 | C5: H294×200 | D5: SN400B | E5: 7500 | F5: 2 | G5: 油漆 | I5: 否 | J5: =IFERROR(VLOOKUP(C5,規格資料庫!$A$2:$E$162,3,FALSE()),"") -> 55.8 | K5: =IFERROR(VLOOKUP(C5,規格資料庫!$A$2:$E$162,4,FALSE()),"") -> 1.372 | L5: =IF(J5="","",J5*E5/1000*F5) -> 837 | M5: =IF(OR(C5="",G5="",G5="無"),"",IFERROR(K5*IF(OR(H5="",H5=0),E5,H5)/1000*F5-IF(I5="是",VLOOKUP(C5,規格資料庫!$A$2:$E$162,5,FALSE())/1000*IF(OR(H5="",H5=0),E5,H5)/1000*F5,0),"")) -> 20.58 | N5: =IFERROR(VLOOKUP(C5,規格資料庫!$A$2:$B$162,2,FALSE()),"") -> H
A6: H | B6: 主梁Y向 | C6: H244×175 | D6: SN400B | E6: 7500 | F6: 2 | G6: 油漆 | I6: 否 | J6: =IFERROR(VLOOKUP(C6,規格資料庫!$A$2:$E$162,3,FALSE()),"") -> 43.6 | K6: =IFERROR(VLOOKUP(C6,規格資料庫!$A$2:$E$162,4,FALSE()),"") -> 1.174 | L6: =IF(J6="","",J6*E6/1000*F6) -> 654 | M6: =IF(OR(C6="",G6="",G6="無"),"",IFERROR(K6*IF(OR(H6="",H6=0),E6,H6)/1000*F6-IF(I6="是",VLOOKUP(C6,規格資料庫!$A$2:$E$162,5,FALSE())/1000*IF(OR(H6="",H6=0),E6,H6)/1000*F6,0),"")) -> 17.61 | N6: =IFERROR(VLOOKUP(C6,規格資料庫!$A$2:$B$162,2,FALSE()),"") -> H
A7: H | B7: 次梁 | C7: H194×150 | D7: SN400B | E7: 2500 | F7: 6 | G7: 油漆 | I7: 否 | J7: =IFERROR(VLOOKUP(C7,規格資料庫!$A$2:$E$162,3,FALSE()),"") -> 29.9 | K7: =IFERROR(VLOOKUP(C7,規格資料庫!$A$2:$E$162,4,FALSE()),"") -> 0.976 | L7: =IF(J7="","",J7*E7/1000*F7) -> 448.5 | M7: =IF(OR(C7="",G7="",G7="無"),"",IFERROR(K7*IF(OR(H7="",H7=0),E7,H7)/1000*F7-IF(I7="是",VLOOKUP(C7,規格資料庫!$A$2:$E$162,5,FALSE())/1000*IF(OR(H7="",H7=0),E7,H7)/1000*F7,0),"")) -> 14.64 | N7: =IFERROR(VLOOKUP(C7,規格資料庫!$A$2:$B$162,2,FALSE()),"") -> H
A8: BOX | B8: 柱 | C8: BOX400×400×19 | D8: SN400B | E8: 6000 | F8: 4 | G8: 防火漆2hr | I8: 否 | J8: =IFERROR(VLOOKUP(C8,規格資料庫!$A$2:$E$162,3,FALSE()),"") -> 210 | K8: =IFERROR(VLOOKUP(C8,規格資料庫!$A$2:$E$162,4,FALSE()),"") -> 1.6 | L8: =IF(J8="","",J8*E8/1000*F8) -> 5040 | M8: =IF(OR(C8="",G8="",G8="無"),"",IFERROR(K8*IF(OR(H8="",H8=0),E8,H8)/1000*F8-IF(I8="是",VLOOKUP(C8,規格資料庫!$A$2:$E$162,5,FALSE())/1000*IF(OR(H8="",H8=0),E8,H8)/1000*F8,0),"")) -> 38.4 | N8: =IFERROR(VLOOKUP(C8,規格資料庫!$A$2:$B$162,2,FALSE()),"") -> BOX
A9: L | B9: 斜撐 | C9: L100×100×10 | D9: A36 | E9: 5000 | F9: 2 | G9: 油漆 | I9: 否 | J9: =IFERROR(VLOOKUP(C9,規格資料庫!$A$2:$E$162,3,FALSE()),"") -> 14.9 | K9: =IFERROR(VLOOKUP(C9,規格資料庫!$A$2:$E$162,4,FALSE()),"") -> 0.39 | L9: =IF(J9="","",J9*E9/1000*F9) -> 149 | M9: =IF(OR(C9="",G9="",G9="無"),"",IFERROR(K9*IF(OR(H9="",H9=0),E9,H9)/1000*F9-IF(I9="是",VLOOKUP(C9,規格資料庫!$A$2:$E$162,5,FALSE())/1000*IF(OR(H9="",H9=0),E9,H9)/1000*F9,0),"")) -> 3.9 | N9: =IFERROR(VLOOKUP(C9,規格資料庫!$A$2:$B$162,2,FALSE()),"") -> L
J10: =IFERROR(VLOOKUP(C10,規格資料庫!$A$2:$E$162,3,FALSE()),"") | K10: =IFERROR(VLOOKUP(C10,規格資料庫!$A$2:$E$162,4,FALSE()),"") | L10: =IF(J10="","",J10*E10/1000*F10) | M10: =IF(OR(C10="",G10="",G10="無"),"",IFERROR(K10*IF(OR(H10="",H10=0),E10,H10)/1000*F10-IF(I10="是",VLOOKUP(C10,規格資料庫!$A$2:$E$162,5,FALSE())/1000*IF(OR(H10="",H10=0),E10,H10)/1000*F10,0),"")) | N10: =IFERROR(VLOOKUP(C10,規格資料庫!$A$2:$B$162,2,FALSE()),"")
J11: =IFERROR(VLOOKUP(C11,規格資料庫!$A$2:$E$162,3,FALSE()),"") | K11: =IFERROR(VLOOKUP(C11,規格資料庫!$A$2:$E$162,4,FALSE()),"") | L11: =IF(J11="","",J11*E11/1000*F11) | M11: =IF(OR(C11="",G11="",G11="無"),"",IFERROR(K11*IF(OR(H11="",H11=0),E11,H11)/1000*F11-IF(I11="是",VLOOKUP(C11,規格資料庫!$A$2:$E$162,5,FALSE())/1000*IF(OR(H11="",H11=0),E11,H11)/1000*F11,0),"")) | N11: =IFERROR(VLOOKUP(C11,規格資料庫!$A$2:$B$162,2,FALSE()),"")
J12: =IFERROR(VLOOKUP(C12,規格資料庫!$A$2:$E$162,3,FALSE()),"") | K12: =IFERROR(VLOOKUP(C12,規格資料庫!$A$2:$E$162,4,FALSE()),"") | L12: =IF(J12="","",J12*E12/1000*F12) | M12: =IF(OR(C12="",G12="",G12="無"),"",IFERROR(K12*IF(OR(H12="",H12=0),E12,H12)/1000*F12-IF(I12="是",VLOOKUP(C12,規格資料庫!$A$2:$E$162,5,FALSE())/1000*IF(OR(H12="",H12=0),E12,H12)/1000*F12,0),"")) | N12: =IFERROR(VLOOKUP(C12,規格資料庫!$A$2:$B$162,2,FALSE()),"")
J13: =IFERROR(VLOOKUP(C13,規格資料庫!$A$2:$E$162,3,FALSE()),"") | K13: =IFERROR(VLOOKUP(C13,規格資料庫!$A$2:$E$162,4,FALSE()),"") | L13: =IF(J13="","",J13*E13/1000*F13) | M13: =IF(OR(C13="",G13="",G13="無"),"",IFERROR(K13*IF(OR(H13="",H13=0),E13,H13)/1000*F13-IF(I13="是",VLOOKUP(C13,規格資料庫!$A$2:$E$162,5,FALSE())/1000*IF(OR(H13="",H13=0),E13,H13)/1000*F13,0),"")) | N13: =IFERROR(VLOOKUP(C13,規格資料庫!$A$2:$B$162,2,FALSE()),"")
J14: =IFERROR(VLOOKUP(C14,規格資料庫!$A$2:$E$162,3,FALSE()),"") | K14: =IFERROR(VLOOKUP(C14,規格資料庫!$A$2:$E$162,4,FALSE()),"") | L14: =IF(J14="","",J14*E14/1000*F14) | M14: =IF(OR(C14="",G14="",G14="無"),"",IFERROR(K14*IF(OR(H14="",H14=0),E14,H14)/1000*F14-IF(I14="是",VLOOKUP(C14,規格資料庫!$A$2:$E$162,5,FALSE())/1000*IF(OR(H14="",H14=0),E14,H14)/1000*F14,0),"")) | N14: =IFERROR(VLOOKUP(C14,規格資料庫!$A$2:$B$162,2,FALSE()),"")
J15: =IFERROR(VLOOKUP(C15,規格資料庫!$A$2:$E$162,3,FALSE()),"") | K15: =IFERROR(VLOOKUP(C15,規格資料庫!$A$2:$E$162,4,FALSE()),"") | L15: =IF(J15="","",J15*E15/1000*F15) | M15: =IF(OR(C15="",G15="",G15="無"),"",IFERROR(K15*IF(OR(H15="",H15=0),E15,H15)/1000*F15-IF(I15="是",VLOOKUP(C15,規格資料庫!$A$2:$E$162,5,FALSE())/1000*IF(OR(H15="",H15=0),E15,H15)/1000*F15,0),"")) | N15: =IFERROR(VLOOKUP(C15,規格資料庫!$A$2:$B$162,2,FALSE()),"")
J16: =IFERROR(VLOOKUP(C16,規格資料庫!$A$2:$E$162,3,FALSE()),"") | K16: =IFERROR(VLOOKUP(C16,規格資料庫!$A$2:$E$162,4,FALSE()),"") | L16: =IF(J16="","",J16*E16/1000*F16) | M16: =IF(OR(C16="",G16="",G16="無"),"",IFERROR(K16*IF(OR(H16="",H16=0),E16,H16)/1000*F16-IF(I16="是",VLOOKUP(C16,規格資料庫!$A$2:$E$162,5,FALSE())/1000*IF(OR(H16="",H16=0),E16,H16)/1000*F16,0),"")) | N16: =IFERROR(VLOOKUP(C16,規格資料庫!$A$2:$B$162,2,FALSE()),"")
J17: =IFERROR(VLOOKUP(C17,規格資料庫!$A$2:$E$162,3,FALSE()),"") | K17: =IFERROR(VLOOKUP(C17,規格資料庫!$A$2:$E$162,4,FALSE()),"") | L17: =IF(J17="","",J17*E17/1000*F17) | M17: =IF(OR(C17="",G17="",G17="無"),"",IFERROR(K17*IF(OR(H17="",H17=0),E17,H17)/1000*F17-IF(I17="是",VLOOKUP(C17,規格資料庫!$A$2:$E$162,5,FALSE())/1000*IF(OR(H17="",H17=0),E17,H17)/1000*F17,0),"")) | N17: =IFERROR(VLOOKUP(C17,規格資料庫!$A$2:$B$162,2,FALSE()),"")
J18: =IFERROR(VLOOKUP(C18,規格資料庫!$A$2:$E$162,3,FALSE()),"") | K18: =IFERROR(VLOOKUP(C18,規格資料庫!$A$2:$E$162,4,FALSE()),"") | L18: =IF(J18="","",J18*E18/1000*F18) | M18: =IF(OR(C18="",G18="",G18="無"),"",IFERROR(K18*IF(OR(H18="",H18=0),E18,H18)/1000*F18-IF(I18="是",VLOOKUP(C18,規格資料庫!$A$2:$E$162,5,FALSE())/1000*IF(OR(H18="",H18=0),E18,H18)/1000*F18,0),"")) | N18: =IFERROR(VLOOKUP(C18,規格資料庫!$A$2:$B$162,2,FALSE()),"")
J19: =IFERROR(VLOOKUP(C19,規格資料庫!$A$2:$E$162,3,FALSE()),"") | K19: =IFERROR(VLOOKUP(C19,規格資料庫!$A$2:$E$162,4,FALSE()),"") | L19: =IF(J19="","",J19*E19/1000*F19) | M19: =IF(OR(C19="",G19="",G19="無"),"",IFERROR(K19*IF(OR(H19="",H19=0),E19,H19)/1000*F19-IF(I19="是",VLOOKUP(C19,規格資料庫!$A$2:$E$162,5,FALSE())/1000*IF(OR(H19="",H19=0),E19,H19)/1000*F19,0),"")) | N19: =IFERROR(VLOOKUP(C19,規格資料庫!$A$2:$B$162,2,FALSE()),"")
J20: =IFERROR(VLOOKUP(C20,規格資料庫!$A$2:$E$162,3,FALSE()),"") | K20: =IFERROR(VLOOKUP(C20,規格資料庫!$A$2:$E$162,4,FALSE()),"") | L20: =IF(J20="","",J20*E20/1000*F20) | M20: =IF(OR(C20="",G20="",G20="無"),"",IFERROR(K20*IF(OR(H20="",H20=0),E20,H20)/1000*F20-IF(I20="是",VLOOKUP(C20,規格資料庫!$A$2:$E$162,5,FALSE())/1000*IF(OR(H20="",H20=0),E20,H20)/1000*F20,0),"")) | N20: =IFERROR(VLOOKUP(C20,規格資料庫!$A$2:$B$162,2,FALSE()),"")
J21: =IFERROR(VLOOKUP(C21,規格資料庫!$A$2:$E$162,3,FALSE()),"") | K21: =IFERROR(VLOOKUP(C21,規格資料庫!$A$2:$E$162,4,FALSE()),"") | L21: =IF(J21="","",J21*E21/1000*F21) | M21: =IF(OR(C21="",G21="",G21="無"),"",IFERROR(K21*IF(OR(H21="",H21=0),E21,H21)/1000*F21-IF(I21="是",VLOOKUP(C21,規格資料庫!$A$2:$E$162,5,FALSE())/1000*IF(OR(H21="",H21=0),E21,H21)/1000*F21,0),"")) | N21: =IFERROR(VLOOKUP(C21,規格資料庫!$A$2:$B$162,2,FALSE()),"")
... J24: =IFERROR(VLOOKUP(C24,規格資料庫!$A$2:$E$162,3,FALSE()),"") | K24: =IFERROR(VLOOKUP(C24,規格資料庫!$A$2:$E$162,4,FALSE()),"") | L24: =IF(J24="","",J24*E24/1000*F24) | M24: =IF(OR(C24="",G24="",G24="無"),"",IFERROR(K24*IF(OR(H24="",H24=0),E24,H24)/1000*F24-IF(I24="是",VLOOKUP(C24,規格資料庫!$A$2:$E$162,5,FALSE())/1000*IF(OR(H24="",H24=0),E24,H24)/1000*F24,0),"")) | N24: =IFERROR(VLOOKUP(C24,規格資料庫!$A$2:$B$162,2,FALSE()),"")
A25: 小計 | L25: =SUM(L5:L24) -> 7128.5 | M25: =SUM(M5:M24) -> 95.13 | O25: =SUMIF(G5:G24,"油漆",M5:M24) -> 56.73 | P25: =SUMIF(G5:G24,"防火漆1hr",M5:M24) -> 0 | Q25: =SUMIF(G5:G24,"防火漆2hr",M5:M24) -> 38.4 | R25: =SUMIF(G5:G24,"防火批覆",M5:M24) -> 0 | S25: =SUMPRODUCT((D5:D24="SN400B")*IF(ISNUMBER(L5:L24),L5:L24,0)) -> 6979.5 | T25: =SUMPRODUCT((D5:D24="A36")*IF(ISNUMBER(L5:L24),L5:L24,0)) -> 149 | U25: =SUMPRODUCT((D5:D24="SN490B")*IF(ISNUMBER(L5:L24),L5:L24,0)) -> 0 | V25: =SUMPRODUCT((D5:D24="A572 Gr.50")*IF(ISNUMBER(L5:L24),L5:L24,0)) -> 0 | W25: =SUMPRODUCT((N5:N24="GR")*IF(ISNUMBER(L5:L24),L5:L24,0)) -> 0 | X25: =SUMPRODUCT((N5:N24="CP")*IF(ISNUMBER(L5:L24),L5:L24,0)) -> 0
A27: ▎ 區塊 B — 管架柱(下半截2hr)
A28: ▼快速篩選 | B28: 構件名稱 | C28: ▼規格 | D28: ▼材質 | E28: 長度(mm) | F28: 數量 | G28: ▼塗裝類型 | H28: 塗裝長度 (mm)空白=全塗 | I28: ▼扣梁上面積 | J28: 單位重 | K28: 表面積 (m²/m) | L28: 重量(kg) | M28: 塗裝面積 (m²)
A29: H | B29: 設備梁 | C29: H488×300 | D29: SN400B | E29: 7500 | F29: 2 | G29: 油漆 | I29: 否 | J29: =IFERROR(VLOOKUP(C29,規格資料庫!$A$2:$E$162,3,FALSE()),"") -> 125 | K29: =IFERROR(VLOOKUP(C29,規格資料庫!$A$2:$E$162,4,FALSE()),"") -> 2.154 | L29: =IF(J29="","",J29*E29/1000*F29) -> 1875 | M29: =IF(OR(C29="",G29="",G29="無"),"",IFERROR(K29*IF(OR(H29="",H29=0),E29,H29)/1000*F29-IF(I29="是",VLOOKUP(C29,規格資料庫!$A$2:$E$162,5,FALSE())/1000*IF(OR(H29="",H29=0),E29,H29)/1000*F29,0),"")) -> 32.31 | N29: =IFERROR(VLOOKUP(C29,規格資料庫!$A$2:$B$162,2,FALSE()),"") -> H
A30: H | B30: 支撐梁 | C30: H340×175 | D30: SN400B | E30: 2500 | F30: 4 | G30: 油漆 | I30: 否 | J30: =IFERROR(VLOOKUP(C30,規格資料庫!$A$2:$E$162,3,FALSE()),"") -> 49.6 | K30: =IFERROR(VLOOKUP(C30,規格資料庫!$A$2:$E$162,4,FALSE()),"") -> 1.366 | L30: =IF(J30="","",J30*E30/1000*F30) -> 496 | M30: =IF(OR(C30="",G30="",G30="無"),"",IFERROR(K30*IF(OR(H30="",H30=0),E30,H30)/1000*F30-IF(I30="是",VLOOKUP(C30,規格資料庫!$A$2:$E$162,5,FALSE())/1000*IF(OR(H30="",H30=0),E30,H30)/1000*F30,0),"")) -> 13.66 | N30: =IFERROR(VLOOKUP(C30,規格資料庫!$A$2:$B$162,2,FALSE()),"") -> H
A31: BOX | B31: 柱 | C31: BOX500×500×19 | D31: SN400B | E31: 12000 | F31: 4 | G31: 防火漆2hr | H31: 6000 | I31: 否 | J31: =IFERROR(VLOOKUP(C31,規格資料庫!$A$2:$E$162,3,FALSE()),"") -> 267 | K31: =IFERROR(VLOOKUP(C31,規格資料庫!$A$2:$E$162,4,FALSE()),"") -> 2 | L31: =IF(J31="","",J31*E31/1000*F31) -> 12816 | M31: =IF(OR(C31="",G31="",G31="無"),"",IFERROR(K31*IF(OR(H31="",H31=0),E31,H31)/1000*F31-IF(I31="是",VLOOKUP(C31,規格資料庫!$A$2:$E$162,5,FALSE())/1000*IF(OR(H31="",H31=0),E31,H31)/1000*F31,0),"")) -> 48 | N31: =IFERROR(VLOOKUP(C31,規格資料庫!$A$2:$B$162,2,FALSE()),"") -> BOX
A32: H | B32: 次梁 | C32: H194×150 | D32: SN400B | E32: 2500 | F32: 4 | G32: 油漆 | I32: 否 | J32: =IFERROR(VLOOKUP(C32,規格資料庫!$A$2:$E$162,3,FALSE()),"") -> 29.9 | K32: =IFERROR(VLOOKUP(C32,規格資料庫!$A$2:$E$162,4,FALSE()),"") -> 0.976 | L32: =IF(J32="","",J32*E32/1000*F32) -> 299 | M32: =IF(OR(C32="",G32="",G32="無"),"",IFERROR(K32*IF(OR(H32="",H32=0),E32,H32)/1000*F32-IF(I32="是",VLOOKUP(C32,規格資料庫!$A$2:$E$162,5,FALSE())/1000*IF(OR(H32="",H32=0),E32,H32)/1000*F32,0),"")) -> 9.76 | N32: =IFERROR(VLOOKUP(C32,規格資料庫!$A$2:$B$162,2,FALSE()),"") -> H
J33: =IFERROR(VLOOKUP(C33,規格資料庫!$A$2:$E$162,3,FALSE()),"") | K33: =IFERROR(VLOOKUP(C33,規格資料庫!$A$2:$E$162,4,FALSE()),"") | L33: =IF(J33="","",J33*E33/1000*F33) | M33: =IF(OR(C33="",G33="",G33="無"),"",IFERROR(K33*IF(OR(H33="",H33=0),E33,H33)/1000*F33-IF(I33="是",VLOOKUP(C33,規格資料庫!$A$2:$E$162,5,FALSE())/1000*IF(OR(H33="",H33=0),E33,H33)/1000*F33,0),"")) | N33: =IFERROR(VLOOKUP(C33,規格資料庫!$A$2:$B$162,2,FALSE()),"")
J34: =IFERROR(VLOOKUP(C34,規格資料庫!$A$2:$E$162,3,FALSE()),"") | K34: =IFERROR(VLOOKUP(C34,規格資料庫!$A$2:$E$162,4,FALSE()),"") | L34: =IF(J34="","",J34*E34/1000*F34) | M34: =IF(OR(C34="",G34="",G34="無"),"",IFERROR(K34*IF(OR(H34="",H34=0),E34,H34)/1000*F34-IF(I34="是",VLOOKUP(C34,規格資料庫!$A$2:$E$162,5,FALSE())/1000*IF(OR(H34="",H34=0),E34,H34)/1000*F34,0),"")) | N34: =IFERROR(VLOOKUP(C34,規格資料庫!$A$2:$B$162,2,FALSE()),"")
J35: =IFERROR(VLOOKUP(C35,規格資料庫!$A$2:$E$162,3,FALSE()),"") | K35: =IFERROR(VLOOKUP(C35,規格資料庫!$A$2:$E$162,4,FALSE()),"") | L35: =IF(J35="","",J35*E35/1000*F35) | M35: =IF(OR(C35="",G35="",G35="無"),"",IFERROR(K35*IF(OR(H35="",H35=0),E35,H35)/1000*F35-IF(I35="是",VLOOKUP(C35,規格資料庫!$A$2:$E$162,5,FALSE())/1000*IF(OR(H35="",H35=0),E35,H35)/1000*F35,0),"")) | N35: =IFERROR(VLOOKUP(C35,規格資料庫!$A$2:$B$162,2,FALSE()),"")
J36: =IFERROR(VLOOKUP(C36,規格資料庫!$A$2:$E$162,3,FALSE()),"") | K36: =IFERROR(VLOOKUP(C36,規格資料庫!$A$2:$E$162,4,FALSE()),"") | L36: =IF(J36="","",J36*E36/1000*F36) | M36: =IF(OR(C36="",G36="",G36="無"),"",IFERROR(K36*IF(OR(H36="",H36=0),E36,H36)/1000*F36-IF(I36="是",VLOOKUP(C36,規格資料庫!$A$2:$E$162,5,FALSE())/1000*IF(OR(H36="",H36=0),E36,H36)/1000*F36,0),"")) | N36: =IFERROR(VLOOKUP(C36,規格資料庫!$A$2:$B$162,2,FALSE()),"")
J37: =IFERROR(VLOOKUP(C37,規格資料庫!$A$2:$E$162,3,FALSE()),"") | K37: =IFERROR(VLOOKUP(C37,規格資料庫!$A$2:$E$162,4,FALSE()),"") | L37: =IF(J37="","",J37*E37/1000*F37) | M37: =IF(OR(C37="",G37="",G37="無"),"",IFERROR(K37*IF(OR(H37="",H37=0),E37,H37)/1000*F37-IF(I37="是",VLOOKUP(C37,規格資料庫!$A$2:$E$162,5,FALSE())/1000*IF(OR(H37="",H37=0),E37,H37)/1000*F37,0),"")) | N37: =IFERROR(VLOOKUP(C37,規格資料庫!$A$2:$B$162,2,FALSE()),"")
J38: =IFERROR(VLOOKUP(C38,規格資料庫!$A$2:$E$162,3,FALSE()),"") | K38: =IFERROR(VLOOKUP(C38,規格資料庫!$A$2:$E$162,4,FALSE()),"") | L38: =IF(J38="","",J38*E38/1000*F38) | M38: =IF(OR(C38="",G38="",G38="無"),"",IFERROR(K38*IF(OR(H38="",H38=0),E38,H38)/1000*F38-IF(I38="是",VLOOKUP(C38,規格資料庫!$A$2:$E$162,5,FALSE())/1000*IF(OR(H38="",H38=0),E38,H38)/1000*F38,0),"")) | N38: =IFERROR(VLOOKUP(C38,規格資料庫!$A$2:$B$162,2,FALSE()),"")
J39: =IFERROR(VLOOKUP(C39,規格資料庫!$A$2:$E$162,3,FALSE()),"") | K39: =IFERROR(VLOOKUP(C39,規格資料庫!$A$2:$E$162,4,FALSE()),"") | L39: =IF(J39="","",J39*E39/1000*F39) | M39: =IF(OR(C39="",G39="",G39="無"),"",IFERROR(K39*IF(OR(H39="",H39=0),E39,H39)/1000*F39-IF(I39="是",VLOOKUP(C39,規格資料庫!$A$2:$E$162,5,FALSE())/1000*IF(OR(H39="",H39=0),E39,H39)/1000*F39,0),"")) | N39: =IFERROR(VLOOKUP(C39,規格資料庫!$A$2:$B$162,2,FALSE()),"")
J40: =IFERROR(VLOOKUP(C40,規格資料庫!$A$2:$E$162,3,FALSE()),"") | K40: =IFERROR(VLOOKUP(C40,規格資料庫!$A$2:$E$162,4,FALSE()),"") | L40: =IF(J40="","",J40*E40/1000*F40) | M40: =IF(OR(C40="",G40="",G40="無"),"",IFERROR(K40*IF(OR(H40="",H40=0),E40,H40)/1000*F40-IF(I40="是",VLOOKUP(C40,規格資料庫!$A$2:$E$162,5,FALSE())/1000*IF(OR(H40="",H40=0),E40,H40)/1000*F40,0),"")) | N40: =IFERROR(VLOOKUP(C40,規格資料庫!$A$2:$B$162,2,FALSE()),"")
J41: =IFERROR(VLOOKUP(C41,規格資料庫!$A$2:$E$162,3,FALSE()),"") | K41: =IFERROR(VLOOKUP(C41,規格資料庫!$A$2:$E$162,4,FALSE()),"") | L41: =IF(J41="","",J41*E41/1000*F41) | M41: =IF(OR(C41="",G41="",G41="無"),"",IFERROR(K41*IF(OR(H41="",H41=0),E41,H41)/1000*F41-IF(I41="是",VLOOKUP(C41,規格資料庫!$A$2:$E$162,5,FALSE())/1000*IF(OR(H41="",H41=0),E41,H41)/1000*F41,0),"")) | N41: =IFERROR(VLOOKUP(C41,規格資料庫!$A$2:$B$162,2,FALSE()),"")
J42: =IFERROR(VLOOKUP(C42,規格資料庫!$A$2:$E$162,3,FALSE()),"") | K42: =IFERROR(VLOOKUP(C42,規格資料庫!$A$2:$E$162,4,FALSE()),"") | L42: =IF(J42="","",J42*E42/1000*F42) | M42: =IF(OR(C42="",G42="",G42="無"),"",IFERROR(K42*IF(OR(H42="",H42=0),E42,H42)/1000*F42-IF(I42="是",VLOOKUP(C42,規格資料庫!$A$2:$E$162,5,FALSE())/1000*IF(OR(H42="",H42=0),E42,H42)/1000*F42,0),"")) | N42: =IFERROR(VLOOKUP(C42,規格資料庫!$A$2:$B$162,2,FALSE()),"")
J43: =IFERROR(VLOOKUP(C43,規格資料庫!$A$2:$E$162,3,FALSE()),"") | K43: =IFERROR(VLOOKUP(C43,規格資料庫!$A$2:$E$162,4,FALSE()),"") | L43: =IF(J43="","",J43*E43/1000*F43) | M43: =IF(OR(C43="",G43="",G43="無"),"",IFERROR(K43*IF(OR(H43="",H43=0),E43,H43)/1000*F43-IF(I43="是",VLOOKUP(C43,規格資料庫!$A$2:$E$162,5,FALSE())/1000*IF(OR(H43="",H43=0),E43,H43)/1000*F43,0),"")) | N43: =IFERROR(VLOOKUP(C43,規格資料庫!$A$2:$B$162,2,FALSE()),"")
J44: =IFERROR(VLOOKUP(C44,規格資料庫!$A$2:$E$162,3,FALSE()),"") | K44: =IFERROR(VLOOKUP(C44,規格資料庫!$A$2:$E$162,4,FALSE()),"") | L44: =IF(J44="","",J44*E44/1000*F44) | M44: =IF(OR(C44="",G44="",G44="無"),"",IFERROR(K44*IF(OR(H44="",H44=0),E44,H44)/1000*F44-IF(I44="是",VLOOKUP(C44,規格資料庫!$A$2:$E$162,5,FALSE())/1000*IF(OR(H44="",H44=0),E44,H44)/1000*F44,0),"")) | N44: =IFERROR(VLOOKUP(C44,規格資料庫!$A$2:$B$162,2,FALSE()),"")
... J48: =IFERROR(VLOOKUP(C48,規格資料庫!$A$2:$E$162,3,FALSE()),"") | K48: =IFERROR(VLOOKUP(C48,規格資料庫!$A$2:$E$162,4,FALSE()),"") | L48: =IF(J48="","",J48*E48/1000*F48) | M48: =IF(OR(C48="",G48="",G48="無"),"",IFERROR(K48*IF(OR(H48="",H48=0),E48,H48)/1000*F48-IF(I48="是",VLOOKUP(C48,規格資料庫!$A$2:$E$162,5,FALSE())/1000*IF(OR(H48="",H48=0),E48,H48)/1000*F48,0),"")) | N48: =IFERROR(VLOOKUP(C48,規格資料庫!$A$2:$B$162,2,FALSE()),"")
A49: 小計 | L49: =SUM(L29:L48) -> 15486 | M49: =SUM(M29:M48) -> 103.73 | O49: =SUMIF(G29:G48,"油漆",M29:M48) -> 55.73 | P49: =SUMIF(G29:G48,"防火漆1hr",M29:M48) -> 0 | Q49: =SUMIF(G29:G48,"防火漆2hr",M29:M48) -> 48 | R49: =SUMIF(G29:G48,"防火批覆",M29:M48) -> 0 | S49: =SUMPRODUCT((D29:D48="SN400B")*IF(ISNUMBER(L29:L48),L29:L48,0)) -> 15486 | T49: =SUMPRODUCT((D29:D48="A36")*IF(ISNUMBER(L29:L48),L29:L48,0)) -> 0 | U49: =SUMPRODUCT((D29:D48="SN490B")*IF(ISNUMBER(L29:L48),L29:L48,0)) -> 0 | V49: =SUMPRODUCT((D29:D48="A572 Gr.50")*IF(ISNUMBER(L29:L48),L29:L48,0)) -> 0 | W49: =SUMPRODUCT((N29:N48="GR")*IF(ISNUMBER(L29:L48),L29:L48,0)) -> 0 | X49: =SUMPRODUCT((N29:N48="CP")*IF(ISNUMBER(L29:L48),L29:L48,0)) -> 0
A51: ▎ 區塊 C — 標準(防火漆1hr)
A52: ▼快速篩選 | B52: 構件名稱 | C52: ▼規格 | D52: ▼材質 | E52: 長度(mm) | F52: 數量 | G52: ▼塗裝類型 | H52: 塗裝長度 (mm)空白=全塗 | I52: ▼扣梁上面積 | J52: 單位重 | K52: 表面積 (m²/m) | L52: 重量(kg) | M52: 塗裝面積 (m²)
A53: H | B53: 邊梁 | C53: H244×175 | D53: SN400B | E53: 7500 | F53: 2 | G53: 防火漆1hr | I53: 是 | J53: =IFERROR(VLOOKUP(C53,規格資料庫!$A$2:$E$162,3,FALSE()),"") -> 43.6 | K53: =IFERROR(VLOOKUP(C53,規格資料庫!$A$2:$E$162,4,FALSE()),"") -> 1.174 | L53: =IF(J53="","",J53*E53/1000*F53) -> 654 | M53: =IF(OR(C53="",G53="",G53="無"),"",IFERROR(K53*IF(OR(H53="",H53=0),E53,H53)/1000*F53-IF(I53="是",VLOOKUP(C53,規格資料庫!$A$2:$E$162,5,FALSE())/1000*IF(OR(H53="",H53=0),E53,H53)/1000*F53,0),"")) -> 14.985 | N53: =IFERROR(VLOOKUP(C53,規格資料庫!$A$2:$B$162,2,FALSE()),"") -> H
A54: H | B54: 次梁 | C54: H194×150 | D54: SN400B | E54: 2500 | F54: 3 | G54: 防火漆1hr | I54: 是 | J54: =IFERROR(VLOOKUP(C54,規格資料庫!$A$2:$E$162,3,FALSE()),"") -> 29.9 | K54: =IFERROR(VLOOKUP(C54,規格資料庫!$A$2:$E$162,4,FALSE()),"") -> 0.976 | L54: =IF(J54="","",J54*E54/1000*F54) -> 224.25 | M54: =IF(OR(C54="",G54="",G54="無"),"",IFERROR(K54*IF(OR(H54="",H54=0),E54,H54)/1000*F54-IF(I54="是",VLOOKUP(C54,規格資料庫!$A$2:$E$162,5,FALSE())/1000*IF(OR(H54="",H54=0),E54,H54)/1000*F54,0),"")) -> 6.195 | N54: =IFERROR(VLOOKUP(C54,規格資料庫!$A$2:$B$162,2,FALSE()),"") -> H
A55: C | B55: 檁條 | C55: C150×75 | D55: A36 | E55: 7500 | F55: 4 | G55: 油漆 | I55: 否 | J55: =IFERROR(VLOOKUP(C55,規格資料庫!$A$2:$E$162,3,FALSE()),"") -> 18.6 | K55: =IFERROR(VLOOKUP(C55,規格資料庫!$A$2:$E$162,4,FALSE()),"") -> 0.587 | L55: =IF(J55="","",J55*E55/1000*F55) -> 558 | M55: =IF(OR(C55="",G55="",G55="無"),"",IFERROR(K55*IF(OR(H55="",H55=0),E55,H55)/1000*F55-IF(I55="是",VLOOKUP(C55,規格資料庫!$A$2:$E$162,5,FALSE())/1000*IF(OR(H55="",H55=0),E55,H55)/1000*F55,0),"")) -> 17.61 | N55: =IFERROR(VLOOKUP(C55,規格資料庫!$A$2:$B$162,2,FALSE()),"") -> C
A56: P | B56: 欄杆柱 | C56: P89.1×2.8 | D56: SN400B | E56: 1200 | F56: 4 | G56: 油漆 | I56: 否 | J56: =IFERROR(VLOOKUP(C56,規格資料庫!$A$2:$E$162,3,FALSE()),"") -> 5.96 | K56: =IFERROR(VLOOKUP(C56,規格資料庫!$A$2:$E$162,4,FALSE()),"") -> 0.28 | L56: =IF(J56="","",J56*E56/1000*F56) -> 28.608 | M56: =IF(OR(C56="",G56="",G56="無"),"",IFERROR(K56*IF(OR(H56="",H56=0),E56,H56)/1000*F56-IF(I56="是",VLOOKUP(C56,規格資料庫!$A$2:$E$162,5,FALSE())/1000*IF(OR(H56="",H56=0),E56,H56)/1000*F56,0),"")) -> 1.344 | N56: =IFERROR(VLOOKUP(C56,規格資料庫!$A$2:$B$162,2,FALSE()),"") -> P
J57: =IFERROR(VLOOKUP(C57,規格資料庫!$A$2:$E$162,3,FALSE()),"") | K57: =IFERROR(VLOOKUP(C57,規格資料庫!$A$2:$E$162,4,FALSE()),"") | L57: =IF(J57="","",J57*E57/1000*F57) | M57: =IF(OR(C57="",G57="",G57="無"),"",IFERROR(K57*IF(OR(H57="",H57=0),E57,H57)/1000*F57-IF(I57="是",VLOOKUP(C57,規格資料庫!$A$2:$E$162,5,FALSE())/1000*IF(OR(H57="",H57=0),E57,H57)/1000*F57,0),"")) | N57: =IFERROR(VLOOKUP(C57,規格資料庫!$A$2:$B$162,2,FALSE()),"")
J58: =IFERROR(VLOOKUP(C58,規格資料庫!$A$2:$E$162,3,FALSE()),"") | K58: =IFERROR(VLOOKUP(C58,規格資料庫!$A$2:$E$162,4,FALSE()),"") | L58: =IF(J58="","",J58*E58/1000*F58) | M58: =IF(OR(C58="",G58="",G58="無"),"",IFERROR(K58*IF(OR(H58="",H58=0),E58,H58)/1000*F58-IF(I58="是",VLOOKUP(C58,規格資料庫!$A$2:$E$162,5,FALSE())/1000*IF(OR(H58="",H58=0),E58,H58)/1000*F58,0),"")) | N58: =IFERROR(VLOOKUP(C58,規格資料庫!$A$2:$B$162,2,FALSE()),"")
J59: =IFERROR(VLOOKUP(C59,規格資料庫!$A$2:$E$162,3,FALSE()),"") | K59: =IFERROR(VLOOKUP(C59,規格資料庫!$A$2:$E$162,4,FALSE()),"") | L59: =IF(J59="","",J59*E59/1000*F59) | M59: =IF(OR(C59="",G59="",G59="無"),"",IFERROR(K59*IF(OR(H59="",H59=0),E59,H59)/1000*F59-IF(I59="是",VLOOKUP(C59,規格資料庫!$A$2:$E$162,5,FALSE())/1000*IF(OR(H59="",H59=0),E59,H59)/1000*F59,0),"")) | N59: =IFERROR(VLOOKUP(C59,規格資料庫!$A$2:$B$162,2,FALSE()),"")
J60: =IFERROR(VLOOKUP(C60,規格資料庫!$A$2:$E$162,3,FALSE()),"") | K60: =IFERROR(VLOOKUP(C60,規格資料庫!$A$2:$E$162,4,FALSE()),"") | L60: =IF(J60="","",J60*E60/1000*F60) | M60: =IF(OR(C60="",G60="",G60="無"),"",IFERROR(K60*IF(OR(H60="",H60=0),E60,H60)/1000*F60-IF(I60="是",VLOOKUP(C60,規格資料庫!$A$2:$E$162,5,FALSE())/1000*IF(OR(H60="",H60=0),E60,H60)/1000*F60,0),"")) | N60: =IFERROR(VLOOKUP(C60,規格資料庫!$A$2:$B$162,2,FALSE()),"")
J61: =IFERROR(VLOOKUP(C61,規格資料庫!$A$2:$E$162,3,FALSE()),"") | K61: =IFERROR(VLOOKUP(C61,規格資料庫!$A$2:$E$162,4,FALSE()),"") | L61: =IF(J61="","",J61*E61/1000*F61) | M61: =IF(OR(C61="",G61="",G61="無"),"",IFERROR(K61*IF(OR(H61="",H61=0),E61,H61)/1000*F61-IF(I61="是",VLOOKUP(C61,規格資料庫!$A$2:$E$162,5,FALSE())/1000*IF(OR(H61="",H61=0),E61,H61)/1000*F61,0),"")) | N61: =IFERROR(VLOOKUP(C61,規格資料庫!$A$2:$B$162,2,FALSE()),"")
J62: =IFERROR(VLOOKUP(C62,規格資料庫!$A$2:$E$162,3,FALSE()),"") | K62: =IFERROR(VLOOKUP(C62,規格資料庫!$A$2:$E$162,4,FALSE()),"") | L62: =IF(J62="","",J62*E62/1000*F62) | M62: =IF(OR(C62="",G62="",G62="無"),"",IFERROR(K62*IF(OR(H62="",H62=0),E62,H62)/1000*F62-IF(I62="是",VLOOKUP(C62,規格資料庫!$A$2:$E$162,5,FALSE())/1000*IF(OR(H62="",H62=0),E62,H62)/1000*F62,0),"")) | N62: =IFERROR(VLOOKUP(C62,規格資料庫!$A$2:$B$162,2,FALSE()),"")
J63: =IFERROR(VLOOKUP(C63,規格資料庫!$A$2:$E$162,3,FALSE()),"") | K63: =IFERROR(VLOOKUP(C63,規格資料庫!$A$2:$E$162,4,FALSE()),"") | L63: =IF(J63="","",J63*E63/1000*F63) | M63: =IF(OR(C63="",G63="",G63="無"),"",IFERROR(K63*IF(OR(H63="",H63=0),E63,H63)/1000*F63-IF(I63="是",VLOOKUP(C63,規格資料庫!$A$2:$E$162,5,FALSE())/1000*IF(OR(H63="",H63=0),E63,H63)/1000*F63,0),"")) | N63: =IFERROR(VLOOKUP(C63,規格資料庫!$A$2:$B$162,2,FALSE()),"")
J64: =IFERROR(VLOOKUP(C64,規格資料庫!$A$2:$E$162,3,FALSE()),"") | K64: =IFERROR(VLOOKUP(C64,規格資料庫!$A$2:$E$162,4,FALSE()),"") | L64: =IF(J64="","",J64*E64/1000*F64) | M64: =IF(OR(C64="",G64="",G64="無"),"",IFERROR(K64*IF(OR(H64="",H64=0),E64,H64)/1000*F64-IF(I64="是",VLOOKUP(C64,規格資料庫!$A$2:$E$162,5,FALSE())/1000*IF(OR(H64="",H64=0),E64,H64)/1000*F64,0),"")) | N64: =IFERROR(VLOOKUP(C64,規格資料庫!$A$2:$B$162,2,FALSE()),"")
J65: =IFERROR(VLOOKUP(C65,規格資料庫!$A$2:$E$162,3,FALSE()),"") | K65: =IFERROR(VLOOKUP(C65,規格資料庫!$A$2:$E$162,4,FALSE()),"") | L65: =IF(J65="","",J65*E65/1000*F65) | M65: =IF(OR(C65="",G65="",G65="無"),"",IFERROR(K65*IF(OR(H65="",H65=0),E65,H65)/1000*F65-IF(I65="是",VLOOKUP(C65,規格資料庫!$A$2:$E$162,5,FALSE())/1000*IF(OR(H65="",H65=0),E65,H65)/1000*F65,0),"")) | N65: =IFERROR(VLOOKUP(C65,規格資料庫!$A$2:$B$162,2,FALSE()),"")
J66: =IFERROR(VLOOKUP(C66,規格資料庫!$A$2:$E$162,3,FALSE()),"") | K66: =IFERROR(VLOOKUP(C66,規格資料庫!$A$2:$E$162,4,FALSE()),"") | L66: =IF(J66="","",J66*E66/1000*F66) | M66: =IF(OR(C66="",G66="",G66="無"),"",IFERROR(K66*IF(OR(H66="",H66=0),E66,H66)/1000*F66-IF(I66="是",VLOOKUP(C66,規格資料庫!$A$2:$E$162,5,FALSE())/1000*IF(OR(H66="",H66=0),E66,H66)/1000*F66,0),"")) | N66: =IFERROR(VLOOKUP(C66,規格資料庫!$A$2:$B$162,2,FALSE()),"")
J67: =IFERROR(VLOOKUP(C67,規格資料庫!$A$2:$E$162,3,FALSE()),"") | K67: =IFERROR(VLOOKUP(C67,規格資料庫!$A$2:$E$162,4,FALSE()),"") | L67: =IF(J67="","",J67*E67/1000*F67) | M67: =IF(OR(C67="",G67="",G67="無"),"",IFERROR(K67*IF(OR(H67="",H67=0),E67,H67)/1000*F67-IF(I67="是",VLOOKUP(C67,規格資料庫!$A$2:$E$162,5,FALSE())/1000*IF(OR(H67="",H67=0),E67,H67)/1000*F67,0),"")) | N67: =IFERROR(VLOOKUP(C67,規格資料庫!$A$2:$B$162,2,FALSE()),"")
J68: =IFERROR(VLOOKUP(C68,規格資料庫!$A$2:$E$162,3,FALSE()),"") | K68: =IFERROR(VLOOKUP(C68,規格資料庫!$A$2:$E$162,4,FALSE()),"") | L68: =IF(J68="","",J68*E68/1000*F68) | M68: =IF(OR(C68="",G68="",G68="無"),"",IFERROR(K68*IF(OR(H68="",H68=0),E68,H68)/1000*F68-IF(I68="是",VLOOKUP(C68,規格資料庫!$A$2:$E$162,5,FALSE())/1000*IF(OR(H68="",H68=0),E68,H68)/1000*F68,0),"")) | N68: =IFERROR(VLOOKUP(C68,規格資料庫!$A$2:$B$162,2,FALSE()),"")
... J72: =IFERROR(VLOOKUP(C72,規格資料庫!$A$2:$E$162,3,FALSE()),"") | K72: =IFERROR(VLOOKUP(C72,規格資料庫!$A$2:$E$162,4,FALSE()),"") | L72: =IF(J72="","",J72*E72/1000*F72) | M72: =IF(OR(C72="",G72="",G72="無"),"",IFERROR(K72*IF(OR(H72="",H72=0),E72,H72)/1000*F72-IF(I72="是",VLOOKUP(C72,規格資料庫!$A$2:$E$162,5,FALSE())/1000*IF(OR(H72="",H72=0),E72,H72)/1000*F72,0),"")) | N72: =IFERROR(VLOOKUP(C72,規格資料庫!$A$2:$B$162,2,FALSE()),"")
A73: 小計 | L73: =SUM(L53:L72) -> 1464.858 | M73: =SUM(M53:M72) -> 40.134 | O73: =SUMIF(G53:G72,"油漆",M53:M72) -> 18.954 | P73: =SUMIF(G53:G72,"防火漆1hr",M53:M72) -> 21.18 | Q73: =SUMIF(G53:G72,"防火漆2hr",M53:M72) -> 0 | R73: =SUMIF(G53:G72,"防火批覆",M53:M72) -> 0 | S73: =SUMPRODUCT((D53:D72="SN400B")*IF(ISNUMBER(L53:L72),L53:L72,0)) -> 906.858 | T73: =SUMPRODUCT((D53:D72="A36")*IF(ISNUMBER(L53:L72),L53:L72,0)) -> 558 | U73: =SUMPRODUCT((D53:D72="SN490B")*IF(ISNUMBER(L53:L72),L53:L72,0)) -> 0 | V73: =SUMPRODUCT((D53:D72="A572 Gr.50")*IF(ISNUMBER(L53:L72),L53:L72,0)) -> 0 | W73: =SUMPRODUCT((N53:N72="GR")*IF(ISNUMBER(L53:L72),L53:L72,0)) -> 0 | X73: =SUMPRODUCT((N53:N72="CP")*IF(ISNUMBER(L53:L72),L53:L72,0)) -> 0
A75: ▎ 區塊 D — 備用
A76: ▼快速篩選 | B76: 構件名稱 | C76: ▼規格 | D76: ▼材質 | E76: 長度(mm) | F76: 數量 | G76: ▼塗裝類型 | H76: 塗裝長度 (mm)空白=全塗 | I76: ▼扣梁上面積 | J76: 單位重 | K76: 表面積 (m²/m) | L76: 重量(kg) | M76: 塗裝面積 (m²)
J77: =IFERROR(VLOOKUP(C77,規格資料庫!$A$2:$E$162,3,FALSE()),"") | K77: =IFERROR(VLOOKUP(C77,規格資料庫!$A$2:$E$162,4,FALSE()),"") | L77: =IF(J77="","",J77*E77/1000*F77) | M77: =IF(OR(C77="",G77="",G77="無"),"",IFERROR(K77*IF(OR(H77="",H77=0),E77,H77)/1000*F77-IF(I77="是",VLOOKUP(C77,規格資料庫!$A$2:$E$162,5,FALSE())/1000*IF(OR(H77="",H77=0),E77,H77)/1000*F77,0),"")) | N77: =IFERROR(VLOOKUP(C77,規格資料庫!$A$2:$B$162,2,FALSE()),"")
J78: =IFERROR(VLOOKUP(C78,規格資料庫!$A$2:$E$162,3,FALSE()),"") | K78: =IFERROR(VLOOKUP(C78,規格資料庫!$A$2:$E$162,4,FALSE()),"") | L78: =IF(J78="","",J78*E78/1000*F78) | M78: =IF(OR(C78="",G78="",G78="無"),"",IFERROR(K78*IF(OR(H78="",H78=0),E78,H78)/1000*F78-IF(I78="是",VLOOKUP(C78,規格資料庫!$A$2:$E$162,5,FALSE())/1000*IF(OR(H78="",H78=0),E78,H78)/1000*F78,0),"")) | N78: =IFERROR(VLOOKUP(C78,規格資料庫!$A$2:$B$162,2,FALSE()),"")
J79: =IFERROR(VLOOKUP(C79,規格資料庫!$A$2:$E$162,3,FALSE()),"") | K79: =IFERROR(VLOOKUP(C79,規格資料庫!$A$2:$E$162,4,FALSE()),"") | L79: =IF(J79="","",J79*E79/1000*F79) | M79: =IF(OR(C79="",G79="",G79="無"),"",IFERROR(K79*IF(OR(H79="",H79=0),E79,H79)/1000*F79-IF(I79="是",VLOOKUP(C79,規格資料庫!$A$2:$E$162,5,FALSE())/1000*IF(OR(H79="",H79=0),E79,H79)/1000*F79,0),"")) | N79: =IFERROR(VLOOKUP(C79,規格資料庫!$A$2:$B$162,2,FALSE()),"")
J80: =IFERROR(VLOOKUP(C80,規格資料庫!$A$2:$E$162,3,FALSE()),"") | K80: =IFERROR(VLOOKUP(C80,規格資料庫!$A$2:$E$162,4,FALSE()),"") | L80: =IF(J80="","",J80*E80/1000*F80) | M80: =IF(OR(C80="",G80="",G80="無"),"",IFERROR(K80*IF(OR(H80="",H80=0),E80,H80)/1000*F80-IF(I80="是",VLOOKUP(C80,規格資料庫!$A$2:$E$162,5,FALSE())/1000*IF(OR(H80="",H80=0),E80,H80)/1000*F80,0),"")) | N80: =IFERROR(VLOOKUP(C80,規格資料庫!$A$2:$B$162,2,FALSE()),"")
J81: =IFERROR(VLOOKUP(C81,規格資料庫!$A$2:$E$162,3,FALSE()),"") | K81: =IFERROR(VLOOKUP(C81,規格資料庫!$A$2:$E$162,4,FALSE()),"") | L81: =IF(J81="","",J81*E81/1000*F81) | M81: =IF(OR(C81="",G81="",G81="無"),"",IFERROR(K81*IF(OR(H81="",H81=0),E81,H81)/1000*F81-IF(I81="是",VLOOKUP(C81,規格資料庫!$A$2:$E$162,5,FALSE())/1000*IF(OR(H81="",H81=0),E81,H81)/1000*F81,0),"")) | N81: =IFERROR(VLOOKUP(C81,規格資料庫!$A$2:$B$162,2,FALSE()),"")
J82: =IFERROR(VLOOKUP(C82,規格資料庫!$A$2:$E$162,3,FALSE()),"") | K82: =IFERROR(VLOOKUP(C82,規格資料庫!$A$2:$E$162,4,FALSE()),"") | L82: =IF(J82="","",J82*E82/1000*F82) | M82: =IF(OR(C82="",G82="",G82="無"),"",IFERROR(K82*IF(OR(H82="",H82=0),E82,H82)/1000*F82-IF(I82="是",VLOOKUP(C82,規格資料庫!$A$2:$E$162,5,FALSE())/1000*IF(OR(H82="",H82=0),E82,H82)/1000*F82,0),"")) | N82: =IFERROR(VLOOKUP(C82,規格資料庫!$A$2:$B$162,2,FALSE()),"")
J83: =IFERROR(VLOOKUP(C83,規格資料庫!$A$2:$E$162,3,FALSE()),"") | K83: =IFERROR(VLOOKUP(C83,規格資料庫!$A$2:$E$162,4,FALSE()),"") | L83: =IF(J83="","",J83*E83/1000*F83) | M83: =IF(OR(C83="",G83="",G83="無"),"",IFERROR(K83*IF(OR(H83="",H83=0),E83,H83)/1000*F83-IF(I83="是",VLOOKUP(C83,規格資料庫!$A$2:$E$162,5,FALSE())/1000*IF(OR(H83="",H83=0),E83,H83)/1000*F83,0),"")) | N83: =IFERROR(VLOOKUP(C83,規格資料庫!$A$2:$B$162,2,FALSE()),"")
J84: =IFERROR(VLOOKUP(C84,規格資料庫!$A$2:$E$162,3,FALSE()),"") | K84: =IFERROR(VLOOKUP(C84,規格資料庫!$A$2:$E$162,4,FALSE()),"") | L84: =IF(J84="","",J84*E84/1000*F84) | M84: =IF(OR(C84="",G84="",G84="無"),"",IFERROR(K84*IF(OR(H84="",H84=0),E84,H84)/1000*F84-IF(I84="是",VLOOKUP(C84,規格資料庫!$A$2:$E$162,5,FALSE())/1000*IF(OR(H84="",H84=0),E84,H84)/1000*F84,0),"")) | N84: =IFERROR(VLOOKUP(C84,規格資料庫!$A$2:$B$162,2,FALSE()),"")
J85: =IFERROR(VLOOKUP(C85,規格資料庫!$A$2:$E$162,3,FALSE()),"") | K85: =IFERROR(VLOOKUP(C85,規格資料庫!$A$2:$E$162,4,FALSE()),"") | L85: =IF(J85="","",J85*E85/1000*F85) | M85: =IF(OR(C85="",G85="",G85="無"),"",IFERROR(K85*IF(OR(H85="",H85=0),E85,H85)/1000*F85-IF(I85="是",VLOOKUP(C85,規格資料庫!$A$2:$E$162,5,FALSE())/1000*IF(OR(H85="",H85=0),E85,H85)/1000*F85,0),"")) | N85: =IFERROR(VLOOKUP(C85,規格資料庫!$A$2:$B$162,2,FALSE()),"")
J86: =IFERROR(VLOOKUP(C86,規格資料庫!$A$2:$E$162,3,FALSE()),"") | K86: =IFERROR(VLOOKUP(C86,規格資料庫!$A$2:$E$162,4,FALSE()),"") | L86: =IF(J86="","",J86*E86/1000*F86) | M86: =IF(OR(C86="",G86="",G86="無"),"",IFERROR(K86*IF(OR(H86="",H86=0),E86,H86)/1000*F86-IF(I86="是",VLOOKUP(C86,規格資料庫!$A$2:$E$162,5,FALSE())/1000*IF(OR(H86="",H86=0),E86,H86)/1000*F86,0),"")) | N86: =IFERROR(VLOOKUP(C86,規格資料庫!$A$2:$B$162,2,FALSE()),"")
J87: =IFERROR(VLOOKUP(C87,規格資料庫!$A$2:$E$162,3,FALSE()),"") | K87: =IFERROR(VLOOKUP(C87,規格資料庫!$A$2:$E$162,4,FALSE()),"") | L87: =IF(J87="","",J87*E87/1000*F87) | M87: =IF(OR(C87="",G87="",G87="無"),"",IFERROR(K87*IF(OR(H87="",H87=0),E87,H87)/1000*F87-IF(I87="是",VLOOKUP(C87,規格資料庫!$A$2:$E$162,5,FALSE())/1000*IF(OR(H87="",H87=0),E87,H87)/1000*F87,0),"")) | N87: =IFERROR(VLOOKUP(C87,規格資料庫!$A$2:$B$162,2,FALSE()),"")
J88: =IFERROR(VLOOKUP(C88,規格資料庫!$A$2:$E$162,3,FALSE()),"") | K88: =IFERROR(VLOOKUP(C88,規格資料庫!$A$2:$E$162,4,FALSE()),"") | L88: =IF(J88="","",J88*E88/1000*F88) | M88: =IF(OR(C88="",G88="",G88="無"),"",IFERROR(K88*IF(OR(H88="",H88=0),E88,H88)/1000*F88-IF(I88="是",VLOOKUP(C88,規格資料庫!$A$2:$E$162,5,FALSE())/1000*IF(OR(H88="",H88=0),E88,H88)/1000*F88,0),"")) | N88: =IFERROR(VLOOKUP(C88,規格資料庫!$A$2:$B$162,2,FALSE()),"")
... J96: =IFERROR(VLOOKUP(C96,規格資料庫!$A$2:$E$162,3,FALSE()),"") | K96: =IFERROR(VLOOKUP(C96,規格資料庫!$A$2:$E$162,4,FALSE()),"") | L96: =IF(J96="","",J96*E96/1000*F96) | M96: =IF(OR(C96="",G96="",G96="無"),"",IFERROR(K96*IF(OR(H96="",H96=0),E96,H96)/1000*F96-IF(I96="是",VLOOKUP(C96,規格資料庫!$A$2:$E$162,5,FALSE())/1000*IF(OR(H96="",H96=0),E96,H96)/1000*F96,0),"")) | N96: =IFERROR(VLOOKUP(C96,規格資料庫!$A$2:$B$162,2,FALSE()),"")
A97: 小計 | L97: =SUM(L77:L96) -> 0 | M97: =SUM(M77:M96) -> 0 | O97: =SUMIF(G77:G96,"油漆",M77:M96) -> 0 | P97: =SUMIF(G77:G96,"防火漆1hr",M77:M96) -> 0 | Q97: =SUMIF(G77:G96,"防火漆2hr",M77:M96) -> 0 | R97: =SUMIF(G77:G96,"防火批覆",M77:M96) -> 0 | S97: =SUMPRODUCT((D77:D96="SN400B")*IF(ISNUMBER(L77:L96),L77:L96,0)) -> 0 | T97: =SUMPRODUCT((D77:D96="A36")*IF(ISNUMBER(L77:L96),L77:L96,0)) -> 0 | U97: =SUMPRODUCT((D77:D96="SN490B")*IF(ISNUMBER(L77:L96),L77:L96,0)) -> 0 | V97: =SUMPRODUCT((D77:D96="A572 Gr.50")*IF(ISNUMBER(L77:L96),L77:L96,0)) -> 0 | W97: =SUMPRODUCT((N77:N96="GR")*IF(ISNUMBER(L77:L96),L77:L96,0)) -> 0 | X97: =SUMPRODUCT((N77:N96="CP")*IF(ISNUMBER(L77:L96),L77:L96,0)) -> 0
A99: ▎ 區塊 E — 備用
A100: ▼快速篩選 | B100: 構件名稱 | C100: ▼規格 | D100: ▼材質 | E100: 長度(mm) | F100: 數量 | G100: ▼塗裝類型 | H100: 塗裝長度 (mm)空白=全塗 | I100: ▼扣梁上面積 | J100: 單位重 | K100: 表面積 (m²/m) | L100: 重量(kg) | M100: 塗裝面積 (m²)
J101: =IFERROR(VLOOKUP(C101,規格資料庫!$A$2:$E$162,3,FALSE()),"") | K101: =IFERROR(VLOOKUP(C101,規格資料庫!$A$2:$E$162,4,FALSE()),"") | L101: =IF(J101="","",J101*E101/1000*F101) | M101: =IF(OR(C101="",G101="",G101="無"),"",IFERROR(K101*IF(OR(H101="",H101=0),E101,H101)/1000*F101-IF(I101="是",VLOOKUP(C101,規格資料庫!$A$2:$E$162,5,FALSE())/1000*IF(OR(H101="",H101=0),E101,H101)/1000*F101,0),"")) | N101: =IFERROR(VLOOKUP(C101,規格資料庫!$A$2:$B$162,2,FALSE()),"")
J102: =IFERROR(VLOOKUP(C102,規格資料庫!$A$2:$E$162,3,FALSE()),"") | K102: =IFERROR(VLOOKUP(C102,規格資料庫!$A$2:$E$162,4,FALSE()),"") | L102: =IF(J102="","",J102*E102/1000*F102) | M102: =IF(OR(C102="",G102="",G102="無"),"",IFERROR(K102*IF(OR(H102="",H102=0),E102,H102)/1000*F102-IF(I102="是",VLOOKUP(C102,規格資料庫!$A$2:$E$162,5,FALSE())/1000*IF(OR(H102="",H102=0),E102,H102)/1000*F102,0),"")) | N102: =IFERROR(VLOOKUP(C102,規格資料庫!$A$2:$B$162,2,FALSE()),"")
J103: =IFERROR(VLOOKUP(C103,規格資料庫!$A$2:$E$162,3,FALSE()),"") | K103: =IFERROR(VLOOKUP(C103,規格資料庫!$A$2:$E$162,4,FALSE()),"") | L103: =IF(J103="","",J103*E103/1000*F103) | M103: =IF(OR(C103="",G103="",G103="無"),"",IFERROR(K103*IF(OR(H103="",H103=0),E103,H103)/1000*F103-IF(I103="是",VLOOKUP(C103,規格資料庫!$A$2:$E$162,5,FALSE())/1000*IF(OR(H103="",H103=0),E103,H103)/1000*F103,0),"")) | N103: =IFERROR(VLOOKUP(C103,規格資料庫!$A$2:$B$162,2,FALSE()),"")
J104: =IFERROR(VLOOKUP(C104,規格資料庫!$A$2:$E$162,3,FALSE()),"") | K104: =IFERROR(VLOOKUP(C104,規格資料庫!$A$2:$E$162,4,FALSE()),"") | L104: =IF(J104="","",J104*E104/1000*F104) | M104: =IF(OR(C104="",G104="",G104="無"),"",IFERROR(K104*IF(OR(H104="",H104=0),E104,H104)/1000*F104-IF(I104="是",VLOOKUP(C104,規格資料庫!$A$2:$E$162,5,FALSE())/1000*IF(OR(H104="",H104=0),E104,H104)/1000*F104,0),"")) | N104: =IFERROR(VLOOKUP(C104,規格資料庫!$A$2:$B$162,2,FALSE()),"")
J105: =IFERROR(VLOOKUP(C105,規格資料庫!$A$2:$E$162,3,FALSE()),"") | K105: =IFERROR(VLOOKUP(C105,規格資料庫!$A$2:$E$162,4,FALSE()),"") | L105: =IF(J105="","",J105*E105/1000*F105) | M105: =IF(OR(C105="",G105="",G105="無"),"",IFERROR(K105*IF(OR(H105="",H105=0),E105,H105)/1000*F105-IF(I105="是",VLOOKUP(C105,規格資料庫!$A$2:$E$162,5,FALSE())/1000*IF(OR(H105="",H105=0),E105,H105)/1000*F105,0),"")) | N105: =IFERROR(VLOOKUP(C105,規格資料庫!$A$2:$B$162,2,FALSE()),"")
J106: =IFERROR(VLOOKUP(C106,規格資料庫!$A$2:$E$162,3,FALSE()),"") | K106: =IFERROR(VLOOKUP(C106,規格資料庫!$A$2:$E$162,4,FALSE()),"") | L106: =IF(J106="","",J106*E106/1000*F106) | M106: =IF(OR(C106="",G106="",G106="無"),"",IFERROR(K106*IF(OR(H106="",H106=0),E106,H106)/1000*F106-IF(I106="是",VLOOKUP(C106,規格資料庫!$A$2:$E$162,5,FALSE())/1000*IF(OR(H106="",H106=0),E106,H106)/1000*F106,0),"")) | N106: =IFERROR(VLOOKUP(C106,規格資料庫!$A$2:$B$162,2,FALSE()),"")
J107: =IFERROR(VLOOKUP(C107,規格資料庫!$A$2:$E$162,3,FALSE()),"") | K107: =IFERROR(VLOOKUP(C107,規格資料庫!$A$2:$E$162,4,FALSE()),"") | L107: =IF(J107="","",J107*E107/1000*F107) | M107: =IF(OR(C107="",G107="",G107="無"),"",IFERROR(K107*IF(OR(H107="",H107=0),E107,H107)/1000*F107-IF(I107="是",VLOOKUP(C107,規格資料庫!$A$2:$E$162,5,FALSE())/1000*IF(OR(H107="",H107=0),E107,H107)/1000*F107,0),"")) | N107: =IFERROR(VLOOKUP(C107,規格資料庫!$A$2:$B$162,2,FALSE()),"")
J108: =IFERROR(VLOOKUP(C108,規格資料庫!$A$2:$E$162,3,FALSE()),"") | K108: =IFERROR(VLOOKUP(C108,規格資料庫!$A$2:$E$162,4,FALSE()),"") | L108: =IF(J108="","",J108*E108/1000*F108) | M108: =IF(OR(C108="",G108="",G108="無"),"",IFERROR(K108*IF(OR(H108="",H108=0),E108,H108)/1000*F108-IF(I108="是",VLOOKUP(C108,規格資料庫!$A$2:$E$162,5,FALSE())/1000*IF(OR(H108="",H108=0),E108,H108)/1000*F108,0),"")) | N108: =IFERROR(VLOOKUP(C108,規格資料庫!$A$2:$B$162,2,FALSE()),"")
J109: =IFERROR(VLOOKUP(C109,規格資料庫!$A$2:$E$162,3,FALSE()),"") | K109: =IFERROR(VLOOKUP(C109,規格資料庫!$A$2:$E$162,4,FALSE()),"") | L109: =IF(J109="","",J109*E109/1000*F109) | M109: =IF(OR(C109="",G109="",G109="無"),"",IFERROR(K109*IF(OR(H109="",H109=0),E109,H109)/1000*F109-IF(I109="是",VLOOKUP(C109,規格資料庫!$A$2:$E$162,5,FALSE())/1000*IF(OR(H109="",H109=0),E109,H109)/1000*F109,0),"")) | N109: =IFERROR(VLOOKUP(C109,規格資料庫!$A$2:$B$162,2,FALSE()),"")
J110: =IFERROR(VLOOKUP(C110,規格資料庫!$A$2:$E$162,3,FALSE()),"") | K110: =IFERROR(VLOOKUP(C110,規格資料庫!$A$2:$E$162,4,FALSE()),"") | L110: =IF(J110="","",J110*E110/1000*F110) | M110: =IF(OR(C110="",G110="",G110="無"),"",IFERROR(K110*IF(OR(H110="",H110=0),E110,H110)/1000*F110-IF(I110="是",VLOOKUP(C110,規格資料庫!$A$2:$E$162,5,FALSE())/1000*IF(OR(H110="",H110=0),E110,H110)/1000*F110,0),"")) | N110: =IFERROR(VLOOKUP(C110,規格資料庫!$A$2:$B$162,2,FALSE()),"")
J111: =IFERROR(VLOOKUP(C111,規格資料庫!$A$2:$E$162,3,FALSE()),"") | K111: =IFERROR(VLOOKUP(C111,規格資料庫!$A$2:$E$162,4,FALSE()),"") | L111: =IF(J111="","",J111*E111/1000*F111) | M111: =IF(OR(C111="",G111="",G111="無"),"",IFERROR(K111*IF(OR(H111="",H111=0),E111,H111)/1000*F111-IF(I111="是",VLOOKUP(C111,規格資料庫!$A$2:$E$162,5,FALSE())/1000*IF(OR(H111="",H111=0),E111,H111)/1000*F111,0),"")) | N111: =IFERROR(VLOOKUP(C111,規格資料庫!$A$2:$B$162,2,FALSE()),"")
J112: =IFERROR(VLOOKUP(C112,規格資料庫!$A$2:$E$162,3,FALSE()),"") | K112: =IFERROR(VLOOKUP(C112,規格資料庫!$A$2:$E$162,4,FALSE()),"") | L112: =IF(J112="","",J112*E112/1000*F112) | M112: =IF(OR(C112="",G112="",G112="無"),"",IFERROR(K112*IF(OR(H112="",H112=0),E112,H112)/1000*F112-IF(I112="是",VLOOKUP(C112,規格資料庫!$A$2:$E$162,5,FALSE())/1000*IF(OR(H112="",H112=0),E112,H112)/1000*F112,0),"")) | N112: =IFERROR(VLOOKUP(C112,規格資料庫!$A$2:$B$162,2,FALSE()),"")
... J120: =IFERROR(VLOOKUP(C120,規格資料庫!$A$2:$E$162,3,FALSE()),"") | K120: =IFERROR(VLOOKUP(C120,規格資料庫!$A$2:$E$162,4,FALSE()),"") | L120: =IF(J120="","",J120*E120/1000*F120) | M120: =IF(OR(C120="",G120="",G120="無"),"",IFERROR(K120*IF(OR(H120="",H120=0),E120,H120)/1000*F120-IF(I120="是",VLOOKUP(C120,規格資料庫!$A$2:$E$162,5,FALSE())/1000*IF(OR(H120="",H120=0),E120,H120)/1000*F120,0),"")) | N120: =IFERROR(VLOOKUP(C120,規格資料庫!$A$2:$B$162,2,FALSE()),"")
A121: 小計 | L121: =SUM(L101:L120) -> 0 | M121: =SUM(M101:M120) -> 0 | O121: =SUMIF(G101:G120,"油漆",M101:M120) -> 0 | P121: =SUMIF(G101:G120,"防火漆1hr",M101:M120) -> 0 | Q121: =SUMIF(G101:G120,"防火漆2hr",M101:M120) -> 0 | R121: =SUMIF(G101:G120,"防火批覆",M101:M120) -> 0 | S121: =SUMPRODUCT((D101:D120="SN400B")*IF(ISNUMBER(L101:L120),L101:L120,0)) -> 0 | T121: =SUMPRODUCT((D101:D120="A36")*IF(ISNUMBER(L101:L120),L101:L120,0)) -> 0 | U121: =SUMPRODUCT((D101:D120="SN490B")*IF(ISNUMBER(L101:L120),L101:L120,0)) -> 0 | V121: =SUMPRODUCT((D101:D120="A572 Gr.50")*IF(ISNUMBER(L101:L120),L101:L120,0)) -> 0 | W121: =SUMPRODUCT((N101:N120="GR")*IF(ISNUMBER(L101:L120),L101:L120,0)) -> 0 | X121: =SUMPRODUCT((N101:N120="CP")*IF(ISNUMBER(L101:L120),L101:L120,0)) -> 0

Sheet ❸ 樓層配置
A1: 填寫每層各區塊Bay數量，右側自動計算。
A3: 樓層 | B3: 區塊A 數量 | C3: 區塊B 數量 | D3: 區塊C 數量 | E3: 區塊D 數量 | F3: 區塊E 數量 | G3: 樓層重量 (kg) | H3: 油漆面積 (m²) | I3: 防火漆1hr 面積(m²) | J3: 防火漆2hr 面積(m²) | K3: 防火批覆 面積(m²) | L3: 樓層總面積 (m²)
A4: 1F | B4: 6 | C4: 2 | D4: 4 | E4: 0 | F4: 0 | G4: =IF(A4="","",IF(B4="",0,B4)*'❷ 區塊定義'!L25+IF(C4="",0,C4)*'❷ 區塊定義'!L49+IF(D4="",0,D4)*'❷ 區塊定義'!L73+IF(E4="",0,E4)*'❷ 區塊定義'!L97+IF(F4="",0,F4)*'❷ 區塊定義'!L121) -> 79602.432 | H4: =IF(A4="","",IF(B4="",0,B4)*'❷ 區塊定義'!O25+IF(C4="",0,C4)*'❷ 區塊定義'!O49+IF(D4="",0,D4)*'❷ 區塊定義'!O73+IF(E4="",0,E4)*'❷ 區塊定義'!O97+IF(F4="",0,F4)*'❷ 區塊定義'!O121) -> 527.656 | I4: =IF(A4="","",IF(B4="",0,B4)*'❷ 區塊定義'!P25+IF(C4="",0,C4)*'❷ 區塊定義'!P49+IF(D4="",0,D4)*'❷ 區塊定義'!P73+IF(E4="",0,E4)*'❷ 區塊定義'!P97+IF(F4="",0,F4)*'❷ 區塊定義'!P121) -> 84.72 | J4: =IF(A4="","",IF(B4="",0,B4)*'❷ 區塊定義'!Q25+IF(C4="",0,C4)*'❷ 區塊定義'!Q49+IF(D4="",0,D4)*'❷ 區塊定義'!Q73+IF(E4="",0,E4)*'❷ 區塊定義'!Q97+IF(F4="",0,F4)*'❷ 區塊定義'!Q121) -> 326.4 | K4: =IF(A4="","",IF(B4="",0,B4)*'❷ 區塊定義'!R25+IF(C4="",0,C4)*'❷ 區塊定義'!R49+IF(D4="",0,D4)*'❷ 區塊定義'!R73+IF(E4="",0,E4)*'❷ 區塊定義'!R97+IF(F4="",0,F4)*'❷ 區塊定義'!R121) -> 0 | L4: =IF(A4="","",H4+I4+J4+K4) -> 938.776 | M4: =IF(A4="","",IF(B4="",0,B4)*'❷ 區塊定義'!S25+IF(C4="",0,C4)*'❷ 區塊定義'!S49+IF(D4="",0,D4)*'❷ 區塊定義'!S73+IF(E4="",0,E4)*'❷ 區塊定義'!S97+IF(F4="",0,F4)*'❷ 區塊定義'!S121) -> 76476.432 | N4: =IF(A4="","",IF(B4="",0,B4)*'❷ 區塊定義'!T25+IF(C4="",0,C4)*'❷ 區塊定義'!T49+IF(D4="",0,D4)*'❷ 區塊定義'!T73+IF(E4="",0,E4)*'❷ 區塊定義'!T97+IF(F4="",0,F4)*'❷ 區塊定義'!T121) -> 3126 | O4: =IF(A4="","",IF(B4="",0,B4)*'❷ 區塊定義'!U25+IF(C4="",0,C4)*'❷ 區塊定義'!U49+IF(D4="",0,D4)*'❷ 區塊定義'!U73+IF(E4="",0,E4)*'❷ 區塊定義'!U97+IF(F4="",0,F4)*'❷ 區塊定義'!U121) -> 0 | P4: =IF(A4="","",IF(B4="",0,B4)*'❷ 區塊定義'!V25+IF(C4="",0,C4)*'❷ 區塊定義'!V49+IF(D4="",0,D4)*'❷ 區塊定義'!V73+IF(E4="",0,E4)*'❷ 區塊定義'!V97+IF(F4="",0,F4)*'❷ 區塊定義'!V121) -> 0 | Q4: =IF(A4="","",IF(B4="",0,B4)*'❷ 區塊定義'!W25+IF(C4="",0,C4)*'❷ 區塊定義'!W49+IF(D4="",0,D4)*'❷ 區塊定義'!W73+IF(E4="",0,E4)*'❷ 區塊定義'!W97+IF(F4="",0,F4)*'❷ 區塊定義'!W121) -> 0 | R4: =IF(A4="","",IF(B4="",0,B4)*'❷ 區塊定義'!X25+IF(C4="",0,C4)*'❷ 區塊定義'!X49+IF(D4="",0,D4)*'❷ 區塊定義'!X73+IF(E4="",0,E4)*'❷ 區塊定義'!X97+IF(F4="",0,F4)*'❷ 區塊定義'!X121) -> 0
A5: 2F | B5: 6 | C5: 2 | D5: 4 | E5: 0 | F5: 0 | G5: =IF(A5="","",IF(B5="",0,B5)*'❷ 區塊定義'!L25+IF(C5="",0,C5)*'❷ 區塊定義'!L49+IF(D5="",0,D5)*'❷ 區塊定義'!L73+IF(E5="",0,E5)*'❷ 區塊定義'!L97+IF(F5="",0,F5)*'❷ 區塊定義'!L121) -> 79602.432 | H5: =IF(A5="","",IF(B5="",0,B5)*'❷ 區塊定義'!O25+IF(C5="",0,C5)*'❷ 區塊定義'!O49+IF(D5="",0,D5)*'❷ 區塊定義'!O73+IF(E5="",0,E5)*'❷ 區塊定義'!O97+IF(F5="",0,F5)*'❷ 區塊定義'!O121) -> 527.656 | I5: =IF(A5="","",IF(B5="",0,B5)*'❷ 區塊定義'!P25+IF(C5="",0,C5)*'❷ 區塊定義'!P49+IF(D5="",0,D5)*'❷ 區塊定義'!P73+IF(E5="",0,E5)*'❷ 區塊定義'!P97+IF(F5="",0,F5)*'❷ 區塊定義'!P121) -> 84.72 | J5: =IF(A5="","",IF(B5="",0,B5)*'❷ 區塊定義'!Q25+IF(C5="",0,C5)*'❷ 區塊定義'!Q49+IF(D5="",0,D5)*'❷ 區塊定義'!Q73+IF(E5="",0,E5)*'❷ 區塊定義'!Q97+IF(F5="",0,F5)*'❷ 區塊定義'!Q121) -> 326.4 | K5: =IF(A5="","",IF(B5="",0,B5)*'❷ 區塊定義'!R25+IF(C5="",0,C5)*'❷ 區塊定義'!R49+IF(D5="",0,D5)*'❷ 區塊定義'!R73+IF(E5="",0,E5)*'❷ 區塊定義'!R97+IF(F5="",0,F5)*'❷ 區塊定義'!R121) -> 0 | L5: =IF(A5="","",H5+I5+J5+K5) -> 938.776 | M5: =IF(A5="","",IF(B5="",0,B5)*'❷ 區塊定義'!S25+IF(C5="",0,C5)*'❷ 區塊定義'!S49+IF(D5="",0,D5)*'❷ 區塊定義'!S73+IF(E5="",0,E5)*'❷ 區塊定義'!S97+IF(F5="",0,F5)*'❷ 區塊定義'!S121) -> 76476.432 | N5: =IF(A5="","",IF(B5="",0,B5)*'❷ 區塊定義'!T25+IF(C5="",0,C5)*'❷ 區塊定義'!T49+IF(D5="",0,D5)*'❷ 區塊定義'!T73+IF(E5="",0,E5)*'❷ 區塊定義'!T97+IF(F5="",0,F5)*'❷ 區塊定義'!T121) -> 3126 | O5: =IF(A5="","",IF(B5="",0,B5)*'❷ 區塊定義'!U25+IF(C5="",0,C5)*'❷ 區塊定義'!U49+IF(D5="",0,D5)*'❷ 區塊定義'!U73+IF(E5="",0,E5)*'❷ 區塊定義'!U97+IF(F5="",0,F5)*'❷ 區塊定義'!U121) -> 0 | P5: =IF(A5="","",IF(B5="",0,B5)*'❷ 區塊定義'!V25+IF(C5="",0,C5)*'❷ 區塊定義'!V49+IF(D5="",0,D5)*'❷ 區塊定義'!V73+IF(E5="",0,E5)*'❷ 區塊定義'!V97+IF(F5="",0,F5)*'❷ 區塊定義'!V121) -> 0 | Q5: =IF(A5="","",IF(B5="",0,B5)*'❷ 區塊定義'!W25+IF(C5="",0,C5)*'❷ 區塊定義'!W49+IF(D5="",0,D5)*'❷ 區塊定義'!W73+IF(E5="",0,E5)*'❷ 區塊定義'!W97+IF(F5="",0,F5)*'❷ 區塊定義'!W121) -> 0 | R5: =IF(A5="","",IF(B5="",0,B5)*'❷ 區塊定義'!X25+IF(C5="",0,C5)*'❷ 區塊定義'!X49+IF(D5="",0,D5)*'❷ 區塊定義'!X73+IF(E5="",0,E5)*'❷ 區塊定義'!X97+IF(F5="",0,F5)*'❷ 區塊定義'!X121) -> 0
A6: 3F | B6: 6 | C6: 2 | D6: 4 | E6: 0 | F6: 0 | G6: =IF(A6="","",IF(B6="",0,B6)*'❷ 區塊定義'!L25+IF(C6="",0,C6)*'❷ 區塊定義'!L49+IF(D6="",0,D6)*'❷ 區塊定義'!L73+IF(E6="",0,E6)*'❷ 區塊定義'!L97+IF(F6="",0,F6)*'❷ 區塊定義'!L121) -> 79602.432 | H6: =IF(A6="","",IF(B6="",0,B6)*'❷ 區塊定義'!O25+IF(C6="",0,C6)*'❷ 區塊定義'!O49+IF(D6="",0,D6)*'❷ 區塊定義'!O73+IF(E6="",0,E6)*'❷ 區塊定義'!O97+IF(F6="",0,F6)*'❷ 區塊定義'!O121) -> 527.656 | I6: =IF(A6="","",IF(B6="",0,B6)*'❷ 區塊定義'!P25+IF(C6="",0,C6)*'❷ 區塊定義'!P49+IF(D6="",0,D6)*'❷ 區塊定義'!P73+IF(E6="",0,E6)*'❷ 區塊定義'!P97+IF(F6="",0,F6)*'❷ 區塊定義'!P121) -> 84.72 | J6: =IF(A6="","",IF(B6="",0,B6)*'❷ 區塊定義'!Q25+IF(C6="",0,C6)*'❷ 區塊定義'!Q49+IF(D6="",0,D6)*'❷ 區塊定義'!Q73+IF(E6="",0,E6)*'❷ 區塊定義'!Q97+IF(F6="",0,F6)*'❷ 區塊定義'!Q121) -> 326.4 | K6: =IF(A6="","",IF(B6="",0,B6)*'❷ 區塊定義'!R25+IF(C6="",0,C6)*'❷ 區塊定義'!R49+IF(D6="",0,D6)*'❷ 區塊定義'!R73+IF(E6="",0,E6)*'❷ 區塊定義'!R97+IF(F6="",0,F6)*'❷ 區塊定義'!R121) -> 0 | L6: =IF(A6="","",H6+I6+J6+K6) -> 938.776 | M6: =IF(A6="","",IF(B6="",0,B6)*'❷ 區塊定義'!S25+IF(C6="",0,C6)*'❷ 區塊定義'!S49+IF(D6="",0,D6)*'❷ 區塊定義'!S73+IF(E6="",0,E6)*'❷ 區塊定義'!S97+IF(F6="",0,F6)*'❷ 區塊定義'!S121) -> 76476.432 | N6: =IF(A6="","",IF(B6="",0,B6)*'❷ 區塊定義'!T25+IF(C6="",0,C6)*'❷ 區塊定義'!T49+IF(D6="",0,D6)*'❷ 區塊定義'!T73+IF(E6="",0,E6)*'❷ 區塊定義'!T97+IF(F6="",0,F6)*'❷ 區塊定義'!T121) -> 3126 | O6: =IF(A6="","",IF(B6="",0,B6)*'❷ 區塊定義'!U25+IF(C6="",0,C6)*'❷ 區塊定義'!U49+IF(D6="",0,D6)*'❷ 區塊定義'!U73+IF(E6="",0,E6)*'❷ 區塊定義'!U97+IF(F6="",0,F6)*'❷ 區塊定義'!U121) -> 0 | P6: =IF(A6="","",IF(B6="",0,B6)*'❷ 區塊定義'!V25+IF(C6="",0,C6)*'❷ 區塊定義'!V49+IF(D6="",0,D6)*'❷ 區塊定義'!V73+IF(E6="",0,E6)*'❷ 區塊定義'!V97+IF(F6="",0,F6)*'❷ 區塊定義'!V121) -> 0 | Q6: =IF(A6="","",IF(B6="",0,B6)*'❷ 區塊定義'!W25+IF(C6="",0,C6)*'❷ 區塊定義'!W49+IF(D6="",0,D6)*'❷ 區塊定義'!W73+IF(E6="",0,E6)*'❷ 區塊定義'!W97+IF(F6="",0,F6)*'❷ 區塊定義'!W121) -> 0 | R6: =IF(A6="","",IF(B6="",0,B6)*'❷ 區塊定義'!X25+IF(C6="",0,C6)*'❷ 區塊定義'!X49+IF(D6="",0,D6)*'❷ 區塊定義'!X73+IF(E6="",0,E6)*'❷ 區塊定義'!X97+IF(F6="",0,F6)*'❷ 區塊定義'!X121) -> 0
A7: RF | B7: 6 | C7: 0 | D7: 4 | E7: 0 | F7: 0 | G7: =IF(A7="","",IF(B7="",0,B7)*'❷ 區塊定義'!L25+IF(C7="",0,C7)*'❷ 區塊定義'!L49+IF(D7="",0,D7)*'❷ 區塊定義'!L73+IF(E7="",0,E7)*'❷ 區塊定義'!L97+IF(F7="",0,F7)*'❷ 區塊定義'!L121) -> 48630.432 | H7: =IF(A7="","",IF(B7="",0,B7)*'❷ 區塊定義'!O25+IF(C7="",0,C7)*'❷ 區塊定義'!O49+IF(D7="",0,D7)*'❷ 區塊定義'!O73+IF(E7="",0,E7)*'❷ 區塊定義'!O97+IF(F7="",0,F7)*'❷ 區塊定義'!O121) -> 416.196 | I7: =IF(A7="","",IF(B7="",0,B7)*'❷ 區塊定義'!P25+IF(C7="",0,C7)*'❷ 區塊定義'!P49+IF(D7="",0,D7)*'❷ 區塊定義'!P73+IF(E7="",0,E7)*'❷ 區塊定義'!P97+IF(F7="",0,F7)*'❷ 區塊定義'!P121) -> 84.72 | J7: =IF(A7="","",IF(B7="",0,B7)*'❷ 區塊定義'!Q25+IF(C7="",0,C7)*'❷ 區塊定義'!Q49+IF(D7="",0,D7)*'❷ 區塊定義'!Q73+IF(E7="",0,E7)*'❷ 區塊定義'!Q97+IF(F7="",0,F7)*'❷ 區塊定義'!Q121) -> 230.4 | K7: =IF(A7="","",IF(B7="",0,B7)*'❷ 區塊定義'!R25+IF(C7="",0,C7)*'❷ 區塊定義'!R49+IF(D7="",0,D7)*'❷ 區塊定義'!R73+IF(E7="",0,E7)*'❷ 區塊定義'!R97+IF(F7="",0,F7)*'❷ 區塊定義'!R121) -> 0 | L7: =IF(A7="","",H7+I7+J7+K7) -> 731.316 | M7: =IF(A7="","",IF(B7="",0,B7)*'❷ 區塊定義'!S25+IF(C7="",0,C7)*'❷ 區塊定義'!S49+IF(D7="",0,D7)*'❷ 區塊定義'!S73+IF(E7="",0,E7)*'❷ 區塊定義'!S97+IF(F7="",0,F7)*'❷ 區塊定義'!S121) -> 45504.432 | N7: =IF(A7="","",IF(B7="",0,B7)*'❷ 區塊定義'!T25+IF(C7="",0,C7)*'❷ 區塊定義'!T49+IF(D7="",0,D7)*'❷ 區塊定義'!T73+IF(E7="",0,E7)*'❷ 區塊定義'!T97+IF(F7="",0,F7)*'❷ 區塊定義'!T121) -> 3126 | O7: =IF(A7="","",IF(B7="",0,B7)*'❷ 區塊定義'!U25+IF(C7="",0,C7)*'❷ 區塊定義'!U49+IF(D7="",0,D7)*'❷ 區塊定義'!U73+IF(E7="",0,E7)*'❷ 區塊定義'!U97+IF(F7="",0,F7)*'❷ 區塊定義'!U121) -> 0 | P7: =IF(A7="","",IF(B7="",0,B7)*'❷ 區塊定義'!V25+IF(C7="",0,C7)*'❷ 區塊定義'!V49+IF(D7="",0,D7)*'❷ 區塊定義'!V73+IF(E7="",0,E7)*'❷ 區塊定義'!V97+IF(F7="",0,F7)*'❷ 區塊定義'!V121) -> 0 | Q7: =IF(A7="","",IF(B7="",0,B7)*'❷ 區塊定義'!W25+IF(C7="",0,C7)*'❷ 區塊定義'!W49+IF(D7="",0,D7)*'❷ 區塊定義'!W73+IF(E7="",0,E7)*'❷ 區塊定義'!W97+IF(F7="",0,F7)*'❷ 區塊定義'!W121) -> 0 | R7: =IF(A7="","",IF(B7="",0,B7)*'❷ 區塊定義'!X25+IF(C7="",0,C7)*'❷ 區塊定義'!X49+IF(D7="",0,D7)*'❷ 區塊定義'!X73+IF(E7="",0,E7)*'❷ 區塊定義'!X97+IF(F7="",0,F7)*'❷ 區塊定義'!X121) -> 0
G8: =IF(A8="","",IF(B8="",0,B8)*'❷ 區塊定義'!L25+IF(C8="",0,C8)*'❷ 區塊定義'!L49+IF(D8="",0,D8)*'❷ 區塊定義'!L73+IF(E8="",0,E8)*'❷ 區塊定義'!L97+IF(F8="",0,F8)*'❷ 區塊定義'!L121) | H8: =IF(A8="","",IF(B8="",0,B8)*'❷ 區塊定義'!O25+IF(C8="",0,C8)*'❷ 區塊定義'!O49+IF(D8="",0,D8)*'❷ 區塊定義'!O73+IF(E8="",0,E8)*'❷ 區塊定義'!O97+IF(F8="",0,F8)*'❷ 區塊定義'!O121) | I8: =IF(A8="","",IF(B8="",0,B8)*'❷ 區塊定義'!P25+IF(C8="",0,C8)*'❷ 區塊定義'!P49+IF(D8="",0,D8)*'❷ 區塊定義'!P73+IF(E8="",0,E8)*'❷ 區塊定義'!P97+IF(F8="",0,F8)*'❷ 區塊定義'!P121) | J8: =IF(A8="","",IF(B8="",0,B8)*'❷ 區塊定義'!Q25+IF(C8="",0,C8)*'❷ 區塊定義'!Q49+IF(D8="",0,D8)*'❷ 區塊定義'!Q73+IF(E8="",0,E8)*'❷ 區塊定義'!Q97+IF(F8="",0,F8)*'❷ 區塊定義'!Q121) | K8: =IF(A8="","",IF(B8="",0,B8)*'❷ 區塊定義'!R25+IF(C8="",0,C8)*'❷ 區塊定義'!R49+IF(D8="",0,D8)*'❷ 區塊定義'!R73+IF(E8="",0,E8)*'❷ 區塊定義'!R97+IF(F8="",0,F8)*'❷ 區塊定義'!R121) | L8: =IF(A8="","",H8+I8+J8+K8) | M8: =IF(A8="","",IF(B8="",0,B8)*'❷ 區塊定義'!S25+IF(C8="",0,C8)*'❷ 區塊定義'!S49+IF(D8="",0,D8)*'❷ 區塊定義'!S73+IF(E8="",0,E8)*'❷ 區塊定義'!S97+IF(F8="",0,F8)*'❷ 區塊定義'!S121) | N8: =IF(A8="","",IF(B8="",0,B8)*'❷ 區塊定義'!T25+IF(C8="",0,C8)*'❷ 區塊定義'!T49+IF(D8="",0,D8)*'❷ 區塊定義'!T73+IF(E8="",0,E8)*'❷ 區塊定義'!T97+IF(F8="",0,F8)*'❷ 區塊定義'!T121) | O8: =IF(A8="","",IF(B8="",0,B8)*'❷ 區塊定義'!U25+IF(C8="",0,C8)*'❷ 區塊定義'!U49+IF(D8="",0,D8)*'❷ 區塊定義'!U73+IF(E8="",0,E8)*'❷ 區塊定義'!U97+IF(F8="",0,F8)*'❷ 區塊定義'!U121) | P8: =IF(A8="","",IF(B8="",0,B8)*'❷ 區塊定義'!V25+IF(C8="",0,C8)*'❷ 區塊定義'!V49+IF(D8="",0,D8)*'❷ 區塊定義'!V73+IF(E8="",0,E8)*'❷ 區塊定義'!V97+IF(F8="",0,F8)*'❷ 區塊定義'!V121) | Q8: =IF(A8="","",IF(B8="",0,B8)*'❷ 區塊定義'!W25+IF(C8="",0,C8)*'❷ 區塊定義'!W49+IF(D8="",0,D8)*'❷ 區塊定義'!W73+IF(E8="",0,E8)*'❷ 區塊定義'!W97+IF(F8="",0,F8)*'❷ 區塊定義'!W121) | R8: =IF(A8="","",IF(B8="",0,B8)*'❷ 區塊定義'!X25+IF(C8="",0,C8)*'❷ 區塊定義'!X49+IF(D8="",0,D8)*'❷ 區塊定義'!X73+IF(E8="",0,E8)*'❷ 區塊定義'!X97+IF(F8="",0,F8)*'❷ 區塊定義'!X121)
G9: =IF(A9="","",IF(B9="",0,B9)*'❷ 區塊定義'!L25+IF(C9="",0,C9)*'❷ 區塊定義'!L49+IF(D9="",0,D9)*'❷ 區塊定義'!L73+IF(E9="",0,E9)*'❷ 區塊定義'!L97+IF(F9="",0,F9)*'❷ 區塊定義'!L121) | H9: =IF(A9="","",IF(B9="",0,B9)*'❷ 區塊定義'!O25+IF(C9="",0,C9)*'❷ 區塊定義'!O49+IF(D9="",0,D9)*'❷ 區塊定義'!O73+IF(E9="",0,E9)*'❷ 區塊定義'!O97+IF(F9="",0,F9)*'❷ 區塊定義'!O121) | I9: =IF(A9="","",IF(B9="",0,B9)*'❷ 區塊定義'!P25+IF(C9="",0,C9)*'❷ 區塊定義'!P49+IF(D9="",0,D9)*'❷ 區塊定義'!P73+IF(E9="",0,E9)*'❷ 區塊定義'!P97+IF(F9="",0,F9)*'❷ 區塊定義'!P121) | J9: =IF(A9="","",IF(B9="",0,B9)*'❷ 區塊定義'!Q25+IF(C9="",0,C9)*'❷ 區塊定義'!Q49+IF(D9="",0,D9)*'❷ 區塊定義'!Q73+IF(E9="",0,E9)*'❷ 區塊定義'!Q97+IF(F9="",0,F9)*'❷ 區塊定義'!Q121) | K9: =IF(A9="","",IF(B9="",0,B9)*'❷ 區塊定義'!R25+IF(C9="",0,C9)*'❷ 區塊定義'!R49+IF(D9="",0,D9)*'❷ 區塊定義'!R73+IF(E9="",0,E9)*'❷ 區塊定義'!R97+IF(F9="",0,F9)*'❷ 區塊定義'!R121) | L9: =IF(A9="","",H9+I9+J9+K9) | M9: =IF(A9="","",IF(B9="",0,B9)*'❷ 區塊定義'!S25+IF(C9="",0,C9)*'❷ 區塊定義'!S49+IF(D9="",0,D9)*'❷ 區塊定義'!S73+IF(E9="",0,E9)*'❷ 區塊定義'!S97+IF(F9="",0,F9)*'❷ 區塊定義'!S121) | N9: =IF(A9="","",IF(B9="",0,B9)*'❷ 區塊定義'!T25+IF(C9="",0,C9)*'❷ 區塊定義'!T49+IF(D9="",0,D9)*'❷ 區塊定義'!T73+IF(E9="",0,E9)*'❷ 區塊定義'!T97+IF(F9="",0,F9)*'❷ 區塊定義'!T121) | O9: =IF(A9="","",IF(B9="",0,B9)*'❷ 區塊定義'!U25+IF(C9="",0,C9)*'❷ 區塊定義'!U49+IF(D9="",0,D9)*'❷ 區塊定義'!U73+IF(E9="",0,E9)*'❷ 區塊定義'!U97+IF(F9="",0,F9)*'❷ 區塊定義'!U121) | P9: =IF(A9="","",IF(B9="",0,B9)*'❷ 區塊定義'!V25+IF(C9="",0,C9)*'❷ 區塊定義'!V49+IF(D9="",0,D9)*'❷ 區塊定義'!V73+IF(E9="",0,E9)*'❷ 區塊定義'!V97+IF(F9="",0,F9)*'❷ 區塊定義'!V121) | Q9: =IF(A9="","",IF(B9="",0,B9)*'❷ 區塊定義'!W25+IF(C9="",0,C9)*'❷ 區塊定義'!W49+IF(D9="",0,D9)*'❷ 區塊定義'!W73+IF(E9="",0,E9)*'❷ 區塊定義'!W97+IF(F9="",0,F9)*'❷ 區塊定義'!W121) | R9: =IF(A9="","",IF(B9="",0,B9)*'❷ 區塊定義'!X25+IF(C9="",0,C9)*'❷ 區塊定義'!X49+IF(D9="",0,D9)*'❷ 區塊定義'!X73+IF(E9="",0,E9)*'❷ 區塊定義'!X97+IF(F9="",0,F9)*'❷ 區塊定義'!X121)
G10: =IF(A10="","",IF(B10="",0,B10)*'❷ 區塊定義'!L25+IF(C10="",0,C10)*'❷ 區塊定義'!L49+IF(D10="",0,D10)*'❷ 區塊定義'!L73+IF(E10="",0,E10)*'❷ 區塊定義'!L97+IF(F10="",0,F10)*'❷ 區塊定義'!L121) | H10: =IF(A10="","",IF(B10="",0,B10)*'❷ 區塊定義'!O25+IF(C10="",0,C10)*'❷ 區塊定義'!O49+IF(D10="",0,D10)*'❷ 區塊定義'!O73+IF(E10="",0,E10)*'❷ 區塊定義'!O97+IF(F10="",0,F10)*'❷ 區塊定義'!O121) | I10: =IF(A10="","",IF(B10="",0,B10)*'❷ 區塊定義'!P25+IF(C10="",0,C10)*'❷ 區塊定義'!P49+IF(D10="",0,D10)*'❷ 區塊定義'!P73+IF(E10="",0,E10)*'❷ 區塊定義'!P97+IF(F10="",0,F10)*'❷ 區塊定義'!P121) | J10: =IF(A10="","",IF(B10="",0,B10)*'❷ 區塊定義'!Q25+IF(C10="",0,C10)*'❷ 區塊定義'!Q49+IF(D10="",0,D10)*'❷ 區塊定義'!Q73+IF(E10="",0,E10)*'❷ 區塊定義'!Q97+IF(F10="",0,F10)*'❷ 區塊定義'!Q121) | K10: =IF(A10="","",IF(B10="",0,B10)*'❷ 區塊定義'!R25+IF(C10="",0,C10)*'❷ 區塊定義'!R49+IF(D10="",0,D10)*'❷ 區塊定義'!R73+IF(E10="",0,E10)*'❷ 區塊定義'!R97+IF(F10="",0,F10)*'❷ 區塊定義'!R121) | L10: =IF(A10="","",H10+I10+J10+K10) | M10: =IF(A10="","",IF(B10="",0,B10)*'❷ 區塊定義'!S25+IF(C10="",0,C10)*'❷ 區塊定義'!S49+IF(D10="",0,D10)*'❷ 區塊定義'!S73+IF(E10="",0,E10)*'❷ 區塊定義'!S97+IF(F10="",0,F10)*'❷ 區塊定義'!S121) | N10: =IF(A10="","",IF(B10="",0,B10)*'❷ 區塊定義'!T25+IF(C10="",0,C10)*'❷ 區塊定義'!T49+IF(D10="",0,D10)*'❷ 區塊定義'!T73+IF(E10="",0,E10)*'❷ 區塊定義'!T97+IF(F10="",0,F10)*'❷ 區塊定義'!T121) | O10: =IF(A10="","",IF(B10="",0,B10)*'❷ 區塊定義'!U25+IF(C10="",0,C10)*'❷ 區塊定義'!U49+IF(D10="",0,D10)*'❷ 區塊定義'!U73+IF(E10="",0,E10)*'❷ 區塊定義'!U97+IF(F10="",0,F10)*'❷ 區塊定義'!U121) | P10: =IF(A10="","",IF(B10="",0,B10)*'❷ 區塊定義'!V25+IF(C10="",0,C10)*'❷ 區塊定義'!V49+IF(D10="",0,D10)*'❷ 區塊定義'!V73+IF(E10="",0,E10)*'❷ 區塊定義'!V97+IF(F10="",0,F10)*'❷ 區塊定義'!V121) | Q10: =IF(A10="","",IF(B10="",0,B10)*'❷ 區塊定義'!W25+IF(C10="",0,C10)*'❷ 區塊定義'!W49+IF(D10="",0,D10)*'❷ 區塊定義'!W73+IF(E10="",0,E10)*'❷ 區塊定義'!W97+IF(F10="",0,F10)*'❷ 區塊定義'!W121) | R10: =IF(A10="","",IF(B10="",0,B10)*'❷ 區塊定義'!X25+IF(C10="",0,C10)*'❷ 區塊定義'!X49+IF(D10="",0,D10)*'❷ 區塊定義'!X73+IF(E10="",0,E10)*'❷ 區塊定義'!X97+IF(F10="",0,F10)*'❷ 區塊定義'!X121)
G11: =IF(A11="","",IF(B11="",0,B11)*'❷ 區塊定義'!L25+IF(C11="",0,C11)*'❷ 區塊定義'!L49+IF(D11="",0,D11)*'❷ 區塊定義'!L73+IF(E11="",0,E11)*'❷ 區塊定義'!L97+IF(F11="",0,F11)*'❷ 區塊定義'!L121) | H11: =IF(A11="","",IF(B11="",0,B11)*'❷ 區塊定義'!O25+IF(C11="",0,C11)*'❷ 區塊定義'!O49+IF(D11="",0,D11)*'❷ 區塊定義'!O73+IF(E11="",0,E11)*'❷ 區塊定義'!O97+IF(F11="",0,F11)*'❷ 區塊定義'!O121) | I11: =IF(A11="","",IF(B11="",0,B11)*'❷ 區塊定義'!P25+IF(C11="",0,C11)*'❷ 區塊定義'!P49+IF(D11="",0,D11)*'❷ 區塊定義'!P73+IF(E11="",0,E11)*'❷ 區塊定義'!P97+IF(F11="",0,F11)*'❷ 區塊定義'!P121) | J11: =IF(A11="","",IF(B11="",0,B11)*'❷ 區塊定義'!Q25+IF(C11="",0,C11)*'❷ 區塊定義'!Q49+IF(D11="",0,D11)*'❷ 區塊定義'!Q73+IF(E11="",0,E11)*'❷ 區塊定義'!Q97+IF(F11="",0,F11)*'❷ 區塊定義'!Q121) | K11: =IF(A11="","",IF(B11="",0,B11)*'❷ 區塊定義'!R25+IF(C11="",0,C11)*'❷ 區塊定義'!R49+IF(D11="",0,D11)*'❷ 區塊定義'!R73+IF(E11="",0,E11)*'❷ 區塊定義'!R97+IF(F11="",0,F11)*'❷ 區塊定義'!R121) | L11: =IF(A11="","",H11+I11+J11+K11) | M11: =IF(A11="","",IF(B11="",0,B11)*'❷ 區塊定義'!S25+IF(C11="",0,C11)*'❷ 區塊定義'!S49+IF(D11="",0,D11)*'❷ 區塊定義'!S73+IF(E11="",0,E11)*'❷ 區塊定義'!S97+IF(F11="",0,F11)*'❷ 區塊定義'!S121) | N11: =IF(A11="","",IF(B11="",0,B11)*'❷ 區塊定義'!T25+IF(C11="",0,C11)*'❷ 區塊定義'!T49+IF(D11="",0,D11)*'❷ 區塊定義'!T73+IF(E11="",0,E11)*'❷ 區塊定義'!T97+IF(F11="",0,F11)*'❷ 區塊定義'!T121) | O11: =IF(A11="","",IF(B11="",0,B11)*'❷ 區塊定義'!U25+IF(C11="",0,C11)*'❷ 區塊定義'!U49+IF(D11="",0,D11)*'❷ 區塊定義'!U73+IF(E11="",0,E11)*'❷ 區塊定義'!U97+IF(F11="",0,F11)*'❷ 區塊定義'!U121) | P11: =IF(A11="","",IF(B11="",0,B11)*'❷ 區塊定義'!V25+IF(C11="",0,C11)*'❷ 區塊定義'!V49+IF(D11="",0,D11)*'❷ 區塊定義'!V73+IF(E11="",0,E11)*'❷ 區塊定義'!V97+IF(F11="",0,F11)*'❷ 區塊定義'!V121) | Q11: =IF(A11="","",IF(B11="",0,B11)*'❷ 區塊定義'!W25+IF(C11="",0,C11)*'❷ 區塊定義'!W49+IF(D11="",0,D11)*'❷ 區塊定義'!W73+IF(E11="",0,E11)*'❷ 區塊定義'!W97+IF(F11="",0,F11)*'❷ 區塊定義'!W121) | R11: =IF(A11="","",IF(B11="",0,B11)*'❷ 區塊定義'!X25+IF(C11="",0,C11)*'❷ 區塊定義'!X49+IF(D11="",0,D11)*'❷ 區塊定義'!X73+IF(E11="",0,E11)*'❷ 區塊定義'!X97+IF(F11="",0,F11)*'❷ 區塊定義'!X121)
G12: =IF(A12="","",IF(B12="",0,B12)*'❷ 區塊定義'!L25+IF(C12="",0,C12)*'❷ 區塊定義'!L49+IF(D12="",0,D12)*'❷ 區塊定義'!L73+IF(E12="",0,E12)*'❷ 區塊定義'!L97+IF(F12="",0,F12)*'❷ 區塊定義'!L121) | H12: =IF(A12="","",IF(B12="",0,B12)*'❷ 區塊定義'!O25+IF(C12="",0,C12)*'❷ 區塊定義'!O49+IF(D12="",0,D12)*'❷ 區塊定義'!O73+IF(E12="",0,E12)*'❷ 區塊定義'!O97+IF(F12="",0,F12)*'❷ 區塊定義'!O121) | I12: =IF(A12="","",IF(B12="",0,B12)*'❷ 區塊定義'!P25+IF(C12="",0,C12)*'❷ 區塊定義'!P49+IF(D12="",0,D12)*'❷ 區塊定義'!P73+IF(E12="",0,E12)*'❷ 區塊定義'!P97+IF(F12="",0,F12)*'❷ 區塊定義'!P121) | J12: =IF(A12="","",IF(B12="",0,B12)*'❷ 區塊定義'!Q25+IF(C12="",0,C12)*'❷ 區塊定義'!Q49+IF(D12="",0,D12)*'❷ 區塊定義'!Q73+IF(E12="",0,E12)*'❷ 區塊定義'!Q97+IF(F12="",0,F12)*'❷ 區塊定義'!Q121) | K12: =IF(A12="","",IF(B12="",0,B12)*'❷ 區塊定義'!R25+IF(C12="",0,C12)*'❷ 區塊定義'!R49+IF(D12="",0,D12)*'❷ 區塊定義'!R73+IF(E12="",0,E12)*'❷ 區塊定義'!R97+IF(F12="",0,F12)*'❷ 區塊定義'!R121) | L12: =IF(A12="","",H12+I12+J12+K12) | M12: =IF(A12="","",IF(B12="",0,B12)*'❷ 區塊定義'!S25+IF(C12="",0,C12)*'❷ 區塊定義'!S49+IF(D12="",0,D12)*'❷ 區塊定義'!S73+IF(E12="",0,E12)*'❷ 區塊定義'!S97+IF(F12="",0,F12)*'❷ 區塊定義'!S121) | N12: =IF(A12="","",IF(B12="",0,B12)*'❷ 區塊定義'!T25+IF(C12="",0,C12)*'❷ 區塊定義'!T49+IF(D12="",0,D12)*'❷ 區塊定義'!T73+IF(E12="",0,E12)*'❷ 區塊定義'!T97+IF(F12="",0,F12)*'❷ 區塊定義'!T121) | O12: =IF(A12="","",IF(B12="",0,B12)*'❷ 區塊定義'!U25+IF(C12="",0,C12)*'❷ 區塊定義'!U49+IF(D12="",0,D12)*'❷ 區塊定義'!U73+IF(E12="",0,E12)*'❷ 區塊定義'!U97+IF(F12="",0,F12)*'❷ 區塊定義'!U121) | P12: =IF(A12="","",IF(B12="",0,B12)*'❷ 區塊定義'!V25+IF(C12="",0,C12)*'❷ 區塊定義'!V49+IF(D12="",0,D12)*'❷ 區塊定義'!V73+IF(E12="",0,E12)*'❷ 區塊定義'!V97+IF(F12="",0,F12)*'❷ 區塊定義'!V121) | Q12: =IF(A12="","",IF(B12="",0,B12)*'❷ 區塊定義'!W25+IF(C12="",0,C12)*'❷ 區塊定義'!W49+IF(D12="",0,D12)*'❷ 區塊定義'!W73+IF(E12="",0,E12)*'❷ 區塊定義'!W97+IF(F12="",0,F12)*'❷ 區塊定義'!W121) | R12: =IF(A12="","",IF(B12="",0,B12)*'❷ 區塊定義'!X25+IF(C12="",0,C12)*'❷ 區塊定義'!X49+IF(D12="",0,D12)*'❷ 區塊定義'!X73+IF(E12="",0,E12)*'❷ 區塊定義'!X97+IF(F12="",0,F12)*'❷ 區塊定義'!X121)
G13: =IF(A13="","",IF(B13="",0,B13)*'❷ 區塊定義'!L25+IF(C13="",0,C13)*'❷ 區塊定義'!L49+IF(D13="",0,D13)*'❷ 區塊定義'!L73+IF(E13="",0,E13)*'❷ 區塊定義'!L97+IF(F13="",0,F13)*'❷ 區塊定義'!L121) | H13: =IF(A13="","",IF(B13="",0,B13)*'❷ 區塊定義'!O25+IF(C13="",0,C13)*'❷ 區塊定義'!O49+IF(D13="",0,D13)*'❷ 區塊定義'!O73+IF(E13="",0,E13)*'❷ 區塊定義'!O97+IF(F13="",0,F13)*'❷ 區塊定義'!O121) | I13: =IF(A13="","",IF(B13="",0,B13)*'❷ 區塊定義'!P25+IF(C13="",0,C13)*'❷ 區塊定義'!P49+IF(D13="",0,D13)*'❷ 區塊定義'!P73+IF(E13="",0,E13)*'❷ 區塊定義'!P97+IF(F13="",0,F13)*'❷ 區塊定義'!P121) | J13: =IF(A13="","",IF(B13="",0,B13)*'❷ 區塊定義'!Q25+IF(C13="",0,C13)*'❷ 區塊定義'!Q49+IF(D13="",0,D13)*'❷ 區塊定義'!Q73+IF(E13="",0,E13)*'❷ 區塊定義'!Q97+IF(F13="",0,F13)*'❷ 區塊定義'!Q121) | K13: =IF(A13="","",IF(B13="",0,B13)*'❷ 區塊定義'!R25+IF(C13="",0,C13)*'❷ 區塊定義'!R49+IF(D13="",0,D13)*'❷ 區塊定義'!R73+IF(E13="",0,E13)*'❷ 區塊定義'!R97+IF(F13="",0,F13)*'❷ 區塊定義'!R121) | L13: =IF(A13="","",H13+I13+J13+K13) | M13: =IF(A13="","",IF(B13="",0,B13)*'❷ 區塊定義'!S25+IF(C13="",0,C13)*'❷ 區塊定義'!S49+IF(D13="",0,D13)*'❷ 區塊定義'!S73+IF(E13="",0,E13)*'❷ 區塊定義'!S97+IF(F13="",0,F13)*'❷ 區塊定義'!S121) | N13: =IF(A13="","",IF(B13="",0,B13)*'❷ 區塊定義'!T25+IF(C13="",0,C13)*'❷ 區塊定義'!T49+IF(D13="",0,D13)*'❷ 區塊定義'!T73+IF(E13="",0,E13)*'❷ 區塊定義'!T97+IF(F13="",0,F13)*'❷ 區塊定義'!T121) | O13: =IF(A13="","",IF(B13="",0,B13)*'❷ 區塊定義'!U25+IF(C13="",0,C13)*'❷ 區塊定義'!U49+IF(D13="",0,D13)*'❷ 區塊定義'!U73+IF(E13="",0,E13)*'❷ 區塊定義'!U97+IF(F13="",0,F13)*'❷ 區塊定義'!U121) | P13: =IF(A13="","",IF(B13="",0,B13)*'❷ 區塊定義'!V25+IF(C13="",0,C13)*'❷ 區塊定義'!V49+IF(D13="",0,D13)*'❷ 區塊定義'!V73+IF(E13="",0,E13)*'❷ 區塊定義'!V97+IF(F13="",0,F13)*'❷ 區塊定義'!V121) | Q13: =IF(A13="","",IF(B13="",0,B13)*'❷ 區塊定義'!W25+IF(C13="",0,C13)*'❷ 區塊定義'!W49+IF(D13="",0,D13)*'❷ 區塊定義'!W73+IF(E13="",0,E13)*'❷ 區塊定義'!W97+IF(F13="",0,F13)*'❷ 區塊定義'!W121) | R13: =IF(A13="","",IF(B13="",0,B13)*'❷ 區塊定義'!X25+IF(C13="",0,C13)*'❷ 區塊定義'!X49+IF(D13="",0,D13)*'❷ 區塊定義'!X73+IF(E13="",0,E13)*'❷ 區塊定義'!X97+IF(F13="",0,F13)*'❷ 區塊定義'!X121)
G14: =IF(A14="","",IF(B14="",0,B14)*'❷ 區塊定義'!L25+IF(C14="",0,C14)*'❷ 區塊定義'!L49+IF(D14="",0,D14)*'❷ 區塊定義'!L73+IF(E14="",0,E14)*'❷ 區塊定義'!L97+IF(F14="",0,F14)*'❷ 區塊定義'!L121) | H14: =IF(A14="","",IF(B14="",0,B14)*'❷ 區塊定義'!O25+IF(C14="",0,C14)*'❷ 區塊定義'!O49+IF(D14="",0,D14)*'❷ 區塊定義'!O73+IF(E14="",0,E14)*'❷ 區塊定義'!O97+IF(F14="",0,F14)*'❷ 區塊定義'!O121) | I14: =IF(A14="","",IF(B14="",0,B14)*'❷ 區塊定義'!P25+IF(C14="",0,C14)*'❷ 區塊定義'!P49+IF(D14="",0,D14)*'❷ 區塊定義'!P73+IF(E14="",0,E14)*'❷ 區塊定義'!P97+IF(F14="",0,F14)*'❷ 區塊定義'!P121) | J14: =IF(A14="","",IF(B14="",0,B14)*'❷ 區塊定義'!Q25+IF(C14="",0,C14)*'❷ 區塊定義'!Q49+IF(D14="",0,D14)*'❷ 區塊定義'!Q73+IF(E14="",0,E14)*'❷ 區塊定義'!Q97+IF(F14="",0,F14)*'❷ 區塊定義'!Q121) | K14: =IF(A14="","",IF(B14="",0,B14)*'❷ 區塊定義'!R25+IF(C14="",0,C14)*'❷ 區塊定義'!R49+IF(D14="",0,D14)*'❷ 區塊定義'!R73+IF(E14="",0,E14)*'❷ 區塊定義'!R97+IF(F14="",0,F14)*'❷ 區塊定義'!R121) | L14: =IF(A14="","",H14+I14+J14+K14) | M14: =IF(A14="","",IF(B14="",0,B14)*'❷ 區塊定義'!S25+IF(C14="",0,C14)*'❷ 區塊定義'!S49+IF(D14="",0,D14)*'❷ 區塊定義'!S73+IF(E14="",0,E14)*'❷ 區塊定義'!S97+IF(F14="",0,F14)*'❷ 區塊定義'!S121) | N14: =IF(A14="","",IF(B14="",0,B14)*'❷ 區塊定義'!T25+IF(C14="",0,C14)*'❷ 區塊定義'!T49+IF(D14="",0,D14)*'❷ 區塊定義'!T73+IF(E14="",0,E14)*'❷ 區塊定義'!T97+IF(F14="",0,F14)*'❷ 區塊定義'!T121) | O14: =IF(A14="","",IF(B14="",0,B14)*'❷ 區塊定義'!U25+IF(C14="",0,C14)*'❷ 區塊定義'!U49+IF(D14="",0,D14)*'❷ 區塊定義'!U73+IF(E14="",0,E14)*'❷ 區塊定義'!U97+IF(F14="",0,F14)*'❷ 區塊定義'!U121) | P14: =IF(A14="","",IF(B14="",0,B14)*'❷ 區塊定義'!V25+IF(C14="",0,C14)*'❷ 區塊定義'!V49+IF(D14="",0,D14)*'❷ 區塊定義'!V73+IF(E14="",0,E14)*'❷ 區塊定義'!V97+IF(F14="",0,F14)*'❷ 區塊定義'!V121) | Q14: =IF(A14="","",IF(B14="",0,B14)*'❷ 區塊定義'!W25+IF(C14="",0,C14)*'❷ 區塊定義'!W49+IF(D14="",0,D14)*'❷ 區塊定義'!W73+IF(E14="",0,E14)*'❷ 區塊定義'!W97+IF(F14="",0,F14)*'❷ 區塊定義'!W121) | R14: =IF(A14="","",IF(B14="",0,B14)*'❷ 區塊定義'!X25+IF(C14="",0,C14)*'❷ 區塊定義'!X49+IF(D14="",0,D14)*'❷ 區塊定義'!X73+IF(E14="",0,E14)*'❷ 區塊定義'!X97+IF(F14="",0,F14)*'❷ 區塊定義'!X121)
G15: =IF(A15="","",IF(B15="",0,B15)*'❷ 區塊定義'!L25+IF(C15="",0,C15)*'❷ 區塊定義'!L49+IF(D15="",0,D15)*'❷ 區塊定義'!L73+IF(E15="",0,E15)*'❷ 區塊定義'!L97+IF(F15="",0,F15)*'❷ 區塊定義'!L121) | H15: =IF(A15="","",IF(B15="",0,B15)*'❷ 區塊定義'!O25+IF(C15="",0,C15)*'❷ 區塊定義'!O49+IF(D15="",0,D15)*'❷ 區塊定義'!O73+IF(E15="",0,E15)*'❷ 區塊定義'!O97+IF(F15="",0,F15)*'❷ 區塊定義'!O121) | I15: =IF(A15="","",IF(B15="",0,B15)*'❷ 區塊定義'!P25+IF(C15="",0,C15)*'❷ 區塊定義'!P49+IF(D15="",0,D15)*'❷ 區塊定義'!P73+IF(E15="",0,E15)*'❷ 區塊定義'!P97+IF(F15="",0,F15)*'❷ 區塊定義'!P121) | J15: =IF(A15="","",IF(B15="",0,B15)*'❷ 區塊定義'!Q25+IF(C15="",0,C15)*'❷ 區塊定義'!Q49+IF(D15="",0,D15)*'❷ 區塊定義'!Q73+IF(E15="",0,E15)*'❷ 區塊定義'!Q97+IF(F15="",0,F15)*'❷ 區塊定義'!Q121) | K15: =IF(A15="","",IF(B15="",0,B15)*'❷ 區塊定義'!R25+IF(C15="",0,C15)*'❷ 區塊定義'!R49+IF(D15="",0,D15)*'❷ 區塊定義'!R73+IF(E15="",0,E15)*'❷ 區塊定義'!R97+IF(F15="",0,F15)*'❷ 區塊定義'!R121) | L15: =IF(A15="","",H15+I15+J15+K15) | M15: =IF(A15="","",IF(B15="",0,B15)*'❷ 區塊定義'!S25+IF(C15="",0,C15)*'❷ 區塊定義'!S49+IF(D15="",0,D15)*'❷ 區塊定義'!S73+IF(E15="",0,E15)*'❷ 區塊定義'!S97+IF(F15="",0,F15)*'❷ 區塊定義'!S121) | N15: =IF(A15="","",IF(B15="",0,B15)*'❷ 區塊定義'!T25+IF(C15="",0,C15)*'❷ 區塊定義'!T49+IF(D15="",0,D15)*'❷ 區塊定義'!T73+IF(E15="",0,E15)*'❷ 區塊定義'!T97+IF(F15="",0,F15)*'❷ 區塊定義'!T121) | O15: =IF(A15="","",IF(B15="",0,B15)*'❷ 區塊定義'!U25+IF(C15="",0,C15)*'❷ 區塊定義'!U49+IF(D15="",0,D15)*'❷ 區塊定義'!U73+IF(E15="",0,E15)*'❷ 區塊定義'!U97+IF(F15="",0,F15)*'❷ 區塊定義'!U121) | P15: =IF(A15="","",IF(B15="",0,B15)*'❷ 區塊定義'!V25+IF(C15="",0,C15)*'❷ 區塊定義'!V49+IF(D15="",0,D15)*'❷ 區塊定義'!V73+IF(E15="",0,E15)*'❷ 區塊定義'!V97+IF(F15="",0,F15)*'❷ 區塊定義'!V121) | Q15: =IF(A15="","",IF(B15="",0,B15)*'❷ 區塊定義'!W25+IF(C15="",0,C15)*'❷ 區塊定義'!W49+IF(D15="",0,D15)*'❷ 區塊定義'!W73+IF(E15="",0,E15)*'❷ 區塊定義'!W97+IF(F15="",0,F15)*'❷ 區塊定義'!W121) | R15: =IF(A15="","",IF(B15="",0,B15)*'❷ 區塊定義'!X25+IF(C15="",0,C15)*'❷ 區塊定義'!X49+IF(D15="",0,D15)*'❷ 區塊定義'!X73+IF(E15="",0,E15)*'❷ 區塊定義'!X97+IF(F15="",0,F15)*'❷ 區塊定義'!X121)
G16: =IF(A16="","",IF(B16="",0,B16)*'❷ 區塊定義'!L25+IF(C16="",0,C16)*'❷ 區塊定義'!L49+IF(D16="",0,D16)*'❷ 區塊定義'!L73+IF(E16="",0,E16)*'❷ 區塊定義'!L97+IF(F16="",0,F16)*'❷ 區塊定義'!L121) | H16: =IF(A16="","",IF(B16="",0,B16)*'❷ 區塊定義'!O25+IF(C16="",0,C16)*'❷ 區塊定義'!O49+IF(D16="",0,D16)*'❷ 區塊定義'!O73+IF(E16="",0,E16)*'❷ 區塊定義'!O97+IF(F16="",0,F16)*'❷ 區塊定義'!O121) | I16: =IF(A16="","",IF(B16="",0,B16)*'❷ 區塊定義'!P25+IF(C16="",0,C16)*'❷ 區塊定義'!P49+IF(D16="",0,D16)*'❷ 區塊定義'!P73+IF(E16="",0,E16)*'❷ 區塊定義'!P97+IF(F16="",0,F16)*'❷ 區塊定義'!P121) | J16: =IF(A16="","",IF(B16="",0,B16)*'❷ 區塊定義'!Q25+IF(C16="",0,C16)*'❷ 區塊定義'!Q49+IF(D16="",0,D16)*'❷ 區塊定義'!Q73+IF(E16="",0,E16)*'❷ 區塊定義'!Q97+IF(F16="",0,F16)*'❷ 區塊定義'!Q121) | K16: =IF(A16="","",IF(B16="",0,B16)*'❷ 區塊定義'!R25+IF(C16="",0,C16)*'❷ 區塊定義'!R49+IF(D16="",0,D16)*'❷ 區塊定義'!R73+IF(E16="",0,E16)*'❷ 區塊定義'!R97+IF(F16="",0,F16)*'❷ 區塊定義'!R121) | L16: =IF(A16="","",H16+I16+J16+K16) | M16: =IF(A16="","",IF(B16="",0,B16)*'❷ 區塊定義'!S25+IF(C16="",0,C16)*'❷ 區塊定義'!S49+IF(D16="",0,D16)*'❷ 區塊定義'!S73+IF(E16="",0,E16)*'❷ 區塊定義'!S97+IF(F16="",0,F16)*'❷ 區塊定義'!S121) | N16: =IF(A16="","",IF(B16="",0,B16)*'❷ 區塊定義'!T25+IF(C16="",0,C16)*'❷ 區塊定義'!T49+IF(D16="",0,D16)*'❷ 區塊定義'!T73+IF(E16="",0,E16)*'❷ 區塊定義'!T97+IF(F16="",0,F16)*'❷ 區塊定義'!T121) | O16: =IF(A16="","",IF(B16="",0,B16)*'❷ 區塊定義'!U25+IF(C16="",0,C16)*'❷ 區塊定義'!U49+IF(D16="",0,D16)*'❷ 區塊定義'!U73+IF(E16="",0,E16)*'❷ 區塊定義'!U97+IF(F16="",0,F16)*'❷ 區塊定義'!U121) | P16: =IF(A16="","",IF(B16="",0,B16)*'❷ 區塊定義'!V25+IF(C16="",0,C16)*'❷ 區塊定義'!V49+IF(D16="",0,D16)*'❷ 區塊定義'!V73+IF(E16="",0,E16)*'❷ 區塊定義'!V97+IF(F16="",0,F16)*'❷ 區塊定義'!V121) | Q16: =IF(A16="","",IF(B16="",0,B16)*'❷ 區塊定義'!W25+IF(C16="",0,C16)*'❷ 區塊定義'!W49+IF(D16="",0,D16)*'❷ 區塊定義'!W73+IF(E16="",0,E16)*'❷ 區塊定義'!W97+IF(F16="",0,F16)*'❷ 區塊定義'!W121) | R16: =IF(A16="","",IF(B16="",0,B16)*'❷ 區塊定義'!X25+IF(C16="",0,C16)*'❷ 區塊定義'!X49+IF(D16="",0,D16)*'❷ 區塊定義'!X73+IF(E16="",0,E16)*'❷ 區塊定義'!X97+IF(F16="",0,F16)*'❷ 區塊定義'!X121)
G17: =IF(A17="","",IF(B17="",0,B17)*'❷ 區塊定義'!L25+IF(C17="",0,C17)*'❷ 區塊定義'!L49+IF(D17="",0,D17)*'❷ 區塊定義'!L73+IF(E17="",0,E17)*'❷ 區塊定義'!L97+IF(F17="",0,F17)*'❷ 區塊定義'!L121) | H17: =IF(A17="","",IF(B17="",0,B17)*'❷ 區塊定義'!O25+IF(C17="",0,C17)*'❷ 區塊定義'!O49+IF(D17="",0,D17)*'❷ 區塊定義'!O73+IF(E17="",0,E17)*'❷ 區塊定義'!O97+IF(F17="",0,F17)*'❷ 區塊定義'!O121) | I17: =IF(A17="","",IF(B17="",0,B17)*'❷ 區塊定義'!P25+IF(C17="",0,C17)*'❷ 區塊定義'!P49+IF(D17="",0,D17)*'❷ 區塊定義'!P73+IF(E17="",0,E17)*'❷ 區塊定義'!P97+IF(F17="",0,F17)*'❷ 區塊定義'!P121) | J17: =IF(A17="","",IF(B17="",0,B17)*'❷ 區塊定義'!Q25+IF(C17="",0,C17)*'❷ 區塊定義'!Q49+IF(D17="",0,D17)*'❷ 區塊定義'!Q73+IF(E17="",0,E17)*'❷ 區塊定義'!Q97+IF(F17="",0,F17)*'❷ 區塊定義'!Q121) | K17: =IF(A17="","",IF(B17="",0,B17)*'❷ 區塊定義'!R25+IF(C17="",0,C17)*'❷ 區塊定義'!R49+IF(D17="",0,D17)*'❷ 區塊定義'!R73+IF(E17="",0,E17)*'❷ 區塊定義'!R97+IF(F17="",0,F17)*'❷ 區塊定義'!R121) | L17: =IF(A17="","",H17+I17+J17+K17) | M17: =IF(A17="","",IF(B17="",0,B17)*'❷ 區塊定義'!S25+IF(C17="",0,C17)*'❷ 區塊定義'!S49+IF(D17="",0,D17)*'❷ 區塊定義'!S73+IF(E17="",0,E17)*'❷ 區塊定義'!S97+IF(F17="",0,F17)*'❷ 區塊定義'!S121) | N17: =IF(A17="","",IF(B17="",0,B17)*'❷ 區塊定義'!T25+IF(C17="",0,C17)*'❷ 區塊定義'!T49+IF(D17="",0,D17)*'❷ 區塊定義'!T73+IF(E17="",0,E17)*'❷ 區塊定義'!T97+IF(F17="",0,F17)*'❷ 區塊定義'!T121) | O17: =IF(A17="","",IF(B17="",0,B17)*'❷ 區塊定義'!U25+IF(C17="",0,C17)*'❷ 區塊定義'!U49+IF(D17="",0,D17)*'❷ 區塊定義'!U73+IF(E17="",0,E17)*'❷ 區塊定義'!U97+IF(F17="",0,F17)*'❷ 區塊定義'!U121) | P17: =IF(A17="","",IF(B17="",0,B17)*'❷ 區塊定義'!V25+IF(C17="",0,C17)*'❷ 區塊定義'!V49+IF(D17="",0,D17)*'❷ 區塊定義'!V73+IF(E17="",0,E17)*'❷ 區塊定義'!V97+IF(F17="",0,F17)*'❷ 區塊定義'!V121) | Q17: =IF(A17="","",IF(B17="",0,B17)*'❷ 區塊定義'!W25+IF(C17="",0,C17)*'❷ 區塊定義'!W49+IF(D17="",0,D17)*'❷ 區塊定義'!W73+IF(E17="",0,E17)*'❷ 區塊定義'!W97+IF(F17="",0,F17)*'❷ 區塊定義'!W121) | R17: =IF(A17="","",IF(B17="",0,B17)*'❷ 區塊定義'!X25+IF(C17="",0,C17)*'❷ 區塊定義'!X49+IF(D17="",0,D17)*'❷ 區塊定義'!X73+IF(E17="",0,E17)*'❷ 區塊定義'!X97+IF(F17="",0,F17)*'❷ 區塊定義'!X121)
G18: =IF(A18="","",IF(B18="",0,B18)*'❷ 區塊定義'!L25+IF(C18="",0,C18)*'❷ 區塊定義'!L49+IF(D18="",0,D18)*'❷ 區塊定義'!L73+IF(E18="",0,E18)*'❷ 區塊定義'!L97+IF(F18="",0,F18)*'❷ 區塊定義'!L121) | H18: =IF(A18="","",IF(B18="",0,B18)*'❷ 區塊定義'!O25+IF(C18="",0,C18)*'❷ 區塊定義'!O49+IF(D18="",0,D18)*'❷ 區塊定義'!O73+IF(E18="",0,E18)*'❷ 區塊定義'!O97+IF(F18="",0,F18)*'❷ 區塊定義'!O121) | I18: =IF(A18="","",IF(B18="",0,B18)*'❷ 區塊定義'!P25+IF(C18="",0,C18)*'❷ 區塊定義'!P49+IF(D18="",0,D18)*'❷ 區塊定義'!P73+IF(E18="",0,E18)*'❷ 區塊定義'!P97+IF(F18="",0,F18)*'❷ 區塊定義'!P121) | J18: =IF(A18="","",IF(B18="",0,B18)*'❷ 區塊定義'!Q25+IF(C18="",0,C18)*'❷ 區塊定義'!Q49+IF(D18="",0,D18)*'❷ 區塊定義'!Q73+IF(E18="",0,E18)*'❷ 區塊定義'!Q97+IF(F18="",0,F18)*'❷ 區塊定義'!Q121) | K18: =IF(A18="","",IF(B18="",0,B18)*'❷ 區塊定義'!R25+IF(C18="",0,C18)*'❷ 區塊定義'!R49+IF(D18="",0,D18)*'❷ 區塊定義'!R73+IF(E18="",0,E18)*'❷ 區塊定義'!R97+IF(F18="",0,F18)*'❷ 區塊定義'!R121) | L18: =IF(A18="","",H18+I18+J18+K18) | M18: =IF(A18="","",IF(B18="",0,B18)*'❷ 區塊定義'!S25+IF(C18="",0,C18)*'❷ 區塊定義'!S49+IF(D18="",0,D18)*'❷ 區塊定義'!S73+IF(E18="",0,E18)*'❷ 區塊定義'!S97+IF(F18="",0,F18)*'❷ 區塊定義'!S121) | N18: =IF(A18="","",IF(B18="",0,B18)*'❷ 區塊定義'!T25+IF(C18="",0,C18)*'❷ 區塊定義'!T49+IF(D18="",0,D18)*'❷ 區塊定義'!T73+IF(E18="",0,E18)*'❷ 區塊定義'!T97+IF(F18="",0,F18)*'❷ 區塊定義'!T121) | O18: =IF(A18="","",IF(B18="",0,B18)*'❷ 區塊定義'!U25+IF(C18="",0,C18)*'❷ 區塊定義'!U49+IF(D18="",0,D18)*'❷ 區塊定義'!U73+IF(E18="",0,E18)*'❷ 區塊定義'!U97+IF(F18="",0,F18)*'❷ 區塊定義'!U121) | P18: =IF(A18="","",IF(B18="",0,B18)*'❷ 區塊定義'!V25+IF(C18="",0,C18)*'❷ 區塊定義'!V49+IF(D18="",0,D18)*'❷ 區塊定義'!V73+IF(E18="",0,E18)*'❷ 區塊定義'!V97+IF(F18="",0,F18)*'❷ 區塊定義'!V121) | Q18: =IF(A18="","",IF(B18="",0,B18)*'❷ 區塊定義'!W25+IF(C18="",0,C18)*'❷ 區塊定義'!W49+IF(D18="",0,D18)*'❷ 區塊定義'!W73+IF(E18="",0,E18)*'❷ 區塊定義'!W97+IF(F18="",0,F18)*'❷ 區塊定義'!W121) | R18: =IF(A18="","",IF(B18="",0,B18)*'❷ 區塊定義'!X25+IF(C18="",0,C18)*'❷ 區塊定義'!X49+IF(D18="",0,D18)*'❷ 區塊定義'!X73+IF(E18="",0,E18)*'❷ 區塊定義'!X97+IF(F18="",0,F18)*'❷ 區塊定義'!X121)
A19: 區塊合計 | G19: =SUM(G4:G18) -> 287437.73 | H19: =SUM(H4:H18) -> 1999.164 | I19: =SUM(I4:I18) -> 338.88 | J19: =SUM(J4:J18) -> 1209.6 | K19: =SUM(K4:K18) -> 0 | L19: =SUM(L4:L18) -> 3547.644 | M19: =SUM(M4:M18) -> 274933.73 | N19: =SUM(N4:N18) -> 12504 | ... R19: =SUM(R4:R18) -> 0
A22: ▎ 零星構件
A23: ▼快速篩選 | B23: 構件名稱 | C23: ▼規格 | D23: ▼材質 | E23: 長度(mm) | F23: 數量 | G23: ▼塗裝類型 | H23: 塗裝長度 (mm)空白=全塗 | I23: ▼扣梁上面積 | J23: 單位重 | K23: 表面積 (m²/m) | L23: 重量(kg) | M23: 塗裝面積 (m²)
J24: =IFERROR(VLOOKUP(C24,規格資料庫!$A$2:$E$162,3,FALSE()),"") | K24: =IFERROR(VLOOKUP(C24,規格資料庫!$A$2:$E$162,4,FALSE()),"") | L24: =IF(J24="","",J24*E24/1000*F24) | M24: =IF(OR(C24="",G24="",G24="無"),"",IFERROR(K24*IF(OR(H24="",H24=0),E24,H24)/1000*F24-IF(I24="是",VLOOKUP(C24,規格資料庫!$A$2:$E$162,5,FALSE())/1000*IF(OR(H24="",H24=0),E24,H24)/1000*F24,0),"")) | N24: =IFERROR(VLOOKUP(C24,規格資料庫!$A$2:$B$162,2,FALSE()),"")
J25: =IFERROR(VLOOKUP(C25,規格資料庫!$A$2:$E$162,3,FALSE()),"") | K25: =IFERROR(VLOOKUP(C25,規格資料庫!$A$2:$E$162,4,FALSE()),"") | L25: =IF(J25="","",J25*E25/1000*F25) | M25: =IF(OR(C25="",G25="",G25="無"),"",IFERROR(K25*IF(OR(H25="",H25=0),E25,H25)/1000*F25-IF(I25="是",VLOOKUP(C25,規格資料庫!$A$2:$E$162,5,FALSE())/1000*IF(OR(H25="",H25=0),E25,H25)/1000*F25,0),"")) | N25: =IFERROR(VLOOKUP(C25,規格資料庫!$A$2:$B$162,2,FALSE()),"")
J26: =IFERROR(VLOOKUP(C26,規格資料庫!$A$2:$E$162,3,FALSE()),"") | K26: =IFERROR(VLOOKUP(C26,規格資料庫!$A$2:$E$162,4,FALSE()),"") | L26: =IF(J26="","",J26*E26/1000*F26) | M26: =IF(OR(C26="",G26="",G26="無"),"",IFERROR(K26*IF(OR(H26="",H26=0),E26,H26)/1000*F26-IF(I26="是",VLOOKUP(C26,規格資料庫!$A$2:$E$162,5,FALSE())/1000*IF(OR(H26="",H26=0),E26,H26)/1000*F26,0),"")) | N26: =IFERROR(VLOOKUP(C26,規格資料庫!$A$2:$B$162,2,FALSE()),"")
J27: =IFERROR(VLOOKUP(C27,規格資料庫!$A$2:$E$162,3,FALSE()),"") | K27: =IFERROR(VLOOKUP(C27,規格資料庫!$A$2:$E$162,4,FALSE()),"") | L27: =IF(J27="","",J27*E27/1000*F27) | M27: =IF(OR(C27="",G27="",G27="無"),"",IFERROR(K27*IF(OR(H27="",H27=0),E27,H27)/1000*F27-IF(I27="是",VLOOKUP(C27,規格資料庫!$A$2:$E$162,5,FALSE())/1000*IF(OR(H27="",H27=0),E27,H27)/1000*F27,0),"")) | N27: =IFERROR(VLOOKUP(C27,規格資料庫!$A$2:$B$162,2,FALSE()),"")
J28: =IFERROR(VLOOKUP(C28,規格資料庫!$A$2:$E$162,3,FALSE()),"") | K28: =IFERROR(VLOOKUP(C28,規格資料庫!$A$2:$E$162,4,FALSE()),"") | L28: =IF(J28="","",J28*E28/1000*F28) | M28: =IF(OR(C28="",G28="",G28="無"),"",IFERROR(K28*IF(OR(H28="",H28=0),E28,H28)/1000*F28-IF(I28="是",VLOOKUP(C28,規格資料庫!$A$2:$E$162,5,FALSE())/1000*IF(OR(H28="",H28=0),E28,H28)/1000*F28,0),"")) | N28: =IFERROR(VLOOKUP(C28,規格資料庫!$A$2:$B$162,2,FALSE()),"")
J29: =IFERROR(VLOOKUP(C29,規格資料庫!$A$2:$E$162,3,FALSE()),"") | K29: =IFERROR(VLOOKUP(C29,規格資料庫!$A$2:$E$162,4,FALSE()),"") | L29: =IF(J29="","",J29*E29/1000*F29) | M29: =IF(OR(C29="",G29="",G29="無"),"",IFERROR(K29*IF(OR(H29="",H29=0),E29,H29)/1000*F29-IF(I29="是",VLOOKUP(C29,規格資料庫!$A$2:$E$162,5,FALSE())/1000*IF(OR(H29="",H29=0),E29,H29)/1000*F29,0),"")) | N29: =IFERROR(VLOOKUP(C29,規格資料庫!$A$2:$B$162,2,FALSE()),"")
J30: =IFERROR(VLOOKUP(C30,規格資料庫!$A$2:$E$162,3,FALSE()),"") | K30: =IFERROR(VLOOKUP(C30,規格資料庫!$A$2:$E$162,4,FALSE()),"") | L30: =IF(J30="","",J30*E30/1000*F30) | M30: =IF(OR(C30="",G30="",G30="無"),"",IFERROR(K30*IF(OR(H30="",H30=0),E30,H30)/1000*F30-IF(I30="是",VLOOKUP(C30,規格資料庫!$A$2:$E$162,5,FALSE())/1000*IF(OR(H30="",H30=0),E30,H30)/1000*F30,0),"")) | N30: =IFERROR(VLOOKUP(C30,規格資料庫!$A$2:$B$162,2,FALSE()),"")
J31: =IFERROR(VLOOKUP(C31,規格資料庫!$A$2:$E$162,3,FALSE()),"") | K31: =IFERROR(VLOOKUP(C31,規格資料庫!$A$2:$E$162,4,FALSE()),"") | L31: =IF(J31="","",J31*E31/1000*F31) | M31: =IF(OR(C31="",G31="",G31="無"),"",IFERROR(K31*IF(OR(H31="",H31=0),E31,H31)/1000*F31-IF(I31="是",VLOOKUP(C31,規格資料庫!$A$2:$E$162,5,FALSE())/1000*IF(OR(H31="",H31=0),E31,H31)/1000*F31,0),"")) | N31: =IFERROR(VLOOKUP(C31,規格資料庫!$A$2:$B$162,2,FALSE()),"")
J32: =IFERROR(VLOOKUP(C32,規格資料庫!$A$2:$E$162,3,FALSE()),"") | K32: =IFERROR(VLOOKUP(C32,規格資料庫!$A$2:$E$162,4,FALSE()),"") | L32: =IF(J32="","",J32*E32/1000*F32) | M32: =IF(OR(C32="",G32="",G32="無"),"",IFERROR(K32*IF(OR(H32="",H32=0),E32,H32)/1000*F32-IF(I32="是",VLOOKUP(C32,規格資料庫!$A$2:$E$162,5,FALSE())/1000*IF(OR(H32="",H32=0),E32,H32)/1000*F32,0),"")) | N32: =IFERROR(VLOOKUP(C32,規格資料庫!$A$2:$B$162,2,FALSE()),"")
J33: =IFERROR(VLOOKUP(C33,規格資料庫!$A$2:$E$162,3,FALSE()),"") | K33: =IFERROR(VLOOKUP(C33,規格資料庫!$A$2:$E$162,4,FALSE()),"") | L33: =IF(J33="","",J33*E33/1000*F33) | M33: =IF(OR(C33="",G33="",G33="無"),"",IFERROR(K33*IF(OR(H33="",H33=0),E33,H33)/1000*F33-IF(I33="是",VLOOKUP(C33,規格資料庫!$A$2:$E$162,5,FALSE())/1000*IF(OR(H33="",H33=0),E33,H33)/1000*F33,0),"")) | N33: =IFERROR(VLOOKUP(C33,規格資料庫!$A$2:$B$162,2,FALSE()),"")
J34: =IFERROR(VLOOKUP(C34,規格資料庫!$A$2:$E$162,3,FALSE()),"") | K34: =IFERROR(VLOOKUP(C34,規格資料庫!$A$2:$E$162,4,FALSE()),"") | L34: =IF(J34="","",J34*E34/1000*F34) | M34: =IF(OR(C34="",G34="",G34="無"),"",IFERROR(K34*IF(OR(H34="",H34=0),E34,H34)/1000*F34-IF(I34="是",VLOOKUP(C34,規格資料庫!$A$2:$E$162,5,FALSE())/1000*IF(OR(H34="",H34=0),E34,H34)/1000*F34,0),"")) | N34: =IFERROR(VLOOKUP(C34,規格資料庫!$A$2:$B$162,2,FALSE()),"")
J35: =IFERROR(VLOOKUP(C35,規格資料庫!$A$2:$E$162,3,FALSE()),"") | K35: =IFERROR(VLOOKUP(C35,規格資料庫!$A$2:$E$162,4,FALSE()),"") | L35: =IF(J35="","",J35*E35/1000*F35) | M35: =IF(OR(C35="",G35="",G35="無"),"",IFERROR(K35*IF(OR(H35="",H35=0),E35,H35)/1000*F35-IF(I35="是",VLOOKUP(C35,規格資料庫!$A$2:$E$162,5,FALSE())/1000*IF(OR(H35="",H35=0),E35,H35)/1000*F35,0),"")) | N35: =IFERROR(VLOOKUP(C35,規格資料庫!$A$2:$B$162,2,FALSE()),"")
... J38: =IFERROR(VLOOKUP(C38,規格資料庫!$A$2:$E$162,3,FALSE()),"") | K38: =IFERROR(VLOOKUP(C38,規格資料庫!$A$2:$E$162,4,FALSE()),"") | L38: =IF(J38="","",J38*E38/1000*F38) | M38: =IF(OR(C38="",G38="",G38="無"),"",IFERROR(K38*IF(OR(H38="",H38=0),E38,H38)/1000*F38-IF(I38="是",VLOOKUP(C38,規格資料庫!$A$2:$E$162,5,FALSE())/1000*IF(OR(H38="",H38=0),E38,H38)/1000*F38,0),"")) | N38: =IFERROR(VLOOKUP(C38,規格資料庫!$A$2:$B$162,2,FALSE()),"")
A39: 零星合計 | L39: =SUM(L24:L38) -> 0 | M39: =SUM(M24:M38) -> 0 | O39: =SUMIF(G24:G38,"油漆",M24:M38) -> 0 | P39: =SUMIF(G24:G38,"防火漆1hr",M24:M38) -> 0 | Q39: =SUMIF(G24:G38,"防火漆2hr",M24:M38) -> 0 | R39: =SUMIF(G24:G38,"防火批覆",M24:M38) -> 0 | S39: =SUMPRODUCT((D24:D38="SN400B")*IF(ISNUMBER(L24:L38),L24:L38,0)) -> 0 | T39: =SUMPRODUCT((D24:D38="A36")*IF(ISNUMBER(L24:L38),L24:L38,0)) -> 0 | U39: =SUMPRODUCT((D24:D38="SN490B")*IF(ISNUMBER(L24:L38),L24:L38,0)) -> 0 | V39: =SUMPRODUCT((D24:D38="A572 Gr.50")*IF(ISNUMBER(L24:L38),L24:L38,0)) -> 0 | W39: =SUMPRODUCT((N24:N38="GR")*IF(ISNUMBER(L24:L38),L24:L38,0)) -> 0 | X39: =SUMPRODUCT((N24:N38="CP")*IF(ISNUMBER(L24:L38),L24:L38,0)) -> 0

Sheet ❹ Deck樓板
A1: Deck鋼板+底層筋+WWM+RC灌漿+粉光。防火漆可選1hr/2hr。
A2: 樓層 | B2: ▼Deck型號 | C2: 面積(m²) | D2: 總版厚T(mm) 波谷→頂面 | E2: ▼底層筋 | F2: ▼WWM規格 | G2: ▼防火漆 | H2: ▼粉光 | I2: 波高hr (mm) | J2: 浪距 (mm) | K2: Deck鋼板 重(kg) | L2: 底層筋 重(kg) | M2: WWM 重(kg) | N2: RC體積 (m³) | O2: 粉光面積 (m²) | P2: 防火漆面積 (m²)
A3: 1F | B3: 3.0W-1.2mm | C3: 500 | D3: 150 | E3: #4(D13) | F3: φ4.0@150×150 | G3: 防火漆2hr | H3: 是 | I3: =IFERROR(VLOOKUP(B3,規格資料庫!$A$2:$E$162,4,FALSE()),"") -> 76 | J3: =IFERROR(VLOOKUP(B3,規格資料庫!$A$2:$E$162,5,FALSE()),"") -> 305 | K3: =IF(B3="","",VLOOKUP(B3,規格資料庫!$A$2:$E$162,3,FALSE())*C3) -> 8800 | L3: =IF(OR(E3="",J3="",J3=0),"",VLOOKUP(E3,規格資料庫!$A$2:$E$162,3,FALSE())*(1000/J3)*C3) -> 1629.5082 | M3: =IF(F3="","",VLOOKUP(F3,規格資料庫!$A$2:$E$162,3,FALSE())*C3) -> 660 | N3: =IF(OR(B3="",D3=""),"",C3*(D3-I3/2)/1000) -> 56 | O3: =IF(OR(B3="",H3="否",H3=""),"",C3) -> 500 | P3: =IF(OR(B3="",G3="無",G3=""),"",C3) -> 500
A4: 2F | B4: 3.0W-1.2mm | C4: 500 | D4: 150 | E4: #4(D13) | F4: φ4.0@150×150 | G4: 防火漆2hr | H4: 是 | I4: =IFERROR(VLOOKUP(B4,規格資料庫!$A$2:$E$162,4,FALSE()),"") -> 76 | J4: =IFERROR(VLOOKUP(B4,規格資料庫!$A$2:$E$162,5,FALSE()),"") -> 305 | K4: =IF(B4="","",VLOOKUP(B4,規格資料庫!$A$2:$E$162,3,FALSE())*C4) -> 8800 | L4: =IF(OR(E4="",J4="",J4=0),"",VLOOKUP(E4,規格資料庫!$A$2:$E$162,3,FALSE())*(1000/J4)*C4) -> 1629.5082 | M4: =IF(F4="","",VLOOKUP(F4,規格資料庫!$A$2:$E$162,3,FALSE())*C4) -> 660 | N4: =IF(OR(B4="",D4=""),"",C4*(D4-I4/2)/1000) -> 56 | O4: =IF(OR(B4="",H4="否",H4=""),"",C4) -> 500 | P4: =IF(OR(B4="",G4="無",G4=""),"",C4) -> 500
A5: 3F | B5: 3.0W-1.2mm | C5: 500 | D5: 120 | E5: #3(D10) | F5: φ4.0@150×150 | G5: 防火漆1hr | H5: 是 | I5: =IFERROR(VLOOKUP(B5,規格資料庫!$A$2:$E$162,4,FALSE()),"") -> 76 | J5: =IFERROR(VLOOKUP(B5,規格資料庫!$A$2:$E$162,5,FALSE()),"") -> 305 | K5: =IF(B5="","",VLOOKUP(B5,規格資料庫!$A$2:$E$162,3,FALSE())*C5) -> 8800 | L5: =IF(OR(E5="",J5="",J5=0),"",VLOOKUP(E5,規格資料庫!$A$2:$E$162,3,FALSE())*(1000/J5)*C5) -> 918.03279 | M5: =IF(F5="","",VLOOKUP(F5,規格資料庫!$A$2:$E$162,3,FALSE())*C5) -> 660 | N5: =IF(OR(B5="",D5=""),"",C5*(D5-I5/2)/1000) -> 41 | O5: =IF(OR(B5="",H5="否",H5=""),"",C5) -> 500 | P5: =IF(OR(B5="",G5="無",G5=""),"",C5) -> 500
A6: RF | B6: 3.0W-1.2mm | C6: 300 | D6: 100 | E6: #3(D10) | F6: φ3.2@150×150 | G6: 無 | H6: 否 | I6: =IFERROR(VLOOKUP(B6,規格資料庫!$A$2:$E$162,4,FALSE()),"") -> 76 | J6: =IFERROR(VLOOKUP(B6,規格資料庫!$A$2:$E$162,5,FALSE()),"") -> 305 | K6: =IF(B6="","",VLOOKUP(B6,規格資料庫!$A$2:$E$162,3,FALSE())*C6) -> 5280 | L6: =IF(OR(E6="",J6="",J6=0),"",VLOOKUP(E6,規格資料庫!$A$2:$E$162,3,FALSE())*(1000/J6)*C6) -> 550.81967 | M6: =IF(F6="","",VLOOKUP(F6,規格資料庫!$A$2:$E$162,3,FALSE())*C6) -> 252 | N6: =IF(OR(B6="",D6=""),"",C6*(D6-I6/2)/1000) -> 18.6 | O6: =IF(OR(B6="",H6="否",H6=""),"",C6) | P6: =IF(OR(B6="",G6="無",G6=""),"",C6)
I7: =IFERROR(VLOOKUP(B7,規格資料庫!$A$2:$E$162,4,FALSE()),"") | J7: =IFERROR(VLOOKUP(B7,規格資料庫!$A$2:$E$162,5,FALSE()),"") | K7: =IF(B7="","",VLOOKUP(B7,規格資料庫!$A$2:$E$162,3,FALSE())*C7) | L7: =IF(OR(E7="",J7="",J7=0),"",VLOOKUP(E7,規格資料庫!$A$2:$E$162,3,FALSE())*(1000/J7)*C7) | M7: =IF(F7="","",VLOOKUP(F7,規格資料庫!$A$2:$E$162,3,FALSE())*C7) | N7: =IF(OR(B7="",D7=""),"",C7*(D7-I7/2)/1000) | O7: =IF(OR(B7="",H7="否",H7=""),"",C7) | P7: =IF(OR(B7="",G7="無",G7=""),"",C7)
I8: =IFERROR(VLOOKUP(B8,規格資料庫!$A$2:$E$162,4,FALSE()),"") | J8: =IFERROR(VLOOKUP(B8,規格資料庫!$A$2:$E$162,5,FALSE()),"") | K8: =IF(B8="","",VLOOKUP(B8,規格資料庫!$A$2:$E$162,3,FALSE())*C8) | L8: =IF(OR(E8="",J8="",J8=0),"",VLOOKUP(E8,規格資料庫!$A$2:$E$162,3,FALSE())*(1000/J8)*C8) | M8: =IF(F8="","",VLOOKUP(F8,規格資料庫!$A$2:$E$162,3,FALSE())*C8) | N8: =IF(OR(B8="",D8=""),"",C8*(D8-I8/2)/1000) | O8: =IF(OR(B8="",H8="否",H8=""),"",C8) | P8: =IF(OR(B8="",G8="無",G8=""),"",C8)
I9: =IFERROR(VLOOKUP(B9,規格資料庫!$A$2:$E$162,4,FALSE()),"") | J9: =IFERROR(VLOOKUP(B9,規格資料庫!$A$2:$E$162,5,FALSE()),"") | K9: =IF(B9="","",VLOOKUP(B9,規格資料庫!$A$2:$E$162,3,FALSE())*C9) | L9: =IF(OR(E9="",J9="",J9=0),"",VLOOKUP(E9,規格資料庫!$A$2:$E$162,3,FALSE())*(1000/J9)*C9) | M9: =IF(F9="","",VLOOKUP(F9,規格資料庫!$A$2:$E$162,3,FALSE())*C9) | N9: =IF(OR(B9="",D9=""),"",C9*(D9-I9/2)/1000) | O9: =IF(OR(B9="",H9="否",H9=""),"",C9) | P9: =IF(OR(B9="",G9="無",G9=""),"",C9)
I10: =IFERROR(VLOOKUP(B10,規格資料庫!$A$2:$E$162,4,FALSE()),"") | J10: =IFERROR(VLOOKUP(B10,規格資料庫!$A$2:$E$162,5,FALSE()),"") | K10: =IF(B10="","",VLOOKUP(B10,規格資料庫!$A$2:$E$162,3,FALSE())*C10) | L10: =IF(OR(E10="",J10="",J10=0),"",VLOOKUP(E10,規格資料庫!$A$2:$E$162,3,FALSE())*(1000/J10)*C10) | M10: =IF(F10="","",VLOOKUP(F10,規格資料庫!$A$2:$E$162,3,FALSE())*C10) | N10: =IF(OR(B10="",D10=""),"",C10*(D10-I10/2)/1000) | O10: =IF(OR(B10="",H10="否",H10=""),"",C10) | P10: =IF(OR(B10="",G10="無",G10=""),"",C10)
I11: =IFERROR(VLOOKUP(B11,規格資料庫!$A$2:$E$162,4,FALSE()),"") | J11: =IFERROR(VLOOKUP(B11,規格資料庫!$A$2:$E$162,5,FALSE()),"") | K11: =IF(B11="","",VLOOKUP(B11,規格資料庫!$A$2:$E$162,3,FALSE())*C11) | L11: =IF(OR(E11="",J11="",J11=0),"",VLOOKUP(E11,規格資料庫!$A$2:$E$162,3,FALSE())*(1000/J11)*C11) | M11: =IF(F11="","",VLOOKUP(F11,規格資料庫!$A$2:$E$162,3,FALSE())*C11) | N11: =IF(OR(B11="",D11=""),"",C11*(D11-I11/2)/1000) | O11: =IF(OR(B11="",H11="否",H11=""),"",C11) | P11: =IF(OR(B11="",G11="無",G11=""),"",C11)
I12: =IFERROR(VLOOKUP(B12,規格資料庫!$A$2:$E$162,4,FALSE()),"") | J12: =IFERROR(VLOOKUP(B12,規格資料庫!$A$2:$E$162,5,FALSE()),"") | K12: =IF(B12="","",VLOOKUP(B12,規格資料庫!$A$2:$E$162,3,FALSE())*C12) | L12: =IF(OR(E12="",J12="",J12=0),"",VLOOKUP(E12,規格資料庫!$A$2:$E$162,3,FALSE())*(1000/J12)*C12) | M12: =IF(F12="","",VLOOKUP(F12,規格資料庫!$A$2:$E$162,3,FALSE())*C12) | N12: =IF(OR(B12="",D12=""),"",C12*(D12-I12/2)/1000) | O12: =IF(OR(B12="",H12="否",H12=""),"",C12) | P12: =IF(OR(B12="",G12="無",G12=""),"",C12)
I13: =IFERROR(VLOOKUP(B13,規格資料庫!$A$2:$E$162,4,FALSE()),"") | J13: =IFERROR(VLOOKUP(B13,規格資料庫!$A$2:$E$162,5,FALSE()),"") | K13: =IF(B13="","",VLOOKUP(B13,規格資料庫!$A$2:$E$162,3,FALSE())*C13) | L13: =IF(OR(E13="",J13="",J13=0),"",VLOOKUP(E13,規格資料庫!$A$2:$E$162,3,FALSE())*(1000/J13)*C13) | M13: =IF(F13="","",VLOOKUP(F13,規格資料庫!$A$2:$E$162,3,FALSE())*C13) | N13: =IF(OR(B13="",D13=""),"",C13*(D13-I13/2)/1000) | O13: =IF(OR(B13="",H13="否",H13=""),"",C13) | P13: =IF(OR(B13="",G13="無",G13=""),"",C13)
I14: =IFERROR(VLOOKUP(B14,規格資料庫!$A$2:$E$162,4,FALSE()),"") | J14: =IFERROR(VLOOKUP(B14,規格資料庫!$A$2:$E$162,5,FALSE()),"") | K14: =IF(B14="","",VLOOKUP(B14,規格資料庫!$A$2:$E$162,3,FALSE())*C14) | L14: =IF(OR(E14="",J14="",J14=0),"",VLOOKUP(E14,規格資料庫!$A$2:$E$162,3,FALSE())*(1000/J14)*C14) | M14: =IF(F14="","",VLOOKUP(F14,規格資料庫!$A$2:$E$162,3,FALSE())*C14) | N14: =IF(OR(B14="",D14=""),"",C14*(D14-I14/2)/1000) | O14: =IF(OR(B14="",H14="否",H14=""),"",C14) | P14: =IF(OR(B14="",G14="無",G14=""),"",C14)
A15: Deck合計 | K15: =SUM(K3:K14) -> 31680 | L15: =SUM(L3:L14) -> 4727.8689 | M15: =SUM(M3:M14) -> 2232 | N15: =SUM(N3:N14) -> 171.6 | O15: =SUM(O3:O14) -> 1500 | P15: =SUM(P3:P14) -> 1500 | Q15: =SUMIF(G3:G14,"防火漆1hr",P3:P14) -> 500 | R15: =SUMIF(G3:G14,"防火漆2hr",P3:P14) -> 1000

Sheet ❺ 鋼樓梯
A1: 線性件填長度(寬度留空)→kg/m。面積件填長度+寬度→kg/m²。塗裝長度留空=全塗。
A2: 樓梯編號 | B2: 構件名稱 | C2: ▼快速篩選 | D2: ▼規格 | E2: ▼材質 | F2: 長度(mm) | G2: 寬度(mm) 面積件填 | H2: 數量 | I2: ▼塗裝類型 | J2: 塗裝長度 (mm)空白=全塗 | K2: 單位重 | L2: 重量(kg) | M2: 塗裝面積 (m²)
A3: ST-1 | B3: 梯梁(斜梁) | C3: C | D3: C150×75 | E3: A36 | F3: 5000 | H3: 2 | I3: 防火漆1hr | K3: =IFERROR(VLOOKUP(D3,規格資料庫!$A$2:$E$162,3,FALSE()),"") -> 18.6 | L3: =IF(K3="","",IF(OR(G3="",G3=0),K3*F3/1000*H3,K3*F3/1000*G3/1000*H3)) -> 186 | M3: =IF(OR(D3="",I3="",I3="無"),"",IF(OR(G3="",G3=0),IFERROR(VLOOKUP(D3,規格資料庫!$A$2:$E$162,4,FALSE()),0)*IF(OR(J3="",J3=0),F3,J3)/1000*H3,IF(OR(J3="",J3=0),F3,J3)/1000*G3/1000*H3)) -> 5.87 | N3: =IFERROR(VLOOKUP(D3,規格資料庫!$A$2:$B$162,2,FALSE()),"") -> C
A4: ST-1 | B4: 踏板(格柵) | C4: GR | D4: 25×4.5 @30 溝距100 | E4: A36 | F4: 250 | G4: 1200 | H4: 12 | I4: 無 | K4: =IFERROR(VLOOKUP(D4,規格資料庫!$A$2:$E$162,3,FALSE()),"") -> 32 | L4: =IF(K4="","",IF(OR(G4="",G4=0),K4*F4/1000*H4,K4*F4/1000*G4/1000*H4)) -> 115.2 | M4: =IF(OR(D4="",I4="",I4="無"),"",IF(OR(G4="",G4=0),IFERROR(VLOOKUP(D4,規格資料庫!$A$2:$E$162,4,FALSE()),0)*IF(OR(J4="",J4=0),F4,J4)/1000*H4,IF(OR(J4="",J4=0),F4,J4)/1000*G4/1000*H4)) | N4: =IFERROR(VLOOKUP(D4,規格資料庫!$A$2:$B$162,2,FALSE()),"") -> GR
A5: ST-1 | B5: 平台板(鋼板) | C5: PL | D5: PL6 | E5: A36 | F5: 1500 | G5: 2000 | H5: 1 | I5: 防火漆1hr | K5: =IFERROR(VLOOKUP(D5,規格資料庫!$A$2:$E$162,3,FALSE()),"") -> 47.1 | L5: =IF(K5="","",IF(OR(G5="",G5=0),K5*F5/1000*H5,K5*F5/1000*G5/1000*H5)) -> 141.3 | M5: =IF(OR(D5="",I5="",I5="無"),"",IF(OR(G5="",G5=0),IFERROR(VLOOKUP(D5,規格資料庫!$A$2:$E$162,4,FALSE()),0)*IF(OR(J5="",J5=0),F5,J5)/1000*H5,IF(OR(J5="",J5=0),F5,J5)/1000*G5/1000*H5)) -> 3 | N5: =IFERROR(VLOOKUP(D5,規格資料庫!$A$2:$B$162,2,FALSE()),"") -> PL
A6: ST-1 | B6: 平台板WWM | C6: WWM | D6: φ4.0@100×100 | E6: A36 | F6: 1500 | G6: 2000 | H6: 1 | I6: 無 | K6: =IFERROR(VLOOKUP(D6,規格資料庫!$A$2:$E$162,3,FALSE()),"") -> 1.97 | L6: =IF(K6="","",IF(OR(G6="",G6=0),K6*F6/1000*H6,K6*F6/1000*G6/1000*H6)) -> 5.91 | M6: =IF(OR(D6="",I6="",I6="無"),"",IF(OR(G6="",G6=0),IFERROR(VLOOKUP(D6,規格資料庫!$A$2:$E$162,4,FALSE()),0)*IF(OR(J6="",J6=0),F6,J6)/1000*H6,IF(OR(J6="",J6=0),F6,J6)/1000*G6/1000*H6)) | N6: =IFERROR(VLOOKUP(D6,規格資料庫!$A$2:$B$162,2,FALSE()),"") -> WWM
A7: ST-1 | B7: 平台梁 | C7: C | D7: C150×75 | E7: A36 | F7: 2000 | H7: 2 | I7: 防火漆1hr | K7: =IFERROR(VLOOKUP(D7,規格資料庫!$A$2:$E$162,3,FALSE()),"") -> 18.6 | L7: =IF(K7="","",IF(OR(G7="",G7=0),K7*F7/1000*H7,K7*F7/1000*G7/1000*H7)) -> 74.4 | M7: =IF(OR(D7="",I7="",I7="無"),"",IF(OR(G7="",G7=0),IFERROR(VLOOKUP(D7,規格資料庫!$A$2:$E$162,4,FALSE()),0)*IF(OR(J7="",J7=0),F7,J7)/1000*H7,IF(OR(J7="",J7=0),F7,J7)/1000*G7/1000*H7)) -> 2.348 | N7: =IFERROR(VLOOKUP(D7,規格資料庫!$A$2:$B$162,2,FALSE()),"") -> C
A8: ST-2 | B8: 梯梁(斜梁) | C8: C | D8: C200×80 | E8: A36 | F8: 6000 | H8: 2 | I8: 防火漆2hr | K8: =IFERROR(VLOOKUP(D8,規格資料庫!$A$2:$E$162,3,FALSE()),"") -> 24.6 | L8: =IF(K8="","",IF(OR(G8="",G8=0),K8*F8/1000*H8,K8*F8/1000*G8/1000*H8)) -> 295.2 | M8: =IF(OR(D8="",I8="",I8="無"),"",IF(OR(G8="",G8=0),IFERROR(VLOOKUP(D8,規格資料庫!$A$2:$E$162,4,FALSE()),0)*IF(OR(J8="",J8=0),F8,J8)/1000*H8,IF(OR(J8="",J8=0),F8,J8)/1000*G8/1000*H8)) -> 8.46 | N8: =IFERROR(VLOOKUP(D8,規格資料庫!$A$2:$B$162,2,FALSE()),"") -> C
A9: ST-2 | B9: 踏板(花紋鋼板) | C9: CP | D9: CP6 | E9: A36 | F9: 250 | G9: 1200 | H9: 15 | I9: 無 | K9: =IFERROR(VLOOKUP(D9,規格資料庫!$A$2:$E$162,3,FALSE()),"") -> 49.3 | L9: =IF(K9="","",IF(OR(G9="",G9=0),K9*F9/1000*H9,K9*F9/1000*G9/1000*H9)) -> 221.85 | M9: =IF(OR(D9="",I9="",I9="無"),"",IF(OR(G9="",G9=0),IFERROR(VLOOKUP(D9,規格資料庫!$A$2:$E$162,4,FALSE()),0)*IF(OR(J9="",J9=0),F9,J9)/1000*H9,IF(OR(J9="",J9=0),F9,J9)/1000*G9/1000*H9)) | N9: =IFERROR(VLOOKUP(D9,規格資料庫!$A$2:$B$162,2,FALSE()),"") -> CP
A10: ST-2 | B10: 平台板(鋼板) | C10: PL | D10: PL6 | E10: A36 | F10: 1800 | G10: 2000 | H10: 2 | I10: 防火漆2hr | K10: =IFERROR(VLOOKUP(D10,規格資料庫!$A$2:$E$162,3,FALSE()),"") -> 47.1 | L10: =IF(K10="","",IF(OR(G10="",G10=0),K10*F10/1000*H10,K10*F10/1000*G10/1000*H10)) -> 339.12 | M10: =IF(OR(D10="",I10="",I10="無"),"",IF(OR(G10="",G10=0),IFERROR(VLOOKUP(D10,規格資料庫!$A$2:$E$162,4,FALSE()),0)*IF(OR(J10="",J10=0),F10,J10)/1000*H10,IF(OR(J10="",J10=0),F10,J10)/1000*G10/1000*H10)) -> 7.2 | N10: =IFERROR(VLOOKUP(D10,規格資料庫!$A$2:$B$162,2,FALSE()),"") -> PL
A11: ST-2 | B11: 平台梁 | C11: H | D11: H194×150 | E11: SN400B | F11: 2000 | H11: 2 | I11: 防火漆2hr | K11: =IFERROR(VLOOKUP(D11,規格資料庫!$A$2:$E$162,3,FALSE()),"") -> 29.9 | L11: =IF(K11="","",IF(OR(G11="",G11=0),K11*F11/1000*H11,K11*F11/1000*G11/1000*H11)) -> 119.6 | M11: =IF(OR(D11="",I11="",I11="無"),"",IF(OR(G11="",G11=0),IFERROR(VLOOKUP(D11,規格資料庫!$A$2:$E$162,4,FALSE()),0)*IF(OR(J11="",J11=0),F11,J11)/1000*H11,IF(OR(J11="",J11=0),F11,J11)/1000*G11/1000*H11)) -> 3.904 | N11: =IFERROR(VLOOKUP(D11,規格資料庫!$A$2:$B$162,2,FALSE()),"") -> H
K12: =IFERROR(VLOOKUP(D12,規格資料庫!$A$2:$E$162,3,FALSE()),"") | L12: =IF(K12="","",IF(OR(G12="",G12=0),K12*F12/1000*H12,K12*F12/1000*G12/1000*H12)) | M12: =IF(OR(D12="",I12="",I12="無"),"",IF(OR(G12="",G12=0),IFERROR(VLOOKUP(D12,規格資料庫!$A$2:$E$162,4,FALSE()),0)*IF(OR(J12="",J12=0),F12,J12)/1000*H12,IF(OR(J12="",J12=0),F12,J12)/1000*G12/1000*H12)) | N12: =IFERROR(VLOOKUP(D12,規格資料庫!$A$2:$B$162,2,FALSE()),"")
K13: =IFERROR(VLOOKUP(D13,規格資料庫!$A$2:$E$162,3,FALSE()),"") | L13: =IF(K13="","",IF(OR(G13="",G13=0),K13*F13/1000*H13,K13*F13/1000*G13/1000*H13)) | M13: =IF(OR(D13="",I13="",I13="無"),"",IF(OR(G13="",G13=0),IFERROR(VLOOKUP(D13,規格資料庫!$A$2:$E$162,4,FALSE()),0)*IF(OR(J13="",J13=0),F13,J13)/1000*H13,IF(OR(J13="",J13=0),F13,J13)/1000*G13/1000*H13)) | N13: =IFERROR(VLOOKUP(D13,規格資料庫!$A$2:$B$162,2,FALSE()),"")
K14: =IFERROR(VLOOKUP(D14,規格資料庫!$A$2:$E$162,3,FALSE()),"") | L14: =IF(K14="","",IF(OR(G14="",G14=0),K14*F14/1000*H14,K14*F14/1000*G14/1000*H14)) | M14: =IF(OR(D14="",I14="",I14="無"),"",IF(OR(G14="",G14=0),IFERROR(VLOOKUP(D14,規格資料庫!$A$2:$E$162,4,FALSE()),0)*IF(OR(J14="",J14=0),F14,J14)/1000*H14,IF(OR(J14="",J14=0),F14,J14)/1000*G14/1000*H14)) | N14: =IFERROR(VLOOKUP(D14,規格資料庫!$A$2:$B$162,2,FALSE()),"")
K15: =IFERROR(VLOOKUP(D15,規格資料庫!$A$2:$E$162,3,FALSE()),"") | L15: =IF(K15="","",IF(OR(G15="",G15=0),K15*F15/1000*H15,K15*F15/1000*G15/1000*H15)) | M15: =IF(OR(D15="",I15="",I15="無"),"",IF(OR(G15="",G15=0),IFERROR(VLOOKUP(D15,規格資料庫!$A$2:$E$162,4,FALSE()),0)*IF(OR(J15="",J15=0),F15,J15)/1000*H15,IF(OR(J15="",J15=0),F15,J15)/1000*G15/1000*H15)) | N15: =IFERROR(VLOOKUP(D15,規格資料庫!$A$2:$B$162,2,FALSE()),"")
K16: =IFERROR(VLOOKUP(D16,規格資料庫!$A$2:$E$162,3,FALSE()),"") | L16: =IF(K16="","",IF(OR(G16="",G16=0),K16*F16/1000*H16,K16*F16/1000*G16/1000*H16)) | M16: =IF(OR(D16="",I16="",I16="無"),"",IF(OR(G16="",G16=0),IFERROR(VLOOKUP(D16,規格資料庫!$A$2:$E$162,4,FALSE()),0)*IF(OR(J16="",J16=0),F16,J16)/1000*H16,IF(OR(J16="",J16=0),F16,J16)/1000*G16/1000*H16)) | N16: =IFERROR(VLOOKUP(D16,規格資料庫!$A$2:$B$162,2,FALSE()),"")
K17: =IFERROR(VLOOKUP(D17,規格資料庫!$A$2:$E$162,3,FALSE()),"") | L17: =IF(K17="","",IF(OR(G17="",G17=0),K17*F17/1000*H17,K17*F17/1000*G17/1000*H17)) | M17: =IF(OR(D17="",I17="",I17="無"),"",IF(OR(G17="",G17=0),IFERROR(VLOOKUP(D17,規格資料庫!$A$2:$E$162,4,FALSE()),0)*IF(OR(J17="",J17=0),F17,J17)/1000*H17,IF(OR(J17="",J17=0),F17,J17)/1000*G17/1000*H17)) | N17: =IFERROR(VLOOKUP(D17,規格資料庫!$A$2:$B$162,2,FALSE()),"")
K18: =IFERROR(VLOOKUP(D18,規格資料庫!$A$2:$E$162,3,FALSE()),"") | L18: =IF(K18="","",IF(OR(G18="",G18=0),K18*F18/1000*H18,K18*F18/1000*G18/1000*H18)) | M18: =IF(OR(D18="",I18="",I18="無"),"",IF(OR(G18="",G18=0),IFERROR(VLOOKUP(D18,規格資料庫!$A$2:$E$162,4,FALSE()),0)*IF(OR(J18="",J18=0),F18,J18)/1000*H18,IF(OR(J18="",J18=0),F18,J18)/1000*G18/1000*H18)) | N18: =IFERROR(VLOOKUP(D18,規格資料庫!$A$2:$B$162,2,FALSE()),"")
K19: =IFERROR(VLOOKUP(D19,規格資料庫!$A$2:$E$162,3,FALSE()),"") | L19: =IF(K19="","",IF(OR(G19="",G19=0),K19*F19/1000*H19,K19*F19/1000*G19/1000*H19)) | M19: =IF(OR(D19="",I19="",I19="無"),"",IF(OR(G19="",G19=0),IFERROR(VLOOKUP(D19,規格資料庫!$A$2:$E$162,4,FALSE()),0)*IF(OR(J19="",J19=0),F19,J19)/1000*H19,IF(OR(J19="",J19=0),F19,J19)/1000*G19/1000*H19)) | N19: =IFERROR(VLOOKUP(D19,規格資料庫!$A$2:$B$162,2,FALSE()),"")
K20: =IFERROR(VLOOKUP(D20,規格資料庫!$A$2:$E$162,3,FALSE()),"") | L20: =IF(K20="","",IF(OR(G20="",G20=0),K20*F20/1000*H20,K20*F20/1000*G20/1000*H20)) | M20: =IF(OR(D20="",I20="",I20="無"),"",IF(OR(G20="",G20=0),IFERROR(VLOOKUP(D20,規格資料庫!$A$2:$E$162,4,FALSE()),0)*IF(OR(J20="",J20=0),F20,J20)/1000*H20,IF(OR(J20="",J20=0),F20,J20)/1000*G20/1000*H20)) | N20: =IFERROR(VLOOKUP(D20,規格資料庫!$A$2:$B$162,2,FALSE()),"")
K21: =IFERROR(VLOOKUP(D21,規格資料庫!$A$2:$E$162,3,FALSE()),"") | L21: =IF(K21="","",IF(OR(G21="",G21=0),K21*F21/1000*H21,K21*F21/1000*G21/1000*H21)) | M21: =IF(OR(D21="",I21="",I21="無"),"",IF(OR(G21="",G21=0),IFERROR(VLOOKUP(D21,規格資料庫!$A$2:$E$162,4,FALSE()),0)*IF(OR(J21="",J21=0),F21,J21)/1000*H21,IF(OR(J21="",J21=0),F21,J21)/1000*G21/1000*H21)) | N21: =IFERROR(VLOOKUP(D21,規格資料庫!$A$2:$B$162,2,FALSE()),"")
K22: =IFERROR(VLOOKUP(D22,規格資料庫!$A$2:$E$162,3,FALSE()),"") | L22: =IF(K22="","",IF(OR(G22="",G22=0),K22*F22/1000*H22,K22*F22/1000*G22/1000*H22)) | M22: =IF(OR(D22="",I22="",I22="無"),"",IF(OR(G22="",G22=0),IFERROR(VLOOKUP(D22,規格資料庫!$A$2:$E$162,4,FALSE()),0)*IF(OR(J22="",J22=0),F22,J22)/1000*H22,IF(OR(J22="",J22=0),F22,J22)/1000*G22/1000*H22)) | N22: =IFERROR(VLOOKUP(D22,規格資料庫!$A$2:$B$162,2,FALSE()),"")
K23: =IFERROR(VLOOKUP(D23,規格資料庫!$A$2:$E$162,3,FALSE()),"") | L23: =IF(K23="","",IF(OR(G23="",G23=0),K23*F23/1000*H23,K23*F23/1000*G23/1000*H23)) | M23: =IF(OR(D23="",I23="",I23="無"),"",IF(OR(G23="",G23=0),IFERROR(VLOOKUP(D23,規格資料庫!$A$2:$E$162,4,FALSE()),0)*IF(OR(J23="",J23=0),F23,J23)/1000*H23,IF(OR(J23="",J23=0),F23,J23)/1000*G23/1000*H23)) | N23: =IFERROR(VLOOKUP(D23,規格資料庫!$A$2:$B$162,2,FALSE()),"")
... K32: =IFERROR(VLOOKUP(D32,規格資料庫!$A$2:$E$162,3,FALSE()),"") | L32: =IF(K32="","",IF(OR(G32="",G32=0),K32*F32/1000*H32,K32*F32/1000*G32/1000*H32)) | M32: =IF(OR(D32="",I32="",I32="無"),"",IF(OR(G32="",G32=0),IFERROR(VLOOKUP(D32,規格資料庫!$A$2:$E$162,4,FALSE()),0)*IF(OR(J32="",J32=0),F32,J32)/1000*H32,IF(OR(J32="",J32=0),F32,J32)/1000*G32/1000*H32)) | N32: =IFERROR(VLOOKUP(D32,規格資料庫!$A$2:$B$162,2,FALSE()),"")
A33: 樓梯合計 | L33: =SUM(L3:L32) -> 1498.58 | M33: =SUM(M3:M32) -> 30.782 | O33: =SUMIF(I3:I32,"油漆",M3:M32) -> 0 | P33: =SUMIF(I3:I32,"防火漆1hr",M3:M32) -> 11.218 | Q33: =SUMIF(I3:I32,"防火漆2hr",M3:M32) -> 19.564 | R33: =SUMIF(I3:I32,"防火批覆",M3:M32) -> 0 | S33: =SUMPRODUCT((E3:E32="SN400B")*IF(ISNUMBER(L3:L32),L3:L32,0)) -> 119.6 | T33: =SUMPRODUCT((E3:E32="A36")*IF(ISNUMBER(L3:L32),L3:L32,0)) -> 1378.98 | U33: =SUMPRODUCT((E3:E32="SN490B")*IF(ISNUMBER(L3:L32),L3:L32,0)) -> 0 | V33: =SUMPRODUCT((E3:E32="A572 Gr.50")*IF(ISNUMBER(L3:L32),L3:L32,0)) -> 0 | W33: =SUMPRODUCT((N3:N32="GR")*IF(ISNUMBER(L3:L32),L3:L32,0)) -> 115.2 | X33: =SUMPRODUCT((N3:N32="CP")*IF(ISNUMBER(L3:L32),L3:L32,0)) -> 221.85

Sheet ❻ 彙總報表
A1: 鋼構重量 / 塗裝面積 / 費用 彙總報表 v6
A2: 本表自動產出，請勿手動修改
A4: ▎ 一、鋼構重量（依鋼料分類）
A5: 鋼料類別 | B5: 區塊構件(kg) | C5: 零星構件(kg) | D5: 鋼樓梯(kg) | E5: 小計(kg) | F5: 小計(噸)
A6: SN400B | B6: ='❸ 樓層配置'!M19 -> 274933.73 | C6: ='❸ 樓層配置'!S39 -> 0 | D6: ='❺ 鋼樓梯'!S33 -> 119.6 | E6: =SUM(B6:D6) -> 275053.33 | F6: =E6/1000 -> 275.05333
A7: A36 | B7: ='❸ 樓層配置'!N19 -> 12504 | C7: ='❸ 樓層配置'!T39 -> 0 | D7: ='❺ 鋼樓梯'!T33 -> 1378.98 | E7: =SUM(B7:D7) -> 13882.98 | F7: =E7/1000 -> 13.88298
A8: SN490B | B8: ='❸ 樓層配置'!O19 -> 0 | C8: ='❸ 樓層配置'!U39 -> 0 | D8: ='❺ 鋼樓梯'!U33 -> 0 | E8: =SUM(B8:D8) -> 0 | F8: =E8/1000 -> 0
A9: A572 Gr.50 | B9: ='❸ 樓層配置'!P19 -> 0 | C9: ='❸ 樓層配置'!V39 -> 0 | D9: ='❺ 鋼樓梯'!V33 -> 0 | E9: =SUM(B9:D9) -> 0 | F9: =E9/1000 -> 0
A10: 鋼構小計 | B10: =SUM(B6:B9) -> 287437.73 | C10: =SUM(C6:C9) -> 0 | D10: =SUM(D6:D9) -> 1498.58 | E10: =SUM(E6:E9) -> 288936.31 | F10: =SUM(F6:F9) -> 288.93631
A12: ▎ 二、其他鋼板類重量
A13: 項目 | B13: 區塊+零星(kg) | C13: 鋼樓梯(kg) | D13: Deck(kg) | E13: 小計(kg) | F13: 小計(噸)
A14: 格柵(GR) | B14: ='❸ 樓層配置'!Q19+'❸ 樓層配置'!W39 -> 0 | C14: ='❺ 鋼樓梯'!W33 -> 115.2 | E14: =SUM(B14:D14) -> 115.2 | F14: =E14/1000 -> 0.1152
A15: 花紋鋼板(CP) | B15: ='❸ 樓層配置'!R19+'❸ 樓層配置'!X39 -> 0 | C15: ='❺ 鋼樓梯'!X33 -> 221.85 | E15: =SUM(B15:D15) -> 221.85 | F15: =E15/1000 -> 0.22185
A16: Deck鋼浪板 | D16: ='❹ Deck樓板'!K15 -> 31680 | E16: =SUM(B16:D16) -> 31680 | F16: =E16/1000 -> 31.68
A17: 鋼板類小計 | B17: =SUM(B14:B16) -> 0 | C17: =SUM(C14:C16) -> 337.05 | D17: =SUM(D14:D16) -> 31680 | E17: =SUM(E14:E16) -> 32017.05 | F17: =SUM(F14:F16) -> 32.01705
A19: ▎ 三、鋼材總重（一＋二）
A20: 項目 | E20: 重量(kg) | F20: 重量(噸)
A21: 鋼構(一) | E21: =E10 -> 288936.31 | F21: =E21/1000 -> 288.93631
A22: 鋼板類(二) | E22: =E17 -> 32017.05 | F22: =E22/1000 -> 32.01705
A23: 鋼材淨重 | E23: =E21+E22 -> 320953.36 | F23: =E23/1000 -> 320.95336
A24: 附加重量 | D24: ='❶ 專案資訊'!B9 -> 0.1 | E24: =E23*'❶ 專案資訊'!B9 -> 32095.336 | F24: =E24/1000 -> 32.095336
A25: 鋼材總重 | E25: =E23+E24 -> 353048.69 | F25: =E25/1000 -> 353.04869
A27: ▎ 四、電焊鋼絲網 WWM（獨立）
A28: 項目 | B28: Deck用(kg) | C28: 鋼樓梯用(kg) | E28: 小計(kg) | F28: 小計(噸)
A29: WWM | B29: ='❹ Deck樓板'!M15 -> 2232 | C29: =SUMPRODUCT(('❺ 鋼樓梯'!N3:N32="WWM")*IF(ISNUMBER('❺ 鋼樓梯'!L3:L32),'❺ 鋼樓梯'!L3:L32,0)) -> 5.91 | E29: =B29+C29 -> 2237.91 | F29: =E29/1000 -> 2.23791
A31: ▎ 五、底層筋（獨立）
A32: 項目 | E32: 重量(kg) | F32: 重量(噸)
A33: 底層筋 | E33: ='❹ Deck樓板'!L15 -> 4727.8689 | F33: =E33/1000 -> 4.7278689
A35: ▎ 六、RC混凝土
A36: 項目 | B36: 數量 | C36: 單位
A37: Deck灌漿體積 | B37: ='❹ Deck樓板'!N15 -> 171.6 | C37: m³
A39: ▎ 七、面積彙總
A40: 類型 | B40: 區塊(m²) | C40: 零星(m²) | D40: 樓梯(m²) | E40: Deck(m²) | F40: 總面積(m²)
A41: 油漆 | B41: ='❸ 樓層配置'!H19 -> 1999.164 | C41: ='❸ 樓層配置'!O39 -> 0 | D41: ='❺ 鋼樓梯'!O33 -> 0 | F41: =SUM(B41:E41) -> 1999.164
A42: 防火漆1hr | B42: ='❸ 樓層配置'!I19 -> 338.88 | C42: ='❸ 樓層配置'!P39 -> 0 | D42: ='❺ 鋼樓梯'!P33 -> 11.218 | E42: ='❹ Deck樓板'!Q15 -> 500 | F42: =SUM(B42:E42) -> 850.098
A43: 防火漆2hr | B43: ='❸ 樓層配置'!J19 -> 1209.6 | C43: ='❸ 樓層配置'!Q39 -> 0 | D43: ='❺ 鋼樓梯'!Q33 -> 19.564 | E43: ='❹ Deck樓板'!R15 -> 1000 | F43: =SUM(B43:E43) -> 2229.164
A44: 防火批覆 | B44: ='❸ 樓層配置'!K19 -> 0 | C44: ='❸ 樓層配置'!R39 -> 0 | D44: ='❺ 鋼樓梯'!R33 -> 0 | F44: =SUM(B44:E44) -> 0
A45: 粉光 | E45: ='❹ Deck樓板'!O15 -> 1500 | F45: =E45 -> 1500
A46: 面積總計 | B46: =SUM(B41:B45) -> 3547.644 | C46: =SUM(C41:C45) -> 0 | D46: =SUM(D41:D45) -> 30.782 | E46: =SUM(E41:E45) -> 3000 | F46: =SUM(F41:F45) -> 6578.426
A48: ▎ 八、費用估算
A49: 項目 | B49: 數量 | C49: 單位 | D49: 單價(元) | E49: 金額(元)
A50: 鋼材(含附加) | B50: =F25 -> 353.04869 | C50: 噸 | D50: ='❶ 專案資訊'!B10 -> 30000 | E50: =B50*D50 -> 10591461
A51: 油漆 | B51: =F41 -> 1999.164 | C51: m² | D51: ='❶ 專案資訊'!B11 -> 350 | E51: =B51*D51 -> 699707.4
A52: 防火漆1hr | B52: =F42 -> 850.098 | C52: m² | D52: ='❶ 專案資訊'!B12 -> 600 | E52: =B52*D52 -> 510058.8
A53: 防火漆2hr | B53: =F43 -> 2229.164 | C53: m² | D53: ='❶ 專案資訊'!B13 -> 1000 | E53: =B53*D53 -> 2229164
A54: 防火批覆 | B54: =F44 -> 0 | C54: m² | D54: ='❶ 專案資訊'!B14 -> 1200 | E54: =B54*D54 -> 0
A55: RC灌漿 | B55: =B37 -> 171.6 | C55: m³ | D55: ='❶ 專案資訊'!B15 -> 3500 | E55: =B55*D55 -> 600600
A56: 粉光 | B56: =F45 -> 1500 | C56: m² | D56: ='❶ 專案資訊'!B16 -> 250 | E56: =B56*D56 -> 375000
A57: WWM | B57: =F29 -> 2.23791 | C57: 噸 | D57: ='❶ 專案資訊'!B17 -> 35000 | E57: =B57*D57 -> 78326.85
A58: 底層筋 | B58: =F33 -> 4.7278689 | C58: 噸 | D58: ='❶ 專案資訊'!B18 -> 28000 | E58: =B58*D58 -> 132380.33
A59: 費用總計 | E59: =SUM(E50:E58) -> 15216698

Sheet 使用說明
A1: 鋼構重量計算模板 v6 — 使用說明
A3: ▎ 工作表順序
A4: ❶專案資訊 → ❷區塊定義 → ❸樓層配置 → ❹Deck → ❺鋼樓梯 → ❻彙總
A6: ▎ v6 更新重點
A7: 塗裝下拉擴充：油漆 / 防火漆1hr / 防火漆2hr / 防火批覆 / 無
A8: 新增「塗裝長度」欄：留空=全塗，填數字=只算填入長度的面積
A9: 適用場景：戶外管架柱下半截有2hr防火漆，上面沒有 → 塗裝長度填下半截長度
A10: Deck防火批覆改為防火漆，可選1hr/2hr/無
A11: 彙總報表：防火漆1hr和2hr獨立統計面積與費用
A13: ▎ 不同樓層防火時效不同的處理
A14: 建兩組相同構件但不同塗裝的區塊，例如：
A15: 區塊A(防火漆2hr) → 用在1F、2F
... A20: 黃色底=手動輸入 藍色底+▼=下拉選單 灰色底=自動計算

Sheet 篩選輔助
A1: H | B1: I | C1: C | D1: P | E1: L | F1: BOX | G1: GR | H1: CP | I1: PL | J1: WWM | K1: DK | L1: RB | M1: H100 | N1: H125 | O1: H150 | P1: H175 | Q1: H194 | R1: H200 | S1: H244 | T1: H248 | U1: H250 | V1: H294 | W1: H298 | X1: H300 | Y1: H340 | Z1: H346 | AA1: H350 | AB1: H390 | AC1: H394 | AD1: H396 | AE1: H400 | AF1: H446 | AG1: H450 | AH1: H482 | AI1: H488 | AJ1: H496 | AK1: H500 | AL1: H588 | AM1: H600 | AN1: H700 | AO1: H800 | AP1: H900 | AQ1: I100 | AR1: I125 | AS1: I150 | AT1: I200 | AU1: I250 | AV1: I300 | AW1: I350 | AX1: I400 | AY1: C75 | AZ1: C100 | BA1: C125 | BB1: C150 | BC1: C180 | BD1: C200 | BE1: C230 | BF1: C250 | BG1: C300 | BH1: C380 | BI1: P42.7 | BJ1: P48.6 | BK1: P60.5 | BL1: P76.3 | BM1: P89.1 | BN1: P101.6 | BO1: P114.3 | BP1: P139.8 | BQ1: P165.2 | BR1: P190.7 | BS1: P216.3 | BT1: P267.4 | BU1: P318.5 | BV1: P355.6 | BW1: P406.4 | BX1: P457.2 | BY1: P508.0 | BZ1: L50 | CA1: L65 | CB1: L75 | CC1: L90 | CD1: L100 | CE1: L125 | CF1: L130 | CG1: L150 | CH1: L200 | CI1: BOX100 | CJ1: BOX125 | CK1: BOX150 | CL1: BOX200 | CM1: BOX250 | CN1: BOX300 | CO1: BOX350 | CP1: BOX400 | CQ1: BOX500 | CR1: BOX600 | CS1: 25 | CT1: FB50 | CU1: FB65 | CV1: FB75 | CW1: FB90 | CX1: φ3.2@100 | CY1: φ3.2@150 | CZ1: φ4.0@100 | DA1: φ4.0@150 | DB1: φ4.0@200 | DC1: φ5.0@100 | DD1: φ5.0@150 | DE1: φ5.0@200 | DF1: φ6.0@100 | DG1: φ6.0@150 | DH1: φ6.0@200 | DI1: 3.0W | DJ1: 篩選清單
A2: H100×100 | B2: I100×68 | C2: C75×40 | D2: P42.7×2.3 | E2: L50×50×4 | F2: BOX100×100×3.2 | G2: 25×4.5 @30 溝距100 | H2: CP3.2 | I2: PL3.2 | J2: φ3.2@100×100 | K2: 3.0W-1.2mm | L2: #3(D10) | M2: H100×100 | N2: H125×125 | O2: H150×75 | P2: H175×175 | Q2: H194×150 | R2: H200×100 | S2: H244×175 | T2: H248×124 | U2: H250×125 | V2: H294×200 | W2: H298×149 | X2: H300×150 | Y2: H340×175 | Z2: H346×174 | AA2: H350×175 | AB2: H390×300 | AC2: H394×398 | AD2: H396×199 | AE2: H400×200 | AF2: H446×199 | AG2: H450×200 | AH2: H482×300 | AI2: H488×300 | AJ2: H496×199 | AK2: H500×200 | AL2: H588×300 | AM2: H600×200 | AN2: H700×300 | AO2: H800×300 | AP2: H900×300 | AQ2: I100×68 | AR2: I125×75 | AS2: I150×75 | AT2: I200×100 | AU2: I250×125 | AV2: I300×150 | AW2: I350×150 | AX2: I400×150 | AY2: C75×40 | AZ2: C100×50 | BA2: C125×65 | BB2: C150×75 | BC2: C180×75 | BD2: C200×80 | BE2: C230×80 | BF2: C250×90 | BG2: C300×90 | BH2: C380×100 | BI2: P42.7×2.3 | BJ2: P48.6×2.3 | BK2: P60.5×2.3 | BL2: P76.3×2.8 | BM2: P89.1×2.8 | BN2: P101.6×3.2 | BO2: P114.3×3.5 | BP2: P139.8×4.0 | BQ2: P165.2×4.5 | BR2: P190.7×5.3 | BS2: P216.3×5.8 | BT2: P267.4×6.6 | BU2: P318.5×6.9 | BV2: P355.6×7.9 | BW2: P406.4×9.5 | BX2: P457.2×9.5 | BY2: P508.0×9.5 | BZ2: L50×50×4 | CA2: L65×65×6 | CB2: L75×75×6 | CC2: L90×90×7 | CD2: L100×100×7 | CE2: L125×125×10 | CF2: L130×130×12 | CG2: L150×150×12 | CH2: L200×200×15 | CI2: BOX100×100×3.2 | CJ2: BOX125×125×4.5 | CK2: BOX150×150×4.5 | CL2: BOX200×200×6 | CM2: BOX250×250×6 | CN2: BOX300×300×9 | CO2: BOX350×350×12 | CP2: BOX400×400×12 | CQ2: BOX500×500×16 | CR2: BOX600×600×19 | CS2: 25×4.5 @30 溝距100 | CT2: FB50×6 水溝蓋 | CU2: FB65×6 水溝蓋 | CV2: FB75×6 水溝蓋 | CW2: FB90×6 水溝蓋 | CX2: φ3.2@100×100 | CY2: φ3.2@150×150 | CZ2: φ4.0@100×100 | DA2: φ4.0@150×150 | DB2: φ4.0@200×200 | DC2: φ5.0@100×100 | DD2: φ5.0@150×150 | DE2: φ5.0@200×200 | DF2: φ6.0@100×100 | DG2: φ6.0@150×150 | DH2: φ6.0@200×200 | DI2: 3.0W-1.2mm | DJ2: H
A3: H125×125 | B3: I125×75 | C3: C100×50 | D3: P48.6×2.3 | E3: L50×50×6 | F3: BOX100×100×4.5 | G3: FB50×6 水溝蓋 | H3: CP4.5 | I3: PL4.5 | J3: φ3.2@150×150 | L3: #4(D13) | O3: H150×150 | R3: H200×200 | S3: H244×252 | U3: H250×250 | V3: H294×302 | X3: H300×300 | Y3: H340×250 | AA3: H350×350 | AE3: H400×400 | AK3: H500×300 | AM3: H600×300 | BZ3: L50×50×6 | CA3: L65×65×8 | CB3: L75×75×9 | CC3: L90×90×10 | CD3: L100×100×10 | CG3: L150×150×15 | CH3: L200×200×20 | CI3: BOX100×100×4.5 | CJ3: BOX125×125×6 | CK3: BOX150×150×6 | CL3: BOX200×200×8 | CM3: BOX250×250×9 | CN3: BOX300×300×12 | CO3: BOX350×350×16 | CP3: BOX400×400×16 | CQ3: BOX500×500×19 | CR3: BOX600×600×22 | DJ3: I
A4: H150×75 | B4: I150×75 | C4: C125×65 | D4: P60.5×2.3 | E4: L65×65×6 | F4: BOX100×100×6 | G4: FB65×6 水溝蓋 | H4: CP6 | I4: PL6 | J4: φ4.0@100×100 | L4: #5(D16) | CD4: L100×100×13 | CI4: BOX100×100×6 | CK4: BOX150×150×9 | CL4: BOX200×200×9 | CM4: BOX250×250×12 | CN4: BOX300×300×16 | CP4: BOX400×400×19 | CQ4: BOX500×500×22 | DJ4: C
A5: H150×150 | B5: I200×100 | C5: C150×75 | D5: P76.3×2.8 | E5: L65×65×8 | F5: BOX125×125×4.5 | G5: FB75×6 水溝蓋 | H5: CP8 | I5: PL8 | J5: φ4.0@150×150 | CL5: BOX200×200×12 | CP5: BOX400×400×22 | DJ5: P
A6: H175×175 | B6: I250×125 | C6: C180×75 | D6: P89.1×2.8 | E6: L75×75×6 | F6: BOX125×125×6 | G6: FB90×6 水溝蓋 | H6: CP9 | I6: PL9 | J6: φ4.0@200×200 | DJ6: L
A7: H194×150 | B7: I300×150 | C7: C200×80 | D7: P101.6×3.2 | E7: L75×75×9 | F7: BOX150×150×4.5 | H7: CP10 | I7: PL10 | J7: φ5.0@100×100 | DJ7: BOX
A8: H200×100 | B8: I350×150 | C8: C230×80 | D8: P114.3×3.5 | E8: L90×90×7 | F8: BOX150×150×6 | H8: CP12 | I8: PL12 | J8: φ5.0@150×150 | DJ8: GR
A9: H200×200 | B9: I400×150 | C9: C250×90 | D9: P139.8×4.0 | E9: L90×90×10 | F9: BOX150×150×9 | I9: PL14 | J9: φ5.0@200×200 | DJ9: CP
A10: H244×175 | C10: C300×90 | D10: P165.2×4.5 | E10: L100×100×7 | F10: BOX200×200×6 | I10: PL16 | J10: φ6.0@100×100 | DJ10: PL
A11: H244×252 | C11: C380×100 | D11: P190.7×5.3 | E11: L100×100×10 | F11: BOX200×200×8 | I11: PL19 | J11: φ6.0@150×150 | DJ11: WWM
A12: H248×124 | D12: P216.3×5.8 | E12: L100×100×13 | F12: BOX200×200×9 | I12: PL22 | J12: φ6.0@200×200 | DJ12: DK
A13: H250×125 | D13: P267.4×6.6 | E13: L125×125×10 | F13: BOX200×200×12 | I13: PL25 | DJ13: RB
A14: H250×250 | D14: P318.5×6.9 | E14: L130×130×12 | F14: BOX250×250×6 | DJ14: H100
A15: H294×200 | D15: P355.6×7.9 | E15: L150×150×12 | F15: BOX250×250×9 | DJ15: H125
A16: H294×302 | D16: P406.4×9.5 | E16: L150×150×15 | F16: BOX250×250×12 | DJ16: H150
A17: H298×149 | D17: P457.2×9.5 | E17: L200×200×15 | F17: BOX300×300×9 | DJ17: H175
A18: H300×150 | D18: P508.0×9.5 | E18: L200×200×20 | F18: BOX300×300×12 | DJ18: H194
A19: H300×300 | F19: BOX300×300×16 | DJ19: H200
A20: H340×175 | F20: BOX350×350×12 | DJ20: H244
A21: H340×250 | F21: BOX350×350×16 | DJ21: H248
A22: H346×174 | F22: BOX400×400×12 | DJ22: H250
A23: H350×175 | F23: BOX400×400×16 | DJ23: H294
A24: H350×350 | F24: BOX400×400×19 | DJ24: H298
A25: H390×300 | F25: BOX400×400×22 | DJ25: H300
A26: H394×398 | F26: BOX500×500×16 | DJ26: H340
A27: H396×199 | F27: BOX500×500×19 | DJ27: H346
A28: H400×200 | F28: BOX500×500×22 | DJ28: H350
A29: H400×400 | F29: BOX600×600×19 | DJ29: H390
A30: H446×199 | F30: BOX600×600×22 | DJ30: H394
A31: H450×200 | DJ31: H396
A32: H482×300 | DJ32: H400
A33: H488×300 | DJ33: H446
A34: H496×199 | DJ34: H450
A35: H500×200 | DJ35: H482
A36: H500×300 | DJ36: H488
A37: H588×300 | DJ37: H496
A38: H600×200 | DJ38: H500
A39: H600×300 | DJ39: H588
A40: H700×300 | DJ40: H600
A41: H800×300 | DJ41: H700
A42: H900×300 | DJ42: H800
DJ43: H900
DJ44: I100
DJ45: I125
DJ46: I150
DJ47: I200
DJ48: I250
DJ49: I300
DJ50: I350
DJ51: I400
DJ52: C75
DJ53: C100
DJ54: C125
... DJ114: 3.0W

Sheet 規格資料庫
A1: 規格名稱 | B1: 斷面類型 | C1: 單位重 | D1: col4 | E1: col5 | F1: 單位
A2: H100×100 | B2: H | C2: 16.9 | D2: 0.588 | E2: 100 | F2: kg/m
A3: H125×125 | B3: H | C3: 23.6 | D3: 0.737 | E3: 125 | F3: kg/m
A4: H150×75 | B4: H | C4: 14 | D4: 0.59 | E4: 75 | F4: kg/m
A5: H150×150 | B5: H | C5: 31.1 | D5: 0.886 | E5: 150 | F5: kg/m
A6: H175×175 | B6: H | C6: 40.4 | D6: 1.035 | E6: 175 | F6: kg/m
A7: H194×150 | B7: H | C7: 29.9 | D7: 0.976 | E7: 150 | F7: kg/m
A8: H200×100 | B8: H | C8: 20.9 | D8: 0.789 | E8: 100 | F8: kg/m
A9: H200×200 | B9: H | C9: 49.9 | D9: 1.184 | E9: 200 | F9: kg/m
A10: H244×175 | B10: H | C10: 43.6 | D10: 1.174 | E10: 175 | F10: kg/m
A11: H244×252 | B11: H | C11: 64.4 | D11: 1.474 | E11: 252 | F11: kg/m
A12: H248×124 | B12: H | C12: 25.1 | D12: 0.982 | E12: 124 | F12: kg/m
A13: H250×125 | B13: H | C13: 29 | D13: 0.988 | E13: 125 | F13: kg/m
... A241: BOX900×900×50 | B241: BOX | C241: 1330 | D241: 3.6 | E241: 900 | F241: kg/m
